{"type":"FeatureCollection","features":[{"type":"Feature","properties":{"n":"Barking and Dagenham"},"geometry":{"type":"MultiPolygon","coordinates":[[[[0.09718,51.51566],[0.09751,51.51589],[0.09562,51.51699],[0.09531,51.51891],[0.09574,51.52011],[0.09283,51.52263],[0.09328,51.52469],[0.09217,51.52673],[0.09054,51.52609],[0.0898,51.52667],[0.08886,51.52686],[0.08578,51.52599],[0.08335,51.52711],[0.08102,51.52777],[0.07809,51.52967],[0.0764,51.52982],[0.07548,51.53191],[0.07396,51.5332],[0.07435,51.53378],[0.07337,51.53426],[0.07131,51.53723],[0.07045,51.5391],[0.06968,51.53878],[0.06947,51.53897],[0.06993,51.54085],[0.06893,51.54206],[0.06934,51.54252],[0.06927,51.54331],[0.06971,51.54407],[0.07148,51.54364],[0.07438,51.5439],[0.07683,51.54459],[0.07755,51.54453],[0.07804,51.54411],[0.08014,51.5448],[0.0816,51.5452],[0.08157,51.54555],[0.08627,51.54743],[0.0915,51.54826],[0.09172,51.54907],[0.09256,51.54961],[0.09234,51.54856],[0.09307,51.54644],[0.09349,51.54579],[0.09999,51.5485],[0.10472,51.55],[0.10742,51.55192],[0.10834,51.55222],[0.10845,51.55268],[0.11189,51.55261],[0.11343,51.5543],[0.11477,51.5553],[0.11275,51.55652],[0.11336,51.55732],[0.11718,51.55689],[0.11716,51.55739],[0.11896,51.55735],[0.12051,51.55854],[0.11751,51.55916],[0.11978,51.56249],[0.1189,51.56273],[0.11906,51.56307],[0.12481,51.56417],[0.12769,51.56611],[0.12939,51.56653],[0.12976,51.5689],[0.13049,51.57049],[0.13005,51.57076],[0.12988,51.5716],[0.13159,51.57184],[0.13094,51.57344],[0.12997,51.57306],[0.12945,51.57398],[0.12926,51.57629],[0.1316,51.57722],[0.13073,51.57908],[0.13126,51.57948],[0.13346,51.57995],[0.13259,51.58132],[0.12767,51.58164],[0.12986,51.58295],[0.12768,51.58171],[0.12806,51.58326],[0.12771,51.58392],[0.1273,51.58393],[0.12643,51.58671],[0.131,51.58752],[0.12956,51.59006],[0.1348,51.59256],[0.14659,51.59945],[0.14816,51.59905],[0.1476,51.59681],[0.14811,51.59678],[0.14809,51.5964],[0.14984,51.59701],[0.15106,51.59555],[0.15063,51.59195],[0.15117,51.5898],[0.15111,51.58708],[0.15065,51.58306],[0.14841,51.58075],[0.14748,51.58079],[0.14701,51.57568],[0.14402,51.5755],[0.14814,51.57562],[0.14793,51.57313],[0.14899,51.57323],[0.14932,51.57027],[0.14978,51.5697],[0.14667,51.56942],[0.14679,51.56877],[0.14877,51.56862],[0.14931,51.56816],[0.15078,51.56778],[0.1515,51.56798],[0.16188,51.5616],[0.16629,51.56321],[0.16835,51.56353],[0.17342,51.5651],[0.17686,51.5648],[0.17905,51.5649],[0.18338,51.56466],[0.18516,51.56552],[0.18511,51.5648],[0.18403,51.56391],[0.18273,51.56127],[0.18458,51.5602],[0.1848,51.55929],[0.18443,51.55796],[0.18505,51.55682],[0.18477,51.55643],[0.18571,51.55638],[0.1874,51.55535],[0.18791,51.55408],[0.19021,51.55268],[0.1896,51.55149],[0.18751,51.5502],[0.18602,51.54754],[0.18561,51.54716],[0.18235,51.54566],[0.18048,51.54412],[0.17967,51.54264],[0.17953,51.54096],[0.17898,51.54017],[0.17452,51.53814],[0.17197,51.53494],[0.17174,51.53389],[0.16994,51.53207],[0.16601,51.5288],[0.16456,51.52717],[0.15897,51.51359],[0.15869,51.51224],[0.15808,51.51201],[0.15171,51.51275],[0.14657,51.5141],[0.14649,51.51442],[0.14585,51.51432],[0.14507,51.51462],[0.14577,51.51448],[0.14551,51.51514],[0.14426,51.5155],[0.14374,51.51506],[0.13929,51.51762],[0.13628,51.51856],[0.1332,51.51908],[0.13243,51.51883],[0.12674,51.51957],[0.12265,51.51909],[0.11899,51.51815],[0.11429,51.51598],[0.11446,51.51574],[0.10883,51.51417],[0.10664,51.51395],[0.10179,51.51458],[0.10106,51.51445],[0.09906,51.51495],[0.09757,51.51586],[0.09718,51.51566]],[[0.07353,51.53756],[0.07133,51.53724],[0.07131,51.53723],[0.07353,51.53756]],[[0.08014,51.5448],[0.08648,51.54178],[0.09363,51.53767],[0.08645,51.5418],[0.08014,51.5448]],[[0.1315,51.56656],[0.1356,51.56665],[0.12939,51.56653],[0.1315,51.56656]],[[0.13695,51.56706],[0.13846,51.56775],[0.1356,51.56665],[0.13695,51.56706]],[[0.14341,51.56752],[0.13995,51.5678],[0.13846,51.56775],[0.14341,51.56752]],[[0.16868,51.55943],[0.16855,51.56155],[0.16835,51.56353],[0.16868,51.55943]],[[0.13002,51.56173],[0.12977,51.56164],[0.13026,51.56172],[0.13002,51.56173]],[[0.12925,51.56145],[0.12937,51.55906],[0.12925,51.56145],[0.12925,51.56145]],[[0.13112,51.55843],[0.13115,51.55882],[0.1311,51.55913],[0.13112,51.55843]],[[0.12517,51.56016],[0.12771,51.55675],[0.12699,51.55787],[0.12517,51.56016]],[[0.12435,51.56046],[0.12513,51.56015],[0.12483,51.55974],[0.12517,51.56016],[0.12435,51.56046]],[[0.12709,51.55553],[0.12716,51.55561],[0.12771,51.55675],[0.12709,51.55553]],[[0.12716,51.55561],[0.13398,51.55559],[0.14087,51.55573],[0.12716,51.55561]],[[0.12476,51.54649],[0.12391,51.54575],[0.13041,51.55134],[0.12476,51.54649]],[[0.13769,51.54781],[0.14053,51.54805],[0.13876,51.54802],[0.13769,51.54781]],[[0.1305,51.53874],[0.13249,51.5389],[0.13199,51.53894],[0.1305,51.53874]],[[0.12949,51.53729],[0.1297,51.53718],[0.12995,51.53733],[0.12949,51.53729]],[[0.12962,51.53427],[0.12962,51.53427],[0.13013,51.53457],[0.12962,51.53427]],[[0.12709,51.5343],[0.12743,51.53182],[0.12709,51.5343],[0.12709,51.5343]],[[0.11397,51.52953],[0.11846,51.52922],[0.11696,51.52936],[0.11397,51.52953]],[[0.12361,51.55123],[0.13031,51.55177],[0.1244,51.5513],[0.12361,51.55123]],[[0.10917,51.52181],[0.10847,51.52283],[0.10893,51.52213],[0.10917,51.52181]],[[0.09368,51.53768],[0.10097,51.53827],[0.10996,51.53901],[0.10571,51.53868],[0.09368,51.53768]],[[0.11235,51.53765],[0.11235,51.53769],[0.1114,51.53725],[0.11235,51.53765]],[[0.10065,51.53148],[0.08537,51.52885],[0.10859,51.53277],[0.10368,51.53205],[0.10065,51.53148]],[[0.09436,51.53317],[0.09462,51.53308],[0.10065,51.53148],[0.09436,51.53317]],[[0.10996,51.52502],[0.10393,51.52513],[0.10829,51.52499],[0.10996,51.52502]],[[0.11127,51.52368],[0.10677,51.52359],[0.11032,51.52366],[0.11127,51.52368]],[[0.10526,51.54316],[0.1059,51.54302],[0.10354,51.54364],[0.10526,51.54316]],[[0.07553,51.5384],[0.07654,51.53864],[0.07773,51.53916],[0.07553,51.5384]],[[0.08551,51.53703],[0.0826,51.53573],[0.08261,51.53573],[0.08551,51.53703]],[[0.08189,51.53902],[0.085,51.5379],[0.08189,51.53902],[0.08189,51.53902]],[[0.08124,51.53547],[0.07619,51.53361],[0.07873,51.53447],[0.08124,51.53547]],[[0.08268,51.53273],[0.08379,51.53314],[0.08471,51.53327],[0.08403,51.53323],[0.08268,51.53273]],[[0.08684,51.53119],[0.08592,51.53258],[0.08605,51.53225],[0.08684,51.53119]],[[0.08912,51.5325],[0.08937,51.53294],[0.089,51.53248],[0.08912,51.5325]],[[0.08303,51.53093],[0.08199,51.5304],[0.08144,51.53005],[0.08303,51.53093]],[[0.08136,51.53931],[0.08305,51.54069],[0.08066,51.53875],[0.08136,51.53931]],[[0.08105,51.54224],[0.07968,51.54134],[0.08028,51.5417],[0.08105,51.54224]],[[0.07353,51.5419],[0.07388,51.54155],[0.07323,51.54221],[0.07353,51.5419]],[[0.07777,51.54279],[0.07867,51.54328],[0.07714,51.54257],[0.07777,51.54279]],[[0.09659,51.54162],[0.09498,51.54086],[0.09419,51.54047],[0.09659,51.54162]],[[0.09782,51.54117],[0.09783,51.54122],[0.09727,51.54162],[0.09782,51.54117]],[[0.11587,51.54268],[0.11636,51.54226],[0.11612,51.54247],[0.11587,51.54268]],[[0.10921,51.54958],[0.11915,51.54788],[0.12195,51.54739],[0.11358,51.54889],[0.10921,51.54958]],[[0.12226,51.54803],[0.12244,51.54847],[0.12195,51.54739],[0.12226,51.54803]],[[0.11402,51.55044],[0.11363,51.54926],[0.11358,51.54889],[0.11402,51.55044]],[[0.11651,51.53546],[0.11856,51.5367],[0.11765,51.5363],[0.11651,51.53546]],[[0.12227,51.53438],[0.11571,51.53427],[0.12535,51.53433],[0.12227,51.53438]],[[0.12227,51.53438],[0.12214,51.53851],[0.12203,51.53991],[0.12227,51.53438]],[[0.12772,51.53883],[0.1258,51.53874],[0.12214,51.53851],[0.12772,51.53883]],[[0.11799,51.53963],[0.11497,51.5394],[0.12203,51.53991],[0.11799,51.53963]],[[0.11388,51.52674],[0.11408,51.52708],[0.11422,51.52737],[0.11388,51.52674]],[[0.11821,51.55132],[0.12041,51.55107],[0.1205,51.5511],[0.11821,51.55132]],[[0.12101,51.55565],[0.11931,51.55643],[0.12044,51.55586],[0.12101,51.55565]],[[0.12272,51.55622],[0.12103,51.55522],[0.12213,51.55577],[0.12272,51.55622]],[[0.13012,51.58446],[0.12974,51.58527],[0.13012,51.58446],[0.13012,51.58446]],[[0.14585,51.56388],[0.14541,51.5647],[0.14481,51.56558],[0.14585,51.56388]],[[0.14489,51.56163],[0.14543,51.56256],[0.14585,51.56388],[0.14489,51.56163]],[[0.14386,51.56151],[0.14385,51.56105],[0.1439,51.56172],[0.14386,51.56151]],[[0.147,51.55719],[0.14761,51.55859],[0.14699,51.55719],[0.147,51.55719]],[[0.14795,51.54592],[0.14851,51.54631],[0.14786,51.54593],[0.14708,51.54588],[0.14795,51.54592]],[[0.14959,51.54401],[0.14795,51.54425],[0.14731,51.54427],[0.14959,51.54401]],[[0.14804,51.54161],[0.14329,51.54131],[0.14793,51.5416],[0.14804,51.54161]],[[0.14873,51.53721],[0.14827,51.53752],[0.1477,51.53782],[0.14873,51.53721]],[[0.14817,51.53529],[0.14568,51.53515],[0.14675,51.5352],[0.14817,51.53529]],[[0.14827,51.53222],[0.14817,51.53545],[0.14817,51.53529],[0.14827,51.53222]],[[0.14971,51.55128],[0.1414,51.55093],[0.1428,51.55096],[0.14971,51.55128]],[[0.13457,51.55213],[0.13507,51.55159],[0.13462,51.55209],[0.13457,51.55213]],[[0.13627,51.55255],[0.13631,51.55227],[0.13632,51.55255],[0.13872,51.55344],[0.13627,51.55255]],[[0.13475,51.53411],[0.13422,51.53444],[0.13467,51.53412],[0.13222,51.53419],[0.13475,51.53411]],[[0.13948,51.5308],[0.13713,51.53157],[0.13964,51.5306],[0.13948,51.5308]],[[0.13705,51.5372],[0.13645,51.53744],[0.13705,51.53716],[0.13737,51.53825],[0.13705,51.5372]],[[0.14332,51.5484],[0.14308,51.54903],[0.14313,51.54864],[0.14238,51.54906],[0.14332,51.5484]],[[0.1424,51.55576],[0.14231,51.55844],[0.14237,51.55675],[0.1424,51.55576]],[[0.13464,51.56079],[0.13259,51.55951],[0.13435,51.56048],[0.13464,51.56079]],[[0.13622,51.56132],[0.14116,51.56113],[0.13622,51.56134],[0.13622,51.56132]],[[0.142,51.57225],[0.13655,51.57184],[0.13597,51.57174],[0.142,51.57225]],[[0.1479,51.56109],[0.15023,51.56137],[0.15001,51.56138],[0.1479,51.56109]],[[0.15211,51.54634],[0.15278,51.54588],[0.15278,51.54588],[0.15211,51.54634]],[[0.15032,51.54291],[0.14989,51.5418],[0.14989,51.5418],[0.15032,51.54291]],[[0.17138,51.545],[0.16154,51.54331],[0.15656,51.54247],[0.15722,51.54254],[0.17138,51.545]],[[0.16259,51.53846],[0.16328,51.53846],[0.16018,51.53851],[0.16259,51.53846]],[[0.15531,51.52987],[0.15469,51.52932],[0.15527,51.52973],[0.15531,51.52987]],[[0.15858,51.53452],[0.16072,51.53308],[0.164,51.53012],[0.16066,51.53319],[0.15858,51.53452]],[[0.16546,51.54166],[0.16538,51.5406],[0.16546,51.54144],[0.16546,51.54166]],[[0.155,51.55563],[0.15406,51.55567],[0.15545,51.55555],[0.155,51.55563]],[[0.16004,51.55404],[0.15975,51.55661],[0.15958,51.55708],[0.16004,51.55404]],[[0.1545,51.54755],[0.15383,51.5479],[0.15613,51.54666],[0.1545,51.54755]],[[0.15673,51.54835],[0.15579,51.54828],[0.15725,51.54831],[0.15673,51.54835]],[[0.16805,51.54731],[0.16626,51.54615],[0.16893,51.5478],[0.16805,51.54731]],[[0.15666,51.54487],[0.15732,51.54536],[0.15765,51.54583],[0.15666,51.54487]]],[[[0.06861,51.53622],[0.07104,51.53713],[0.07294,51.53451],[0.07289,51.53349],[0.07534,51.5312],[0.07574,51.52972],[0.07541,51.52989],[0.07283,51.52941],[0.07266,51.53123],[0.07138,51.53351],[0.06968,51.53615],[0.06861,51.53622]]],[[[0.06859,51.54209],[0.06901,51.5414],[0.06845,51.54074],[0.0694,51.54028],[0.06906,51.53884],[0.07049,51.53846],[0.07104,51.53713],[0.06806,51.53616],[0.06911,51.53734],[0.06696,51.53986],[0.06672,51.54115],[0.06835,51.54442],[0.06934,51.54416],[0.06859,51.54209]]],[[[0.06927,51.54331],[0.06924,51.54356],[0.06942,51.54372],[0.06927,51.54331]]]]}},{"type":"Feature","properties":{"n":"Barnet"},"geometry":{"type":"Polygon","coordinates":[[[-0.25437,51.58139],[-0.25164,51.58346],[-0.25034,51.58364],[-0.24826,51.58437],[-0.25256,51.58844],[-0.25753,51.59214],[-0.26922,51.60211],[-0.27392,51.60586],[-0.27487,51.60694],[-0.28123,51.61248],[-0.28394,51.61465],[-0.28632,51.61618],[-0.30393,51.63147],[-0.30539,51.63339],[-0.30555,51.6344],[-0.30446,51.63635],[-0.30355,51.63646],[-0.30272,51.63614],[-0.30241,51.63635],[-0.29985,51.63576],[-0.29721,51.63574],[-0.29624,51.63548],[-0.29438,51.63565],[-0.29187,51.63648],[-0.28779,51.63651],[-0.2855,51.63695],[-0.28388,51.63779],[-0.28139,51.63835],[-0.27861,51.63832],[-0.27648,51.63887],[-0.27371,51.63867],[-0.27416,51.6391],[-0.27303,51.64106],[-0.27102,51.63745],[-0.27307,51.64124],[-0.27282,51.64206],[-0.27019,51.64204],[-0.26825,51.64239],[-0.26834,51.64379],[-0.26546,51.64399],[-0.26431,51.64358],[-0.26308,51.64477],[-0.26134,51.64376],[-0.26071,51.64267],[-0.25838,51.64199],[-0.25733,51.64183],[-0.25617,51.64349],[-0.25144,51.64142],[-0.25549,51.64325],[-0.25405,51.64418],[-0.25156,51.64795],[-0.24986,51.65461],[-0.25079,51.65481],[-0.25124,51.65549],[-0.25058,51.65606],[-0.24935,51.65606],[-0.24787,51.65525],[-0.24363,51.65669],[-0.24137,51.6572],[-0.24099,51.65684],[-0.23797,51.65779],[-0.23828,51.65825],[-0.23647,51.65883],[-0.23471,51.659],[-0.23423,51.65825],[-0.22849,51.65997],[-0.22806,51.65859],[-0.22646,51.65716],[-0.22604,51.65763],[-0.21925,51.6608],[-0.2189,51.66006],[-0.2135,51.66233],[-0.21217,51.66134],[-0.20793,51.66284],[-0.21113,51.66695],[-0.20984,51.66756],[-0.20796,51.66659],[-0.20563,51.6686],[-0.20223,51.66781],[-0.20261,51.66931],[-0.20335,51.67013],[-0.19987,51.67017],[-0.19901,51.66821],[-0.19661,51.66815],[-0.19616,51.66853],[-0.19485,51.66831],[-0.19665,51.6655],[-0.19172,51.66451],[-0.19101,51.66395],[-0.18779,51.66788],[-0.1858,51.66851],[-0.18209,51.6686],[-0.18587,51.66284],[-0.16502,51.65823],[-0.16278,51.65797],[-0.16014,51.65667],[-0.15476,51.65553],[-0.1547,51.65503],[-0.15373,51.65461],[-0.15346,51.65331],[-0.15403,51.65315],[-0.15403,51.65256],[-0.15348,51.6527],[-0.15249,51.65137],[-0.15224,51.64985],[-0.15093,51.65001],[-0.14989,51.64879],[-0.15225,51.64799],[-0.15236,51.64765],[-0.15104,51.64721],[-0.15214,51.64583],[-0.15157,51.64565],[-0.15173,51.64536],[-0.14914,51.64524],[-0.14897,51.64407],[-0.14789,51.64208],[-0.14496,51.64248],[-0.14224,51.63952],[-0.14229,51.63932],[-0.1384,51.63651],[-0.13478,51.63483],[-0.13427,51.63442],[-0.13455,51.63385],[-0.13396,51.63405],[-0.13392,51.63361],[-0.13207,51.63282],[-0.12914,51.63227],[-0.12956,51.63142],[-0.13112,51.62966],[-0.13044,51.62938],[-0.13106,51.62908],[-0.1326,51.62705],[-0.13352,51.62635],[-0.13427,51.62408],[-0.13541,51.62221],[-0.13537,51.62179],[-0.14062,51.61773],[-0.14123,51.61766],[-0.14198,51.61619],[-0.14449,51.61549],[-0.14186,51.61282],[-0.13876,51.6102],[-0.14332,51.60888],[-0.14339,51.60779],[-0.14203,51.60367],[-0.14447,51.60052],[-0.14447,51.60013],[-0.15136,51.59745],[-0.15312,51.59962],[-0.15341,51.60069],[-0.15336,51.60208],[-0.15377,51.60322],[-0.15612,51.60511],[-0.15596,51.60545],[-0.15634,51.60536],[-0.1563,51.60566],[-0.16156,51.59789],[-0.16174,51.59702],[-0.16095,51.59483],[-0.15965,51.59227],[-0.15881,51.59233],[-0.15898,51.59177],[-0.15946,51.59158],[-0.15977,51.59056],[-0.15977,51.58976],[-0.16018,51.58973],[-0.16017,51.58805],[-0.15862,51.588],[-0.15862,51.58667],[-0.15741,51.58656],[-0.15715,51.58621],[-0.15792,51.5862],[-0.15798,51.58575],[-0.15959,51.58452],[-0.16532,51.58748],[-0.16137,51.5853],[-0.16573,51.58325],[-0.16616,51.58201],[-0.16662,51.58197],[-0.16724,51.58133],[-0.16687,51.57868],[-0.16806,51.57693],[-0.16932,51.57742],[-0.16955,51.57618],[-0.16946,51.57399],[-0.17116,51.57361],[-0.17126,51.57243],[-0.17344,51.5711],[-0.17427,51.5693],[-0.17805,51.57043],[-0.17829,51.57003],[-0.18095,51.56967],[-0.18081,51.56944],[-0.18354,51.56801],[-0.18379,51.5675],[-0.18699,51.56647],[-0.18982,51.56506],[-0.19035,51.56277],[-0.19089,51.56179],[-0.19456,51.56069],[-0.19691,51.56057],[-0.19679,51.55919],[-0.1982,51.55895],[-0.19964,51.55698],[-0.19939,51.55619],[-0.20575,51.55529],[-0.20598,51.55644],[-0.20885,51.55574],[-0.20994,51.55677],[-0.21157,51.5562],[-0.21344,51.55515],[-0.21785,51.55876],[-0.22215,51.56312],[-0.22655,51.56668],[-0.22937,51.56855],[-0.23342,51.57198],[-0.23448,51.5718],[-0.23556,51.57229],[-0.23542,51.57258],[-0.23591,51.57231],[-0.23764,51.57247],[-0.2377,51.57212],[-0.23816,51.57209],[-0.23783,51.57181],[-0.23823,51.57184],[-0.23883,51.57225],[-0.23998,51.57211],[-0.23999,51.5724],[-0.2411,51.57211],[-0.24136,51.57267],[-0.24227,51.57282],[-0.24248,51.57245],[-0.24404,51.57226],[-0.24431,51.57255],[-0.24514,51.5719],[-0.24597,51.5722],[-0.24665,51.57162],[-0.24598,51.57096],[-0.24653,51.56986],[-0.24603,51.56984],[-0.24657,51.56896],[-0.24736,51.56897],[-0.24706,51.56868],[-0.24733,51.56842],[-0.2485,51.5685],[-0.25004,51.56939],[-0.25174,51.57109],[-0.2527,51.57165],[-0.25301,51.57264],[-0.25133,51.57314],[-0.2526,51.57493],[-0.25451,51.57987],[-0.25437,51.58139]],[[-0.18709,51.57006],[-0.18714,51.57007],[-0.18354,51.56801],[-0.18709,51.57006]],[[-0.20856,51.65624],[-0.20848,51.65628],[-0.20934,51.65742],[-0.20856,51.65624]],[[-0.21801,51.64973],[-0.21625,51.65099],[-0.21543,51.65161],[-0.21801,51.64973]],[[-0.21312,51.64829],[-0.21355,51.64851],[-0.21284,51.6485],[-0.21354,51.64852],[-0.21443,51.64889],[-0.21312,51.64829]],[[-0.21,51.6431],[-0.2104,51.64294],[-0.21002,51.64308],[-0.20917,51.64216],[-0.21018,51.64346],[-0.21,51.6431]],[[-0.21085,51.64083],[-0.20745,51.64188],[-0.20909,51.64146],[-0.21085,51.64083]],[[-0.19617,51.62533],[-0.19378,51.62568],[-0.19417,51.62571],[-0.19617,51.62533]],[[-0.20252,51.62491],[-0.20252,51.62491],[-0.20092,51.62537],[-0.20252,51.62491]],[[-0.21977,51.62394],[-0.21786,51.62328],[-0.21651,51.62301],[-0.21977,51.62394]],[[-0.21635,51.60881],[-0.21647,51.6103],[-0.21639,51.609],[-0.21635,51.60881]],[[-0.20762,51.60499],[-0.20539,51.60402],[-0.20717,51.60489],[-0.20762,51.60499]],[[-0.21478,51.59748],[-0.21413,51.59771],[-0.2123,51.59865],[-0.21478,51.59748]],[[-0.19907,51.59374],[-0.20274,51.5946],[-0.19967,51.59388],[-0.19907,51.59374]],[[-0.18705,51.5932],[-0.1847,51.59448],[-0.18469,51.59449],[-0.18529,51.59417],[-0.18705,51.5932]],[[-0.19416,51.58981],[-0.1924,51.59034],[-0.19218,51.59045],[-0.19416,51.58981]],[[-0.1879,51.57589],[-0.18593,51.57664],[-0.18648,51.57645],[-0.1879,51.57589]],[[-0.19928,51.57343],[-0.19527,51.57177],[-0.18898,51.57066],[-0.19553,51.57195],[-0.19928,51.57343]],[[-0.24285,51.58031],[-0.24576,51.58249],[-0.24505,51.58191],[-0.24285,51.58031]],[[-0.23386,51.58031],[-0.23412,51.58153],[-0.23394,51.58063],[-0.23386,51.58031]],[[-0.23134,51.5787],[-0.22934,51.57884],[-0.23316,51.57866],[-0.23134,51.5787]],[[-0.22927,51.58466],[-0.2293,51.58399],[-0.22927,51.58466],[-0.22927,51.58466]],[[-0.22408,51.58299],[-0.22701,51.58277],[-0.22565,51.58279],[-0.22408,51.58299]],[[-0.21668,51.57763],[-0.21669,51.57796],[-0.21668,51.57763],[-0.21668,51.57763]],[[-0.21295,51.57805],[-0.21447,51.57871],[-0.21209,51.57749],[-0.21295,51.57805]],[[-0.20784,51.5782],[-0.21149,51.57689],[-0.21057,51.5771],[-0.20784,51.5782]],[[-0.21158,51.57409],[-0.21118,51.57431],[-0.21249,51.57386],[-0.21158,51.57409]],[[-0.20815,51.57258],[-0.21023,51.57207],[-0.21068,51.57195],[-0.20815,51.57258]],[[-0.21209,51.57322],[-0.20894,51.57017],[-0.21068,51.57195],[-0.21209,51.57322]],[[-0.20626,51.56652],[-0.20713,51.56769],[-0.2067,51.56709],[-0.20626,51.56652]],[[-0.20825,51.56637],[-0.21492,51.56294],[-0.2067,51.56709],[-0.20825,51.56637]],[[-0.21517,51.56324],[-0.21341,51.56098],[-0.21492,51.56294],[-0.21517,51.56324]],[[-0.21085,51.55983],[-0.21072,51.55965],[-0.21049,51.55938],[-0.21085,51.55983]],[[-0.24192,51.57816],[-0.24118,51.57766],[-0.24153,51.57801],[-0.24192,51.57816]],[[-0.22955,51.57186],[-0.22955,51.57186],[-0.2281,51.5716],[-0.22955,51.57186]],[[-0.21772,51.56684],[-0.21786,51.56699],[-0.21647,51.56488],[-0.21772,51.56684]],[[-0.2386,51.5779],[-0.23782,51.57683],[-0.23874,51.57822],[-0.2386,51.5779]],[[-0.23442,51.57563],[-0.23442,51.57562],[-0.23397,51.57579],[-0.23442,51.57563]],[[-0.24625,51.62451],[-0.24644,51.62487],[-0.24644,51.62487],[-0.24625,51.62451]],[[-0.24476,51.61714],[-0.24509,51.61755],[-0.24474,51.61684],[-0.24476,51.61714]],[[-0.25624,51.62037],[-0.24986,51.61374],[-0.24466,51.60833],[-0.24885,51.61275],[-0.25624,51.62037]],[[-0.24163,51.60007],[-0.24173,51.6008],[-0.24177,51.59787],[-0.24163,51.60007]],[[-0.24158,51.59717],[-0.24133,51.59738],[-0.24262,51.5968],[-0.24158,51.59717]],[[-0.24593,51.59678],[-0.24698,51.59661],[-0.24262,51.5968],[-0.24593,51.59678]],[[-0.27494,51.61362],[-0.27485,51.6136],[-0.27583,51.6141],[-0.27494,51.61362]],[[-0.25999,51.61689],[-0.25852,51.61644],[-0.25693,51.616],[-0.25999,51.61689]],[[-0.26246,51.60425],[-0.26434,51.60466],[-0.2637,51.60446],[-0.26246,51.60425]],[[-0.25814,51.60364],[-0.25674,51.60362],[-0.25923,51.60381],[-0.25814,51.60364]],[[-0.25077,51.59927],[-0.24832,51.5993],[-0.2474,51.59948],[-0.25077,51.59927]],[[-0.24732,51.60107],[-0.24732,51.60107],[-0.2474,51.59948],[-0.24732,51.60107]],[[-0.25701,51.5958],[-0.25701,51.5958],[-0.25588,51.59526],[-0.25701,51.5958]],[[-0.24953,51.59423],[-0.25216,51.59364],[-0.25001,51.594],[-0.24953,51.59423]],[[-0.2476,51.5938],[-0.24983,51.59522],[-0.25027,51.59501],[-0.24973,51.59516],[-0.2476,51.5938]],[[-0.25351,51.59085],[-0.25399,51.59162],[-0.25417,51.59191],[-0.25351,51.59085]],[[-0.24835,51.59105],[-0.24826,51.59134],[-0.24826,51.59134],[-0.24835,51.59105]],[[-0.25291,51.59772],[-0.25145,51.59654],[-0.25038,51.59584],[-0.25095,51.59628],[-0.25291,51.59772]],[[-0.2554,51.59676],[-0.25658,51.59606],[-0.25291,51.59772],[-0.2554,51.59676]],[[-0.25244,51.59533],[-0.25404,51.5959],[-0.25518,51.59602],[-0.25244,51.59533]],[[-0.26291,51.59754],[-0.26421,51.59853],[-0.26279,51.5973],[-0.26291,51.59754]],[[-0.24823,51.60809],[-0.2477,51.6072],[-0.24741,51.60693],[-0.24823,51.60809]],[[-0.27032,51.60838],[-0.27051,51.60832],[-0.26998,51.60844],[-0.27032,51.60838]],[[-0.26377,51.60952],[-0.26377,51.60952],[-0.26337,51.60919],[-0.26377,51.60952]],[[-0.25991,51.60709],[-0.2604,51.60717],[-0.26249,51.60736],[-0.25991,51.60709]],[[-0.25612,51.60629],[-0.2565,51.60691],[-0.25536,51.60623],[-0.25707,51.60748],[-0.25612,51.60629]],[[-0.25078,51.60114],[-0.24992,51.60278],[-0.25006,51.60261],[-0.25078,51.60114]],[[-0.26694,51.60639],[-0.26532,51.60674],[-0.26484,51.60684],[-0.26694,51.60639]],[[-0.27005,51.61063],[-0.27033,51.61154],[-0.27041,51.6117],[-0.27005,51.61063]],[[-0.26543,51.6118],[-0.26543,51.6118],[-0.26536,51.61236],[-0.26543,51.6118]],[[-0.26077,51.61005],[-0.26135,51.60994],[-0.25867,51.61038],[-0.26077,51.61005]],[[-0.28418,51.62297],[-0.28515,51.62324],[-0.28827,51.62375],[-0.28418,51.62297]],[[-0.27266,51.62883],[-0.27274,51.62871],[-0.27274,51.62769],[-0.27266,51.62883]],[[-0.26712,51.62763],[-0.26744,51.62854],[-0.26692,51.62684],[-0.26712,51.62763]],[[-0.26405,51.62836],[-0.26362,51.62851],[-0.26254,51.62892],[-0.26405,51.62836]],[[-0.27223,51.61861],[-0.27307,51.62074],[-0.27209,51.61814],[-0.27223,51.61861]],[[-0.26552,51.62161],[-0.2667,51.61806],[-0.26591,51.62009],[-0.26552,51.62161]],[[-0.27292,51.62673],[-0.27497,51.62673],[-0.27295,51.62668],[-0.27292,51.62673]],[[-0.21156,51.59108],[-0.21153,51.59103],[-0.20975,51.58957],[-0.21156,51.59108]],[[-0.21387,51.59037],[-0.21387,51.59037],[-0.21575,51.58986],[-0.21387,51.59037]],[[-0.21674,51.58851],[-0.22053,51.58818],[-0.21674,51.58851],[-0.21674,51.58851]],[[-0.21753,51.58676],[-0.21944,51.58642],[-0.21594,51.58688],[-0.21753,51.58676]],[[-0.21009,51.58523],[-0.21044,51.58467],[-0.21067,51.58414],[-0.21009,51.58523]],[[-0.23663,51.59471],[-0.23655,51.59592],[-0.2367,51.59446],[-0.23663,51.59471]],[[-0.23361,51.59425],[-0.23377,51.59368],[-0.23312,51.59372],[-0.23373,51.59381],[-0.23361,51.59425]],[[-0.21292,51.59354],[-0.21322,51.59374],[-0.21639,51.59491],[-0.21292,51.59354]],[[-0.23817,51.58907],[-0.23938,51.58425],[-0.23935,51.5839],[-0.23817,51.58907]],[[-0.22871,51.58815],[-0.23111,51.58836],[-0.22701,51.58778],[-0.22871,51.58815]],[[-0.23001,51.58528],[-0.23042,51.58544],[-0.22935,51.58472],[-0.23001,51.58528]],[[-0.22553,51.59383],[-0.22496,51.59388],[-0.22615,51.59387],[-0.22554,51.59383],[-0.22465,51.59139],[-0.22553,51.59383]],[[-0.23861,51.60187],[-0.23697,51.5988],[-0.23846,51.60172],[-0.23861,51.60187]],[[-0.24226,51.59566],[-0.24144,51.59476],[-0.24144,51.59476],[-0.24226,51.59566]],[[-0.22459,51.60044],[-0.22561,51.59894],[-0.22532,51.59935],[-0.22459,51.60044]],[[-0.22071,51.64573],[-0.2187,51.64458],[-0.21967,51.64518],[-0.22071,51.64573]],[[-0.20095,51.57099],[-0.19981,51.57157],[-0.20095,51.57099],[-0.20095,51.57099]],[[-0.19866,51.56305],[-0.19866,51.56282],[-0.19837,51.56332],[-0.19866,51.56305]],[[-0.19785,51.56503],[-0.19716,51.56486],[-0.19746,51.56457],[-0.19677,51.56496],[-0.19785,51.56503]],[[-0.19676,51.58184],[-0.19697,51.58152],[-0.19675,51.58184],[-0.19676,51.58184]],[[-0.20481,51.57618],[-0.2041,51.57571],[-0.203,51.57508],[-0.20481,51.57618]],[[-0.20234,51.57825],[-0.20447,51.57965],[-0.20396,51.57925],[-0.20234,51.57825]],[[-0.20049,51.58629],[-0.20036,51.58609],[-0.20039,51.58901],[-0.20049,51.58629]],[[-0.1998,51.58902],[-0.19977,51.58971],[-0.19977,51.58971],[-0.1998,51.58902]],[[-0.20715,51.58825],[-0.2031,51.58929],[-0.20511,51.58883],[-0.20715,51.58825]],[[-0.20013,51.58973],[-0.2006,51.58975],[-0.2031,51.58929],[-0.20013,51.58973]],[[-0.18188,51.62857],[-0.18395,51.62886],[-0.18331,51.62875],[-0.18188,51.62857]],[[-0.17473,51.6298],[-0.17615,51.63463],[-0.17592,51.63379],[-0.17473,51.6298]],[[-0.17378,51.62379],[-0.17465,51.62386],[-0.17642,51.62377],[-0.17378,51.62379]],[[-0.17475,51.62146],[-0.17417,51.62304],[-0.17459,51.62222],[-0.17475,51.62146]],[[-0.17678,51.61735],[-0.17668,51.61922],[-0.17663,51.62092],[-0.17678,51.61735]],[[-0.16893,51.61501],[-0.17049,51.61489],[-0.16985,51.61491],[-0.16893,51.61501]],[[-0.16622,51.61482],[-0.16877,51.61461],[-0.16785,51.61469],[-0.16622,51.61482]],[[-0.17564,51.60025],[-0.17346,51.60157],[-0.17596,51.60006],[-0.17564,51.60025]],[[-0.17707,51.59923],[-0.17936,51.59736],[-0.17596,51.60006],[-0.17707,51.59923]],[[-0.17332,51.59692],[-0.1739,51.59699],[-0.17372,51.59694],[-0.17332,51.59692]],[[-0.16714,51.59145],[-0.16795,51.5923],[-0.16772,51.59197],[-0.16714,51.59145]],[[-0.1656,51.59161],[-0.16623,51.59168],[-0.16714,51.59145],[-0.1656,51.59161]],[[-0.17299,51.5909],[-0.17217,51.59098],[-0.17171,51.59121],[-0.17299,51.5909]],[[-0.17615,51.58742],[-0.17453,51.58731],[-0.18053,51.58805],[-0.17615,51.58742]],[[-0.17586,51.58346],[-0.17711,51.5836],[-0.178,51.58366],[-0.17586,51.58346]],[[-0.17323,51.58424],[-0.1749,51.58436],[-0.17243,51.58402],[-0.17323,51.58424]],[[-0.19034,51.62191],[-0.19236,51.62036],[-0.19052,51.62169],[-0.19034,51.62191]],[[-0.18937,51.61516],[-0.19091,51.61256],[-0.18981,51.61422],[-0.18937,51.61516]],[[-0.19364,51.61103],[-0.19428,51.61063],[-0.19297,51.61121],[-0.19364,51.61103]],[[-0.18912,51.60671],[-0.18817,51.60631],[-0.18883,51.60662],[-0.18912,51.60671]],[[-0.19392,51.60111],[-0.19358,51.60139],[-0.19434,51.6008],[-0.19392,51.60111]],[[-0.2001,51.60424],[-0.20134,51.60476],[-0.19843,51.60351],[-0.2001,51.60424]],[[-0.19442,51.60575],[-0.19603,51.60386],[-0.19459,51.60548],[-0.19442,51.60575]],[[-0.20031,51.59808],[-0.19978,51.59818],[-0.19937,51.59837],[-0.20031,51.59808]],[[-0.19977,51.59856],[-0.20049,51.59878],[-0.19937,51.59837],[-0.19977,51.59856]],[[-0.21441,51.61218],[-0.21288,51.61219],[-0.21517,51.61237],[-0.21441,51.61218]],[[-0.20527,51.61028],[-0.20463,51.61129],[-0.2043,51.61184],[-0.20527,51.61028]],[[-0.17537,51.61012],[-0.17643,51.61019],[-0.17694,51.61019],[-0.17537,51.61012]],[[-0.17921,51.59221],[-0.17794,51.5918],[-0.18005,51.59249],[-0.17921,51.59221]],[[-0.17702,51.59207],[-0.17598,51.59247],[-0.17794,51.5918],[-0.17702,51.59207]],[[-0.17894,51.62185],[-0.17949,51.61952],[-0.17967,51.61864],[-0.17894,51.62185]],[[-0.18122,51.6167],[-0.17679,51.61635],[-0.17608,51.61645],[-0.18016,51.61664],[-0.18122,51.6167]],[[-0.179,51.61313],[-0.17841,51.61289],[-0.17939,51.61334],[-0.179,51.61313]],[[-0.18544,51.61314],[-0.18487,51.61372],[-0.18597,51.61367],[-0.18506,51.61362],[-0.18544,51.61314]],[[-0.18426,51.61626],[-0.18538,51.61616],[-0.18187,51.61619],[-0.18426,51.61626]],[[-0.18024,51.62507],[-0.18037,51.62467],[-0.17946,51.62625],[-0.18024,51.62507]],[[-0.19683,51.64652],[-0.20049,51.64615],[-0.19992,51.6462],[-0.19683,51.64652]],[[-0.20561,51.64565],[-0.20759,51.64509],[-0.20421,51.64593],[-0.20561,51.64565]],[[-0.20064,51.65297],[-0.20025,51.65299],[-0.20164,51.65296],[-0.20064,51.65297]],[[-0.16937,51.6288],[-0.16749,51.62851],[-0.16619,51.62849],[-0.16937,51.6288]],[[-0.16874,51.64085],[-0.16858,51.64064],[-0.16916,51.64164],[-0.16874,51.64085]],[[-0.17466,51.65293],[-0.1745,51.65224],[-0.17359,51.65014],[-0.17466,51.65293]],[[-0.17288,51.64875],[-0.17054,51.64422],[-0.17359,51.65014],[-0.17288,51.64875]],[[-0.18378,51.63959],[-0.18722,51.64409],[-0.18996,51.64766],[-0.18406,51.63995],[-0.18378,51.63959]],[[-0.17925,51.6445],[-0.18123,51.64533],[-0.17973,51.6447],[-0.17925,51.6445]],[[-0.18058,51.64077],[-0.18092,51.64136],[-0.18164,51.64205],[-0.18058,51.64077]],[[-0.18379,51.65325],[-0.18377,51.65296],[-0.18377,51.65418],[-0.18379,51.65325]],[[-0.16256,51.61645],[-0.16183,51.61555],[-0.16195,51.61581],[-0.16256,51.61645]],[[-0.16001,51.6151],[-0.15922,51.61317],[-0.15946,51.61382],[-0.16001,51.6151]],[[-0.16334,51.6053],[-0.16863,51.60339],[-0.16599,51.60422],[-0.16334,51.6053]],[[-0.16114,51.61077],[-0.16036,51.60959],[-0.16158,51.61179],[-0.16114,51.61077]],[[-0.1603,51.63159],[-0.16221,51.63358],[-0.16692,51.63844],[-0.1603,51.63159]],[[-0.15907,51.62907],[-0.15561,51.63044],[-0.15834,51.62939],[-0.15907,51.62907]],[[-0.153,51.6342],[-0.15019,51.63529],[-0.14973,51.63547],[-0.15013,51.63531],[-0.153,51.6342]],[[-0.13724,51.63376],[-0.13965,51.63492],[-0.1404,51.63511],[-0.13724,51.63376]],[[-0.13588,51.63339],[-0.13518,51.63363],[-0.13731,51.63311],[-0.13588,51.63339]],[[-0.14107,51.62532],[-0.14027,51.62498],[-0.1387,51.62446],[-0.14107,51.62532]],[[-0.1591,51.62203],[-0.15785,51.62199],[-0.1582,51.62203],[-0.1591,51.62203]],[[-0.15353,51.62335],[-0.15224,51.62284],[-0.1516,51.62277],[-0.15353,51.62335]],[[-0.1561,51.62736],[-0.15511,51.62635],[-0.15757,51.62901],[-0.1562,51.62742],[-0.15725,51.62714],[-0.1561,51.62736]],[[-0.145,51.62943],[-0.14348,51.62743],[-0.14454,51.62904],[-0.145,51.62943]],[[-0.16445,51.64344],[-0.16555,51.64367],[-0.16303,51.64296],[-0.16445,51.64344]],[[-0.16023,51.64126],[-0.16189,51.64053],[-0.16022,51.64126],[-0.16226,51.64288],[-0.16023,51.64126]],[[-0.16839,51.65102],[-0.16851,51.65068],[-0.16804,51.65135],[-0.16839,51.65102]]]}},{"type":"Feature","properties":{"n":"Bexley"},"geometry":{"type":"MultiPolygon","coordinates":[[[[0.09816,51.41846],[0.09241,51.42184],[0.08925,51.42394],[0.08272,51.43019],[0.0748,51.43226],[0.07612,51.43331],[0.07577,51.4337],[0.0763,51.434],[0.07591,51.43446],[0.07647,51.43487],[0.07505,51.43587],[0.07647,51.43688],[0.07787,51.43649],[0.07952,51.43889],[0.08009,51.43921],[0.0801,51.43967],[0.08084,51.44045],[0.08181,51.4398],[0.08149,51.44016],[0.08186,51.44],[0.08444,51.44201],[0.08286,51.44284],[0.08284,51.44329],[0.08324,51.44354],[0.08474,51.44261],[0.08741,51.44325],[0.08639,51.44509],[0.08738,51.44585],[0.08807,51.44745],[0.087,51.4501],[0.08573,51.45646],[0.08145,51.45777],[0.07866,51.45926],[0.08296,51.45984],[0.08229,51.4616],[0.08265,51.46364],[0.08227,51.46661],[0.08331,51.46645],[0.08486,51.46869],[0.08591,51.46943],[0.08903,51.47037],[0.0914,51.47207],[0.09319,51.47287],[0.0966,51.47326],[0.0983,51.47545],[0.10119,51.47494],[0.10209,51.47444],[0.10258,51.47488],[0.10306,51.47463],[0.10362,51.47464],[0.10492,51.47548],[0.10522,51.47525],[0.10574,51.4754],[0.10619,51.47501],[0.10769,51.476],[0.10825,51.47613],[0.1118,51.47319],[0.11227,51.47323],[0.11401,51.47513],[0.11558,51.47614],[0.11852,51.4789],[0.12056,51.47856],[0.12419,51.47682],[0.12209,51.48299],[0.1221,51.48556],[0.12154,51.48831],[0.12134,51.49084],[0.12111,51.49629],[0.12087,51.50579],[0.12056,51.51104],[0.12021,51.51145],[0.12466,51.51287],[0.12894,51.51322],[0.13222,51.51227],[0.13726,51.51001],[0.13746,51.51021],[0.14686,51.50667],[0.14792,51.50682],[0.148,51.50645],[0.14854,51.50645],[0.14945,51.50587],[0.14979,51.50586],[0.14991,51.5064],[0.15284,51.50637],[0.15395,51.50605],[0.16034,51.50548],[0.16459,51.50448],[0.16658,51.50345],[0.17002,51.50006],[0.17165,51.49772],[0.1725,51.48883],[0.17413,51.48678],[0.17454,51.48693],[0.17529,51.4861],[0.17489,51.48597],[0.17518,51.48526],[0.17607,51.48525],[0.17809,51.48354],[0.17763,51.48318],[0.17787,51.48302],[0.17834,51.48338],[0.18332,51.48115],[0.19031,51.47973],[0.19045,51.47903],[0.19085,51.47975],[0.19272,51.47977],[0.19302,51.47938],[0.19337,51.47935],[0.19551,51.47968],[0.19596,51.47946],[0.19728,51.47965],[0.19751,51.47947],[0.19708,51.47926],[0.19857,51.47968],[0.19894,51.47943],[0.19828,51.47932],[0.19744,51.47844],[0.19892,51.47926],[0.19929,51.48009],[0.20058,51.48007],[0.20012,51.47895],[0.19917,51.47862],[0.19937,51.47892],[0.19859,51.4783],[0.20009,51.47838],[0.20104,51.4788],[0.20215,51.47899],[0.20186,51.48019],[0.20322,51.48035],[0.20209,51.48028],[0.20226,51.4806],[0.20479,51.48084],[0.20286,51.4796],[0.20507,51.48089],[0.20555,51.48045],[0.20631,51.48072],[0.20635,51.48128],[0.20922,51.48182],[0.20961,51.48164],[0.21035,51.48248],[0.21168,51.48271],[0.21767,51.48041],[0.21672,51.48017],[0.21599,51.47949],[0.21642,51.47747],[0.21624,51.47809],[0.21627,51.47747],[0.21566,51.47686],[0.2119,51.47583],[0.21127,51.47528],[0.21136,51.47323],[0.20886,51.47175],[0.20823,51.47093],[0.21101,51.46843],[0.21095,51.46735],[0.20998,51.46557],[0.21024,51.4625],[0.2075,51.4616],[0.20444,51.45998],[0.20261,51.45835],[0.19907,51.45858],[0.19863,51.45846],[0.19725,51.45759],[0.19756,51.4575],[0.19837,51.45824],[0.19889,51.45799],[0.19802,51.45701],[0.19958,51.45838],[0.20303,51.45796],[0.20323,51.45761],[0.20261,51.45623],[0.20386,51.45592],[0.20272,51.45393],[0.20203,51.4541],[0.20139,51.45385],[0.20073,51.4529],[0.19909,51.45238],[0.19914,51.45214],[0.19597,51.45179],[0.19617,51.45223],[0.19585,51.45237],[0.19551,51.45202],[0.19502,51.45212],[0.19496,51.45182],[0.19417,51.45167],[0.19385,51.45195],[0.19302,51.4517],[0.19186,51.45069],[0.19101,51.44879],[0.18884,51.44912],[0.18844,51.44864],[0.18781,51.44868],[0.1874,51.44831],[0.18747,51.44688],[0.1841,51.44469],[0.18367,51.4448],[0.18283,51.44445],[0.18106,51.44414],[0.18087,51.44352],[0.17956,51.44312],[0.17874,51.44347],[0.176,51.442],[0.1728,51.4432],[0.1709,51.44121],[0.16656,51.43476],[0.16684,51.43195],[0.1661,51.43143],[0.16666,51.43125],[0.16652,51.43089],[0.16409,51.42854],[0.16392,51.42893],[0.16068,51.42968],[0.15984,51.4292],[0.15909,51.43022],[0.15863,51.43013],[0.15587,51.43088],[0.15541,51.42922],[0.15376,51.42752],[0.15332,51.42529],[0.15349,51.42349],[0.15285,51.4217],[0.15116,51.42043],[0.15463,51.41848],[0.15411,51.41777],[0.15106,51.41762],[0.1511,51.41492],[0.14916,51.41244],[0.14975,51.41166],[0.15377,51.41127],[0.15293,51.40871],[0.1516,51.40868],[0.14931,51.40914],[0.14883,51.40851],[0.13957,51.41153],[0.13235,51.41441],[0.12886,51.41497],[0.1255,51.41481],[0.12186,51.41378],[0.11888,51.41327],[0.1131,51.41293],[0.10891,51.41381],[0.10454,51.41525],[0.09816,51.41846]],[[0.11079,51.47075],[0.11173,51.47271],[0.1118,51.47319],[0.11079,51.47075]],[[0.12907,51.49639],[0.12766,51.49637],[0.12111,51.49629],[0.12907,51.49639]],[[0.13579,51.48483],[0.13483,51.4844],[0.13641,51.4851],[0.13579,51.48483]],[[0.13125,51.48017],[0.13094,51.47999],[0.13176,51.48041],[0.13125,51.48017]],[[0.13588,51.47362],[0.13532,51.47331],[0.13991,51.47525],[0.13588,51.47362]],[[0.13364,51.47257],[0.13603,51.4719],[0.13739,51.47165],[0.13606,51.47193],[0.13364,51.47257]],[[0.13382,51.4673],[0.13438,51.4688],[0.13485,51.47021],[0.13382,51.4673]],[[0.12902,51.46376],[0.12417,51.46389],[0.13606,51.46353],[0.12902,51.46376]],[[0.14064,51.46392],[0.14635,51.46448],[0.13606,51.46353],[0.14064,51.46392]],[[0.13139,51.45853],[0.13187,51.45845],[0.13056,51.45868],[0.13139,51.45853]],[[0.13335,51.45304],[0.1342,51.45337],[0.13492,51.45388],[0.13335,51.45304]],[[0.14261,51.44832],[0.14437,51.44835],[0.13554,51.44829],[0.14261,51.44832]],[[0.131,51.44338],[0.13112,51.44338],[0.13237,51.44395],[0.131,51.44338]],[[0.12205,51.4287],[0.12448,51.42766],[0.12248,51.42852],[0.12205,51.4287]],[[0.12397,51.4639],[0.1197,51.464],[0.11186,51.46421],[0.11562,51.46408],[0.12397,51.4639]],[[0.12226,51.45603],[0.11707,51.45738],[0.11748,51.45715],[0.12226,51.45603]],[[0.10368,51.4539],[0.10372,51.45393],[0.10044,51.45683],[0.10368,51.4539]],[[0.10746,51.45126],[0.10362,51.45205],[0.10518,51.45168],[0.10746,51.45126]],[[0.1052,51.45072],[0.10474,51.45087],[0.10359,51.45089],[0.1052,51.45072]],[[0.10582,51.43289],[0.10811,51.43335],[0.1057,51.43286],[0.10673,51.43223],[0.10582,51.43289]],[[0.11284,51.42691],[0.1122,51.42785],[0.11236,51.42749],[0.11284,51.42691]],[[0.11642,51.42384],[0.11376,51.42508],[0.11491,51.42447],[0.11642,51.42384]],[[0.09369,51.4457],[0.09515,51.44471],[0.09582,51.4443],[0.09369,51.4457]],[[0.09859,51.44394],[0.0997,51.44361],[0.09964,51.44369],[0.09859,51.44394]],[[0.08297,51.43092],[0.08431,51.43084],[0.08375,51.43087],[0.08297,51.43092]],[[0.10171,51.43079],[0.10214,51.4308],[0.10127,51.43079],[0.10171,51.43079]],[[0.10576,51.43002],[0.10615,51.43143],[0.10562,51.4296],[0.10576,51.43002]],[[0.10699,51.42808],[0.10599,51.42818],[0.10773,51.42791],[0.10699,51.42808]],[[0.09206,51.43178],[0.09129,51.43056],[0.09149,51.43076],[0.09206,51.43178]],[[0.09752,51.42713],[0.0967,51.42669],[0.09596,51.42622],[0.09752,51.42713]],[[0.10051,51.42701],[0.09948,51.42669],[0.10104,51.42701],[0.10051,51.42701]],[[0.09331,51.44229],[0.09382,51.44209],[0.09424,51.44195],[0.09331,51.44229]],[[0.09971,51.4436],[0.09999,51.44319],[0.10063,51.4425],[0.09971,51.4436]],[[0.09725,51.43765],[0.09335,51.43843],[0.09794,51.43749],[0.09725,51.43765]],[[0.09136,51.44447],[0.08885,51.44336],[0.09051,51.44397],[0.09136,51.44447]],[[0.10077,51.46467],[0.09434,51.46264],[0.08714,51.4604],[0.0906,51.46136],[0.10077,51.46467]],[[0.09121,51.46069],[0.09313,51.4587],[0.0906,51.46136],[0.09121,51.46069]],[[0.10063,51.46158],[0.10108,51.46299],[0.10016,51.46027],[0.10063,51.46158]],[[0.10195,51.45917],[0.10207,51.45947],[0.10194,51.45954],[0.10195,51.45917]],[[0.091,51.4545],[0.08757,51.45529],[0.09318,51.45396],[0.091,51.4545]],[[0.09405,51.45451],[0.0942,51.45447],[0.09377,51.45505],[0.09405,51.45451]],[[0.09289,51.46431],[0.09065,51.46359],[0.09235,51.46402],[0.09289,51.46431]],[[0.11307,51.44059],[0.11497,51.4397],[0.11286,51.44075],[0.11307,51.44059]],[[0.11791,51.42362],[0.12088,51.42168],[0.12023,51.42213],[0.11791,51.42362]],[[0.12522,51.43531],[0.12562,51.43534],[0.13147,51.43612],[0.12522,51.43531]],[[0.13013,51.44827],[0.11952,51.44939],[0.1233,51.44895],[0.13013,51.44827]],[[0.1242,51.44492],[0.12421,51.44458],[0.1242,51.44539],[0.1242,51.44492]],[[0.12532,51.47436],[0.12648,51.47477],[0.12943,51.47583],[0.12597,51.47459],[0.12532,51.47436]],[[0.11486,51.46931],[0.11294,51.46949],[0.11758,51.46904],[0.11486,51.46931]],[[0.12523,51.46797],[0.12483,51.46839],[0.12369,51.4685],[0.12472,51.4684],[0.12523,51.46797]],[[0.12693,51.47291],[0.12545,51.46873],[0.12625,51.47097],[0.12693,51.47291]],[[0.11855,51.47204],[0.11882,51.47138],[0.11873,51.47171],[0.11855,51.47204]],[[0.12913,51.49358],[0.12913,51.49358],[0.12919,51.49137],[0.12913,51.49358]],[[0.12992,51.50749],[0.1329,51.51007],[0.1288,51.50653],[0.12992,51.50749]],[[0.14981,51.49422],[0.13821,51.49393],[0.14139,51.4939],[0.14981,51.49422]],[[0.16808,51.48205],[0.16929,51.48242],[0.16735,51.48182],[0.16808,51.48205]],[[0.16181,51.47811],[0.15984,51.47879],[0.16113,51.47832],[0.16181,51.47811]],[[0.16399,51.46908],[0.1651,51.46852],[0.16332,51.46966],[0.16686,51.46581],[0.16399,51.46908]],[[0.16221,51.4561],[0.16247,51.45611],[0.15981,51.45619],[0.16221,51.4561]],[[0.15942,51.44515],[0.15618,51.44669],[0.15388,51.4476],[0.15942,51.44515]],[[0.16254,51.44428],[0.16656,51.44328],[0.15942,51.44515],[0.16254,51.44428]],[[0.13912,51.46756],[0.1395,51.46681],[0.13874,51.46886],[0.13912,51.46756]],[[0.14346,51.46757],[0.1476,51.46568],[0.14714,51.46601],[0.14346,51.46757]],[[0.14932,51.46467],[0.15748,51.46501],[0.15642,51.46506],[0.14932,51.46467]],[[0.15667,51.43241],[0.15589,51.43376],[0.15667,51.43207],[0.15667,51.43241]],[[0.14784,51.46],[0.14666,51.45982],[0.14875,51.46006],[0.14784,51.46]],[[0.14633,51.45641],[0.14334,51.45681],[0.14434,51.45667],[0.14633,51.45641]],[[0.15141,51.47086],[0.14555,51.4716],[0.15013,51.47095],[0.15141,51.47086]],[[0.15089,51.47152],[0.15152,51.47119],[0.1535,51.4707],[0.15089,51.47152]],[[0.14745,51.47496],[0.1514,51.47539],[0.14622,51.47483],[0.14745,51.47496]],[[0.14686,51.4855],[0.1445,51.48514],[0.14617,51.48527],[0.14686,51.4855]],[[0.13937,51.48768],[0.13865,51.48784],[0.13983,51.48736],[0.13937,51.48768]],[[0.141,51.48515],[0.13957,51.48559],[0.14165,51.48485],[0.141,51.48515]],[[0.14328,51.48405],[0.13856,51.48389],[0.14036,51.48382],[0.14328,51.48405]],[[0.18157,51.4642],[0.182,51.46419],[0.18735,51.46409],[0.18157,51.4642]],[[0.19241,51.46921],[0.19205,51.47112],[0.19196,51.47148],[0.19241,51.46921]],[[0.19363,51.47131],[0.19477,51.47157],[0.19205,51.47112],[0.19363,51.47131]],[[0.19145,51.47157],[0.18629,51.47171],[0.19196,51.47148],[0.19145,51.47157]],[[0.17207,51.45425],[0.17146,51.45429],[0.16797,51.4543],[0.17207,51.45425]],[[0.17784,51.46007],[0.17684,51.45915],[0.1795,51.46137],[0.17784,51.46007]],[[0.17941,51.4534],[0.17979,51.45287],[0.1792,51.45294],[0.17981,51.45283],[0.17941,51.4534]],[[0.18348,51.45072],[0.1832,51.45188],[0.18302,51.45241],[0.18348,51.45072]],[[0.18194,51.45023],[0.18182,51.4502],[0.18296,51.44984],[0.18194,51.45023]],[[0.19521,51.45686],[0.19555,51.45633],[0.19532,51.45685],[0.19521,51.45686]],[[0.17276,51.46259],[0.17118,51.4604],[0.17247,51.46212],[0.17276,51.46259]],[[0.16571,51.47669],[0.16692,51.47531],[0.16591,51.47666],[0.16678,51.47674],[0.16571,51.47669]],[[0.17498,51.47688],[0.17542,51.47702],[0.17308,51.47632],[0.17498,51.47688]],[[0.18137,51.47624],[0.18115,51.47379],[0.18088,51.47087],[0.18118,51.47285],[0.18137,51.47624]],[[0.17313,51.47125],[0.17323,51.47109],[0.17488,51.47059],[0.17313,51.47125]],[[0.18016,51.46793],[0.17926,51.46795],[0.17803,51.46798],[0.18016,51.46793]],[[0.18026,51.46746],[0.18025,51.46883],[0.18016,51.46793],[0.18026,51.46746]],[[0.17663,51.46589],[0.17691,51.4649],[0.17694,51.46527],[0.17663,51.46589]],[[0.16202,51.47164],[0.16455,51.47187],[0.16344,51.47186],[0.16202,51.47164]]],[[[0.19856,51.4583],[0.19874,51.45833],[0.1989,51.45816],[0.19856,51.4583]]],[[[0.199,51.45812],[0.19874,51.45833],[0.19929,51.45842],[0.199,51.45812]]],[[[0.20063,51.47981],[0.2013,51.48016],[0.2018,51.48003],[0.20205,51.47902],[0.20104,51.47883],[0.2001,51.47842],[0.19869,51.47833],[0.20013,51.47891],[0.20052,51.47975],[0.20112,51.47952],[0.20063,51.47981]]]]}},{"type":"Feature","properties":{"n":"Brent"},"geometry":{"type":"Polygon","coordinates":[[[-0.30744,51.53305],[-0.30635,51.53383],[-0.30587,51.53697],[-0.30579,51.53679],[-0.30594,51.53943],[-0.30471,51.53986],[-0.30855,51.54324],[-0.30807,51.54446],[-0.30894,51.54524],[-0.30716,51.54528],[-0.30798,51.54606],[-0.31147,51.54756],[-0.31253,51.54902],[-0.32224,51.55322],[-0.32794,51.5553],[-0.33556,51.55658],[-0.33489,51.55783],[-0.33396,51.55771],[-0.33399,51.55842],[-0.33119,51.56146],[-0.33031,51.56088],[-0.3313,51.56158],[-0.32967,51.56239],[-0.32822,51.56248],[-0.32865,51.56594],[-0.32961,51.56621],[-0.32972,51.56709],[-0.32505,51.56826],[-0.32515,51.56844],[-0.32213,51.56966],[-0.32486,51.57351],[-0.32548,51.57621],[-0.32668,51.57869],[-0.32374,51.57932],[-0.32002,51.58051],[-0.31707,51.58211],[-0.31314,51.58423],[-0.3053,51.58698],[-0.30142,51.58727],[-0.28253,51.58507],[-0.28225,51.58574],[-0.28353,51.58926],[-0.28476,51.59113],[-0.28564,51.5918],[-0.2904,51.59357],[-0.28605,51.59486],[-0.28577,51.59475],[-0.28544,51.59529],[-0.28292,51.59577],[-0.27649,51.59652],[-0.27693,51.5969],[-0.27265,51.59842],[-0.27128,51.59828],[-0.26713,51.60037],[-0.25806,51.59262],[-0.25221,51.58809],[-0.24826,51.58437],[-0.25034,51.58364],[-0.25164,51.58346],[-0.25437,51.58139],[-0.25451,51.57987],[-0.2526,51.57493],[-0.25133,51.57314],[-0.25301,51.57264],[-0.2527,51.57165],[-0.25174,51.57109],[-0.25004,51.56939],[-0.2485,51.5685],[-0.24733,51.56842],[-0.24706,51.56868],[-0.24736,51.56897],[-0.24657,51.56896],[-0.24603,51.56984],[-0.24653,51.56986],[-0.24598,51.57096],[-0.24665,51.57162],[-0.24597,51.5722],[-0.24514,51.5719],[-0.24431,51.57255],[-0.24404,51.57226],[-0.24248,51.57245],[-0.24227,51.57282],[-0.24136,51.57267],[-0.2411,51.57211],[-0.23999,51.5724],[-0.23998,51.57211],[-0.23883,51.57225],[-0.23823,51.57184],[-0.23783,51.57181],[-0.23816,51.57209],[-0.2377,51.57212],[-0.23764,51.57247],[-0.23591,51.57231],[-0.23542,51.57258],[-0.23556,51.57229],[-0.23448,51.5718],[-0.23342,51.57198],[-0.22937,51.56855],[-0.22655,51.56668],[-0.22063,51.56166],[-0.21672,51.55781],[-0.21344,51.55515],[-0.21224,51.55387],[-0.20839,51.5511],[-0.19146,51.53629],[-0.19287,51.53421],[-0.19235,51.53317],[-0.19286,51.53215],[-0.19654,51.52765],[-0.19778,51.5279],[-0.19819,51.53037],[-0.20197,51.53268],[-0.20309,51.53291],[-0.20812,51.53276],[-0.21082,51.53201],[-0.21528,51.53134],[-0.21512,51.53051],[-0.21524,51.52995],[-0.21581,51.52977],[-0.21601,51.52793],[-0.22364,51.52995],[-0.22309,51.53004],[-0.22542,51.53017],[-0.22767,51.52993],[-0.22776,51.53017],[-0.23143,51.53112],[-0.23449,51.5327],[-0.23729,51.53203],[-0.24387,51.53191],[-0.24637,51.5328],[-0.24713,51.53344],[-0.25038,51.53412],[-0.25112,51.5339],[-0.25232,51.53414],[-0.25603,51.53395],[-0.25642,51.53493],[-0.25779,51.53534],[-0.26003,51.53461],[-0.26468,51.53223],[-0.26493,51.53157],[-0.26678,51.53043],[-0.269,51.52974],[-0.26965,51.53],[-0.27039,51.52977],[-0.27057,51.53004],[-0.27717,51.52923],[-0.28046,51.52841],[-0.28568,51.52919],[-0.28937,51.53167],[-0.28402,51.53352],[-0.28363,51.53297],[-0.2816,51.53324],[-0.28113,51.53264],[-0.27938,51.53307],[-0.27797,51.53489],[-0.28251,51.53864],[-0.28669,51.53677],[-0.29318,51.535],[-0.2952,51.5349],[-0.29594,51.53532],[-0.29678,51.53516],[-0.29953,51.53325],[-0.30271,51.53198],[-0.30744,51.53305]],[[-0.31255,51.5776],[-0.3138,51.57894],[-0.31707,51.58211],[-0.31255,51.5776]],[[-0.26145,51.59153],[-0.25995,51.59192],[-0.25806,51.59262],[-0.26145,51.59153]],[[-0.21025,51.54747],[-0.20783,51.54713],[-0.20356,51.54681],[-0.21025,51.54747]],[[-0.25643,51.53742],[-0.25639,51.53698],[-0.25564,51.53399],[-0.25643,51.53742]],[[-0.29565,51.5379],[-0.29534,51.53753],[-0.29318,51.535],[-0.29565,51.5379]],[[-0.27275,51.59091],[-0.27621,51.59027],[-0.27276,51.5909],[-0.27248,51.59041],[-0.27365,51.59289],[-0.27275,51.59091]],[[-0.27577,51.58597],[-0.27355,51.58587],[-0.27389,51.58594],[-0.27577,51.58597]],[[-0.27166,51.57124],[-0.27004,51.5721],[-0.27233,51.57103],[-0.27166,51.57124]],[[-0.26829,51.56954],[-0.26796,51.5698],[-0.26682,51.57089],[-0.26829,51.56954]],[[-0.26514,51.56465],[-0.26448,51.56528],[-0.26448,51.56528],[-0.26514,51.56465]],[[-0.25267,51.55453],[-0.2496,51.55382],[-0.25455,51.5551],[-0.25267,51.55453]],[[-0.24994,51.55472],[-0.25016,51.55527],[-0.2496,51.55382],[-0.24994,51.55472]],[[-0.24898,51.54713],[-0.24744,51.54564],[-0.24926,51.54744],[-0.24898,51.54713]],[[-0.24906,51.54425],[-0.25009,51.54354],[-0.24966,51.54378],[-0.24906,51.54425]],[[-0.25198,51.54454],[-0.25149,51.54438],[-0.2514,51.54449],[-0.25198,51.54454]],[[-0.24794,51.5378],[-0.24381,51.53955],[-0.24761,51.538],[-0.24794,51.5378]],[[-0.24538,51.53617],[-0.24559,51.53642],[-0.24709,51.53746],[-0.24538,51.53617]],[[-0.24756,51.53563],[-0.24584,51.53605],[-0.24538,51.53617],[-0.24756,51.53563]],[[-0.29197,51.58099],[-0.29013,51.57975],[-0.29046,51.58061],[-0.29027,51.57995],[-0.29197,51.58099]],[[-0.29444,51.57642],[-0.29311,51.57701],[-0.29538,51.57602],[-0.29444,51.57642]],[[-0.29838,51.5732],[-0.2954,51.57336],[-0.2987,51.5733],[-0.29838,51.5732]],[[-0.29467,51.57219],[-0.29722,51.57282],[-0.29599,51.57242],[-0.29467,51.57219]],[[-0.28966,51.56054],[-0.29038,51.55968],[-0.29047,51.5595],[-0.28966,51.56054]],[[-0.29375,51.55464],[-0.29391,51.55548],[-0.2938,51.55472],[-0.29375,51.55464]],[[-0.29375,51.55464],[-0.2865,51.55433],[-0.29375,51.55464],[-0.29375,51.55464]],[[-0.2866,51.55354],[-0.28638,51.55474],[-0.2865,51.55433],[-0.2866,51.55354]],[[-0.29675,51.55295],[-0.29464,51.55225],[-0.29638,51.55286],[-0.29578,51.55291],[-0.29675,51.55295]],[[-0.29351,51.55226],[-0.29342,51.55212],[-0.29263,51.55123],[-0.29351,51.55226]],[[-0.27825,51.54882],[-0.27886,51.54903],[-0.27706,51.54826],[-0.27825,51.54882]],[[-0.2712,51.54917],[-0.27298,51.54716],[-0.2712,51.54917],[-0.2712,51.54917]],[[-0.27114,51.54673],[-0.27058,51.54753],[-0.27262,51.54495],[-0.27114,51.54673]],[[-0.27473,51.54382],[-0.27223,51.54461],[-0.27356,51.54429],[-0.27473,51.54382]],[[-0.27688,51.54196],[-0.27725,51.54146],[-0.27473,51.54382],[-0.27688,51.54196]],[[-0.32989,51.5606],[-0.32989,51.5606],[-0.32899,51.56159],[-0.32989,51.5606]],[[-0.31142,51.56538],[-0.3106,51.56501],[-0.31207,51.5658],[-0.31142,51.56538]],[[-0.30234,51.56036],[-0.30308,51.56159],[-0.30187,51.55958],[-0.30234,51.56036]],[[-0.2969,51.56208],[-0.29717,51.56181],[-0.29641,51.56255],[-0.2969,51.56208]],[[-0.29874,51.55126],[-0.29846,51.55058],[-0.29814,51.55001],[-0.29874,51.55126]],[[-0.29746,51.54646],[-0.29755,51.54682],[-0.29828,51.54638],[-0.29752,51.54671],[-0.29746,51.54646]],[[-0.29742,51.54635],[-0.29742,51.54635],[-0.29595,51.54665],[-0.29742,51.54635]],[[-0.29498,51.54391],[-0.29441,51.54367],[-0.29441,51.54367],[-0.29498,51.54391]],[[-0.29162,51.54285],[-0.29121,51.54268],[-0.2911,51.54276],[-0.29162,51.54285]],[[-0.30326,51.55955],[-0.3034,51.55732],[-0.30339,51.55717],[-0.30326,51.55955]],[[-0.3002,51.55704],[-0.29972,51.55718],[-0.3002,51.55704],[-0.3002,51.55704]],[[-0.2994,51.55673],[-0.29971,51.55719],[-0.29972,51.55718],[-0.2994,51.55673]],[[-0.31212,51.54914],[-0.31243,51.54928],[-0.30778,51.54703],[-0.31212,51.54914]],[[-0.30116,51.54937],[-0.30068,51.54614],[-0.30089,51.5477],[-0.30116,51.54937]],[[-0.29811,51.54122],[-0.29927,51.54049],[-0.3005,51.53973],[-0.29938,51.54038],[-0.29811,51.54122]],[[-0.29686,51.54421],[-0.29687,51.54422],[-0.29811,51.54122],[-0.29686,51.54421]],[[-0.32651,51.55891],[-0.32979,51.56054],[-0.3293,51.56021],[-0.32651,51.55891]],[[-0.32198,51.55741],[-0.32226,51.55698],[-0.32131,51.55795],[-0.32198,51.55741]],[[-0.31639,51.55674],[-0.31096,51.55802],[-0.30909,51.55819],[-0.3103,51.55818],[-0.31639,51.55674]],[[-0.30691,51.568],[-0.30686,51.56792],[-0.30818,51.57018],[-0.30691,51.568]],[[-0.28798,51.54022],[-0.29083,51.53905],[-0.28927,51.53967],[-0.28798,51.54022]],[[-0.28651,51.54554],[-0.28591,51.54525],[-0.28547,51.54509],[-0.28651,51.54554]],[[-0.28713,51.54434],[-0.28826,51.54454],[-0.28787,51.54434],[-0.28713,51.54434]],[[-0.28574,51.58166],[-0.28234,51.58445],[-0.28323,51.58378],[-0.28574,51.58166]],[[-0.27866,51.56327],[-0.28274,51.56479],[-0.27899,51.56335],[-0.27866,51.56327]],[[-0.27443,51.55226],[-0.275,51.55239],[-0.2732,51.55199],[-0.27443,51.55226]],[[-0.27559,51.55623],[-0.27759,51.55484],[-0.27755,51.55485],[-0.27559,51.55623]],[[-0.27762,51.55431],[-0.27595,51.55448],[-0.27749,51.55433],[-0.27755,51.55485],[-0.27762,51.55431]],[[-0.2827,51.55718],[-0.2848,51.5577],[-0.2848,51.5577],[-0.2827,51.55718]],[[-0.28379,51.55913],[-0.28444,51.55931],[-0.28386,51.5591],[-0.28428,51.55852],[-0.28379,51.55913]],[[-0.2792,51.55859],[-0.27546,51.55857],[-0.27859,51.55859],[-0.2792,51.55859]],[[-0.28616,51.55549],[-0.28629,51.55601],[-0.28705,51.55721],[-0.28616,51.55549]],[[-0.28557,51.56686],[-0.28545,51.56677],[-0.28602,51.56724],[-0.28557,51.56686]],[[-0.26885,51.56532],[-0.2696,51.56512],[-0.26683,51.56558],[-0.26885,51.56532]],[[-0.28997,51.57547],[-0.29062,51.57548],[-0.28933,51.57545],[-0.28997,51.57547]],[[-0.26134,51.53995],[-0.26405,51.54117],[-0.26376,51.54098],[-0.26134,51.53995]],[[-0.2603,51.53748],[-0.25924,51.53817],[-0.25998,51.53778],[-0.2603,51.53748]],[[-0.26018,51.54124],[-0.26088,51.54161],[-0.25949,51.54084],[-0.26018,51.54124]],[[-0.25655,51.53893],[-0.25652,51.54116],[-0.25665,51.54015],[-0.25655,51.53893]],[[-0.25475,51.5362],[-0.25299,51.53544],[-0.25264,51.53535],[-0.25475,51.5362]],[[-0.25966,51.54521],[-0.25963,51.54392],[-0.25949,51.54267],[-0.25966,51.54521]],[[-0.25817,51.54815],[-0.25784,51.54784],[-0.25662,51.54701],[-0.25817,51.54815]],[[-0.25499,51.54603],[-0.25544,51.54529],[-0.25585,51.54412],[-0.25499,51.54603]],[[-0.2561,51.54341],[-0.2563,51.54285],[-0.25637,51.54231],[-0.2561,51.54341]],[[-0.26092,51.55092],[-0.26084,51.54957],[-0.26092,51.55093],[-0.26092,51.55092]],[[-0.26099,51.55217],[-0.26116,51.55258],[-0.26095,51.55142],[-0.26099,51.55217]],[[-0.24539,51.56706],[-0.24539,51.56706],[-0.24877,51.56592],[-0.24539,51.56706]],[[-0.25204,51.56294],[-0.25051,51.56482],[-0.25087,51.5646],[-0.25204,51.56294]],[[-0.26048,51.58415],[-0.26221,51.58396],[-0.26082,51.58406],[-0.26048,51.58415]],[[-0.25995,51.57174],[-0.25936,51.57022],[-0.25995,51.57174],[-0.25995,51.57174]],[[-0.25971,51.56509],[-0.26139,51.56391],[-0.26211,51.56325],[-0.25971,51.56509]],[[-0.26227,51.57422],[-0.26216,51.57371],[-0.26233,51.57451],[-0.26227,51.57422]],[[-0.25619,51.57589],[-0.25459,51.57599],[-0.2574,51.57585],[-0.25619,51.57589]],[[-0.25715,51.58939],[-0.26182,51.58875],[-0.25918,51.589],[-0.25715,51.58939]],[[-0.26028,51.58617],[-0.25881,51.58633],[-0.25944,51.58633],[-0.26028,51.58617]],[[-0.25698,51.58618],[-0.2555,51.58495],[-0.25613,51.58552],[-0.25698,51.58618]],[[-0.26506,51.58517],[-0.26432,51.5848],[-0.26372,51.58464],[-0.26506,51.58517]],[[-0.26639,51.59217],[-0.26802,51.59386],[-0.26776,51.59357],[-0.26639,51.59217]],[[-0.23922,51.5558],[-0.23937,51.55602],[-0.23914,51.55555],[-0.23922,51.5558]],[[-0.24003,51.55615],[-0.24256,51.55644],[-0.23937,51.55602],[-0.24003,51.55615]],[[-0.24298,51.55254],[-0.23325,51.55104],[-0.23328,51.55062],[-0.23318,51.55103],[-0.22878,51.55032],[-0.22659,51.55],[-0.22817,51.55023],[-0.23394,51.55115],[-0.24298,51.55254]],[[-0.24168,51.55102],[-0.24167,51.55102],[-0.24298,51.55254],[-0.24168,51.55102]],[[-0.222,51.54931],[-0.222,51.54931],[-0.22229,51.54874],[-0.222,51.54931]],[[-0.22777,51.547],[-0.2286,51.54686],[-0.2286,51.54686],[-0.22777,51.547]],[[-0.22615,51.5465],[-0.22615,51.5465],[-0.22646,51.54596],[-0.22615,51.5465]],[[-0.23097,51.53679],[-0.22857,51.5396],[-0.22748,51.54091],[-0.23097,51.53679]],[[-0.2219,51.53792],[-0.22551,51.54156],[-0.2219,51.53792],[-0.2219,51.53792]],[[-0.22118,51.53611],[-0.2225,51.53722],[-0.22221,51.53693],[-0.22118,51.53611]],[[-0.22625,51.53321],[-0.22649,51.53438],[-0.22667,51.5347],[-0.22625,51.53321]],[[-0.24588,51.54475],[-0.24588,51.54475],[-0.2467,51.54433],[-0.24588,51.54475]],[[-0.23868,51.54654],[-0.24069,51.54827],[-0.24033,51.54794],[-0.23868,51.54654]],[[-0.23524,51.54607],[-0.23575,51.54459],[-0.23526,51.54595],[-0.23486,51.54595],[-0.23524,51.54607]],[[-0.23492,51.53397],[-0.23624,51.5345],[-0.23388,51.53341],[-0.23492,51.53397]],[[-0.24297,51.53391],[-0.24219,51.53374],[-0.24274,51.53392],[-0.24297,51.53391]],[[-0.23934,51.53931],[-0.23614,51.53886],[-0.23824,51.53918],[-0.23934,51.53931]],[[-0.24225,51.54916],[-0.2455,51.54917],[-0.2442,51.54909],[-0.24225,51.54916]],[[-0.23344,51.54898],[-0.23451,51.54898],[-0.2338,51.54889],[-0.23344,51.54898]],[[-0.2323,51.54849],[-0.23181,51.54747],[-0.23164,51.54713],[-0.2323,51.54849]],[[-0.23112,51.54871],[-0.23073,51.54881],[-0.2323,51.54849],[-0.23112,51.54871]],[[-0.22996,51.55476],[-0.22989,51.55458],[-0.22881,51.55241],[-0.22996,51.55476]],[[-0.22877,51.55484],[-0.23061,51.55479],[-0.22996,51.55476],[-0.22877,51.55484]],[[-0.22097,51.55675],[-0.22352,51.55715],[-0.22305,51.55824],[-0.22378,51.55673],[-0.22357,51.55715],[-0.22097,51.55675]],[[-0.24114,51.5669],[-0.23938,51.56466],[-0.23991,51.56452],[-0.23934,51.56465],[-0.24114,51.5669]],[[-0.23694,51.56019],[-0.23562,51.56047],[-0.23541,51.56052],[-0.23694,51.56019]],[[-0.2321,51.56273],[-0.23158,51.56288],[-0.23111,51.56327],[-0.2321,51.56273]],[[-0.22288,51.56132],[-0.22451,51.56062],[-0.22834,51.55863],[-0.22288,51.56132]],[[-0.24587,51.5627],[-0.24648,51.56167],[-0.24608,51.56225],[-0.24587,51.5627]],[[-0.20574,51.53624],[-0.20207,51.53778],[-0.20239,51.53765],[-0.20574,51.53624]],[[-0.19757,51.53662],[-0.19678,51.53567],[-0.19668,51.53569],[-0.19728,51.53631],[-0.19757,51.53662]],[[-0.19671,51.53301],[-0.1981,51.53289],[-0.19315,51.53294],[-0.19671,51.53301]],[[-0.19745,51.53236],[-0.19766,51.53169],[-0.19749,51.53193],[-0.19745,51.53236]],[[-0.21988,51.53218],[-0.21974,51.53194],[-0.2195,51.53165],[-0.21988,51.53218]],[[-0.22168,51.53405],[-0.22123,51.53414],[-0.22,51.53454],[-0.22168,51.53405]],[[-0.20846,51.54201],[-0.20932,51.54145],[-0.21199,51.5392],[-0.20846,51.54201]],[[-0.2214,51.54621],[-0.22195,51.54645],[-0.22195,51.54645],[-0.2214,51.54621]],[[-0.22176,51.5453],[-0.22151,51.54582],[-0.2214,51.54621],[-0.22176,51.5453]],[[-0.21043,51.54343],[-0.20829,51.54469],[-0.2098,51.54392],[-0.21043,51.54343]],[[-0.20759,51.54257],[-0.20759,51.54257],[-0.20386,51.54047],[-0.20759,51.54257]],[[-0.1988,51.54153],[-0.19998,51.54152],[-0.19915,51.54151],[-0.20001,51.54114],[-0.1988,51.54153]],[[-0.19799,51.5385],[-0.19636,51.53708],[-0.1967,51.53747],[-0.19799,51.5385]],[[-0.22096,51.54916],[-0.22101,51.54917],[-0.22084,51.54914],[-0.22096,51.54916]],[[-0.2197,51.54958],[-0.21976,51.54897],[-0.21976,51.54897],[-0.2197,51.54958]],[[-0.21995,51.55338],[-0.2188,51.55278],[-0.21755,51.55224],[-0.21995,51.55338]],[[-0.21502,51.55367],[-0.21591,51.55335],[-0.21303,51.55396],[-0.21502,51.55367]],[[-0.21642,51.54843],[-0.21192,51.54771],[-0.21137,51.54763],[-0.21642,51.54843]],[[-0.22311,51.55341],[-0.22302,51.55271],[-0.22296,51.55297],[-0.22311,51.55341]],[[-0.22085,51.5538],[-0.22075,51.55415],[-0.22068,51.5545],[-0.22085,51.5538]]]}},{"type":"Feature","properties":{"n":"Bromley"},"geometry":{"type":"Polygon","coordinates":[[[-0.02811,51.37838],[-0.02915,51.37753],[-0.03161,51.37715],[-0.03693,51.37701],[-0.03649,51.37899],[-0.0369,51.37895],[-0.03761,51.38143],[-0.03787,51.38323],[-0.03659,51.38848],[-0.04275,51.38945],[-0.04492,51.39068],[-0.04621,51.39199],[-0.0468,51.39184],[-0.04814,51.39319],[-0.05047,51.39332],[-0.0517,51.39378],[-0.05259,51.39463],[-0.05348,51.39492],[-0.05095,51.39712],[-0.05047,51.398],[-0.05083,51.39772],[-0.0521,51.39829],[-0.05063,51.39956],[-0.05296,51.40146],[-0.05652,51.40058],[-0.05939,51.39925],[-0.06063,51.39919],[-0.06015,51.39955],[-0.06216,51.40153],[-0.06373,51.40156],[-0.06858,51.40384],[-0.06988,51.40599],[-0.0731,51.40898],[-0.07334,51.4114],[-0.07268,51.41326],[-0.07293,51.4127],[-0.07443,51.41324],[-0.07659,51.41439],[-0.08044,51.41557],[-0.08108,51.4171],[-0.07856,51.41971],[-0.07664,51.42309],[-0.07457,51.42595],[-0.07217,51.42628],[-0.0702,51.42608],[-0.06885,51.42561],[-0.06864,51.42599],[-0.06806,51.42592],[-0.06595,51.42515],[-0.06491,51.42521],[-0.0645,51.42499],[-0.06437,51.42531],[-0.06221,51.4251],[-0.06038,51.42411],[-0.05736,51.42305],[-0.05512,51.423],[-0.05485,51.42361],[-0.05441,51.42369],[-0.05184,51.42357],[-0.05175,51.42252],[-0.04602,51.42276],[-0.04596,51.42244],[-0.04365,51.42296],[-0.04378,51.42321],[-0.04297,51.42342],[-0.04281,51.42323],[-0.04154,51.42363],[-0.04165,51.42389],[-0.04098,51.42432],[-0.03988,51.42431],[-0.03844,51.42391],[-0.03747,51.42502],[-0.03424,51.4251],[-0.03422,51.42477],[-0.03186,51.42472],[-0.03159,51.42421],[-0.03197,51.42555],[-0.03035,51.42572],[-0.02383,51.42276],[-0.02253,51.42158],[-0.02218,51.42178],[-0.02094,51.42092],[-0.02161,51.42047],[-0.02077,51.4199],[-0.02194,51.41786],[-0.02253,51.41754],[-0.02171,51.41729],[-0.02204,51.41664],[-0.02097,51.41603],[-0.01782,51.41574],[-0.01796,51.41508],[-0.01428,51.41512],[-0.01446,51.41425],[-0.01424,51.41366],[-0.01052,51.41355],[-0.00768,51.41453],[-0.00662,51.41467],[-0.00654,51.41599],[-0.00561,51.41576],[-0.005,51.41468],[-0.00338,51.41506],[-0.00365,51.41568],[-0.00082,51.41589],[-0.00032,51.41645],[5e-05,51.41766],[0.00175,51.41856],[0.00353,51.41741],[0.00568,51.41853],[0.00525,51.41932],[0.00632,51.42101],[0.00713,51.42082],[0.00677,51.42096],[0.00687,51.42149],[0.00737,51.42138],[0.00812,51.42304],[0.00999,51.42248],[0.01101,51.42349],[0.01338,51.42471],[0.01354,51.42509],[0.01442,51.42523],[0.01413,51.42617],[0.01622,51.42626],[0.01843,51.42701],[0.02094,51.42682],[0.02469,51.42873],[0.02549,51.42893],[0.02734,51.428],[0.03621,51.42237],[0.03885,51.42469],[0.03888,51.42608],[0.03843,51.42759],[0.03787,51.42773],[0.0383,51.42796],[0.03828,51.42908],[0.03759,51.43135],[0.0377,51.43338],[0.03377,51.43177],[0.0333,51.43226],[0.03247,51.4319],[0.03165,51.43259],[0.03119,51.43207],[0.03139,51.4326],[0.02861,51.43405],[0.02901,51.43439],[0.02897,51.43549],[0.02867,51.43642],[0.02728,51.43658],[0.02538,51.43584],[0.02482,51.43824],[0.02872,51.43881],[0.02846,51.44037],[0.02891,51.44163],[0.02953,51.44175],[0.03035,51.44434],[0.03266,51.44383],[0.03546,51.4425],[0.03983,51.44103],[0.04231,51.43948],[0.04276,51.43832],[0.04521,51.4366],[0.04551,51.43592],[0.04756,51.43402],[0.05238,51.43027],[0.05479,51.42759],[0.05865,51.42456],[0.06092,51.42508],[0.06134,51.42411],[0.06173,51.42373],[0.06323,51.4242],[0.06418,51.42488],[0.06424,51.42537],[0.0666,51.42602],[0.06643,51.42634],[0.07197,51.42965],[0.0735,51.43126],[0.07306,51.43138],[0.07335,51.43177],[0.07486,51.43083],[0.07535,51.43203],[0.08272,51.43019],[0.08925,51.42395],[0.09241,51.42184],[0.09816,51.41846],[0.10454,51.41525],[0.10891,51.41381],[0.1131,51.41293],[0.11888,51.41327],[0.12186,51.41378],[0.1255,51.41481],[0.12886,51.41497],[0.13235,51.41441],[0.13796,51.4122],[0.14883,51.40851],[0.1511,51.40664],[0.15271,51.40635],[0.15525,51.40397],[0.15497,51.40366],[0.15551,51.40357],[0.1565,51.40239],[0.15751,51.40011],[0.15793,51.3979],[0.15898,51.39582],[0.16238,51.39249],[0.15573,51.39239],[0.14806,51.39277],[0.14753,51.39216],[0.14983,51.39087],[0.14866,51.38867],[0.14942,51.38785],[0.1489,51.38757],[0.15046,51.38602],[0.14999,51.38584],[0.1498,51.38487],[0.14979,51.38367],[0.15047,51.38345],[0.15037,51.38109],[0.14961,51.38109],[0.14961,51.38009],[0.15113,51.3799],[0.15097,51.37909],[0.15235,51.37869],[0.15219,51.37834],[0.15324,51.37804],[0.15258,51.37632],[0.15254,51.37523],[0.15174,51.37544],[0.14968,51.37361],[0.15089,51.37291],[0.15098,51.37211],[0.15013,51.37016],[0.15206,51.36969],[0.15162,51.36839],[0.15108,51.3683],[0.14952,51.36911],[0.14885,51.368],[0.14734,51.36699],[0.14835,51.36637],[0.14522,51.36302],[0.14539,51.3625],[0.14449,51.36095],[0.14537,51.36034],[0.14485,51.35844],[0.14602,51.3582],[0.14511,51.35576],[0.14406,51.35486],[0.14363,51.35302],[0.14313,51.35304],[0.14288,51.35266],[0.14262,51.35074],[0.14112,51.35014],[0.14134,51.34964],[0.13976,51.34875],[0.13871,51.34752],[0.13949,51.3473],[0.13944,51.34698],[0.13827,51.34709],[0.13719,51.34588],[0.1362,51.34593],[0.13713,51.34458],[0.13696,51.34417],[0.13178,51.34551],[0.13167,51.34519],[0.12495,51.34582],[0.12224,51.34466],[0.1185,51.34416],[0.11759,51.34313],[0.11723,51.34316],[0.11679,51.3418],[0.11728,51.33978],[0.11847,51.33998],[0.11901,51.33868],[0.1183,51.3384],[0.11958,51.33543],[0.12001,51.33474],[0.12168,51.33364],[0.12025,51.33214],[0.11789,51.33062],[0.1179,51.32966],[0.11736,51.32948],[0.11664,51.33],[0.11572,51.32954],[0.11413,51.32747],[0.1102,51.3281],[0.10976,51.32668],[0.1071,51.32752],[0.10489,51.32744],[0.10333,51.32611],[0.10079,51.32559],[0.10029,51.32422],[0.09619,51.32134],[0.09382,51.32025],[0.08779,51.31831],[0.08682,51.31719],[0.08503,51.31602],[0.08564,51.31478],[0.08507,51.3126],[0.08357,51.31053],[0.08474,51.30836],[0.08409,51.30805],[0.08488,51.30604],[0.08288,51.30566],[0.08543,51.30252],[0.08634,51.30017],[0.09119,51.29683],[0.08926,51.29609],[0.08559,51.29304],[0.08158,51.29184],[0.07312,51.29154],[0.07047,51.29084],[0.06575,51.29032],[0.06424,51.28989],[0.06257,51.28996],[0.05851,51.28935],[0.05605,51.2924],[0.05439,51.29209],[0.05083,51.29398],[0.04849,51.29372],[0.04573,51.29403],[0.04451,51.29303],[0.0424,51.29268],[0.04331,51.29658],[0.04426,51.2986],[0.04331,51.29906],[0.04262,51.30141],[0.04149,51.30296],[0.04191,51.30338],[0.04092,51.30272],[0.0369,51.30538],[0.0329,51.30751],[0.03039,51.30562],[0.02798,51.30469],[0.02484,51.30215],[0.0236,51.2997],[0.02095,51.29678],[0.01995,51.2934],[0.0191,51.29168],[0.01501,51.29179],[0.00839,51.31036],[0.01035,51.31614],[0.00658,51.31565],[0.00555,51.31844],[0.00491,51.32195],[0.00229,51.32914],[0.00221,51.32977],[0.00292,51.33034],[0.00331,51.33215],[0.0023,51.33249],[0.00088,51.3336],[-0.00237,51.3435],[-0.00282,51.34554],[-0.00538,51.35265],[-0.00798,51.35531],[-0.01196,51.35732],[-0.01225,51.35702],[-0.01344,51.35743],[-0.0152,51.3586],[-0.01826,51.36125],[-0.01874,51.36255],[-0.02221,51.36584],[-0.02151,51.36627],[-0.0236,51.36528],[-0.02445,51.36675],[-0.02325,51.36699],[-0.02317,51.36726],[-0.02365,51.36996],[-0.02363,51.37188],[-0.02594,51.37613],[-0.02593,51.37666],[-0.0268,51.37937],[-0.02802,51.37936],[-0.02811,51.37838]],[[0.04638,51.42324],[0.03954,51.42462],[0.03885,51.42469],[0.04638,51.42324]],[[0.04223,51.43128],[0.04222,51.43131],[0.03759,51.43135],[0.04223,51.43128]],[[0.01736,51.41899],[0.01717,51.41938],[0.01654,51.42029],[0.01736,51.41899]],[[0.01714,51.41457],[0.01754,51.41508],[0.01748,51.41505],[0.01714,51.41457]],[[0.01108,51.40827],[0.01022,51.41022],[0.01019,51.41027],[0.01108,51.40827]],[[0.01284,51.40039],[0.01284,51.40039],[0.01247,51.40208],[0.01284,51.40039]],[[0.01488,51.3993],[0.017,51.39955],[0.01488,51.3993],[0.01488,51.3993]],[[0.02503,51.39587],[0.02386,51.39661],[0.02033,51.39832],[0.02503,51.39587]],[[0.01923,51.40086],[0.01871,51.40288],[0.01919,51.40087],[0.02033,51.39832],[0.01923,51.40086]],[[0.02826,51.39921],[0.02839,51.39985],[0.02824,51.39971],[0.02826,51.39921]],[[0.03919,51.39606],[0.04148,51.39633],[0.03919,51.39606],[0.03919,51.39606]],[[0.03914,51.36931],[0.04032,51.36959],[0.03945,51.36951],[0.04191,51.37289],[0.03914,51.36931]],[[0.04779,51.3582],[0.04826,51.35989],[0.04794,51.3592],[0.04779,51.3582]],[[0.04453,51.35163],[0.04784,51.34899],[0.04735,51.34943],[0.04453,51.35163]],[[-0.02552,51.41192],[-0.02543,51.41231],[-0.02591,51.41103],[-0.02552,51.41192]],[[-0.02952,51.41094],[-0.02804,51.41104],[-0.02875,51.4111],[-0.02952,51.41094]],[[-0.03515,51.40397],[-0.03161,51.40778],[-0.03043,51.41017],[-0.0315,51.408],[-0.03515,51.40397]],[[-0.03714,51.40264],[-0.03781,51.40205],[-0.03515,51.40397],[-0.03714,51.40264]],[[-0.0284,51.39446],[-0.03149,51.39526],[-0.03073,51.39495],[-0.0284,51.39446]],[[-0.0284,51.38947],[-0.02732,51.39034],[-0.02845,51.38948],[-0.0284,51.38947]],[[-0.06952,51.41389],[-0.06832,51.41465],[-0.06789,51.41509],[-0.06952,51.41389]],[[-0.06094,51.41717],[-0.06367,51.41443],[-0.0659,51.41215],[-0.06094,51.41717]],[[-0.05517,51.41085],[-0.05388,51.41102],[-0.05456,51.41098],[-0.05517,51.41085]],[[-0.05847,51.41463],[-0.0563,51.41381],[-0.05656,51.41356],[-0.05629,51.41381],[-0.05847,51.41463]],[[-0.05553,51.41451],[-0.05441,51.41554],[-0.05407,51.41589],[-0.05553,51.41451]],[[-0.04682,51.41496],[-0.04613,51.41465],[-0.04519,51.41446],[-0.04682,51.41496]],[[-0.03672,51.40816],[-0.04495,51.40976],[-0.04286,51.40922],[-0.03672,51.40816]],[[-0.04462,51.40717],[-0.04294,51.40904],[-0.04286,51.40922],[-0.04462,51.40717]],[[-0.03525,51.41548],[-0.03446,51.41393],[-0.03429,51.41379],[-0.03525,51.41548]],[[-0.06467,51.40616],[-0.06504,51.40597],[-0.06528,51.40583],[-0.06467,51.40616]],[[-0.06098,51.40453],[-0.06362,51.40666],[-0.06362,51.40666],[-0.06098,51.40453]],[[-0.05657,51.40578],[-0.05627,51.40593],[-0.05695,51.40559],[-0.05657,51.40578]],[[-0.04233,51.40508],[-0.03982,51.4052],[-0.04131,51.40526],[-0.04233,51.40508]],[[-0.04312,51.39916],[-0.04689,51.39821],[-0.04532,51.39858],[-0.04312,51.39916]],[[-0.04097,51.39926],[-0.0411,51.39915],[-0.04109,51.39915],[-0.04097,51.39926]],[[-0.04265,51.39507],[-0.04148,51.39344],[-0.04281,51.39547],[-0.04265,51.39507]],[[-0.0404,51.39336],[-0.03562,51.39303],[-0.04148,51.39344],[-0.0404,51.39336]],[[-0.03535,51.39466],[-0.03478,51.39465],[-0.03535,51.39466],[-0.03535,51.39466]],[[-0.0509,51.40852],[-0.05058,51.40868],[-0.05126,51.40834],[-0.0509,51.40852]],[[-0.04861,51.40668],[-0.04895,51.40697],[-0.0509,51.40852],[-0.04861,51.40668]],[[-0.06036,51.41777],[-0.06036,51.41777],[-0.06151,51.41798],[-0.06036,51.41777]],[[-0.05969,51.41847],[-0.05835,51.42003],[-0.06014,51.41801],[-0.05969,51.41847]],[[-0.03412,51.41879],[-0.03452,51.4193],[-0.03452,51.4193],[-0.03412,51.41879]],[[-0.01913,51.38297],[-0.02006,51.3821],[-0.01913,51.38297],[-0.01913,51.38297]],[[-0.00813,51.37581],[-0.00946,51.37625],[-0.00892,51.37598],[-0.00813,51.37581]],[[-0.00212,51.38016],[-0.0047,51.37924],[-0.00212,51.38016],[-0.00212,51.38016]],[[0.00371,51.38243],[0.00114,51.38082],[0.00316,51.38208],[0.00371,51.38243]],[[0.00393,51.38224],[0.0029,51.38331],[0.00371,51.38243],[0.00393,51.38224]],[[-0.00309,51.37002],[-0.00598,51.36829],[-0.00579,51.36836],[-0.00309,51.37002]],[[0.00104,51.36149],[-0.00115,51.36217],[0.00412,51.36026],[0.00104,51.36149]],[[-0.01889,51.37295],[-0.01875,51.37315],[-0.01776,51.3759],[-0.01889,51.37295]],[[-0.00933,51.37206],[-0.00722,51.37318],[-0.00682,51.37352],[-0.00933,51.37206]],[[-0.00216,51.37059],[-0.00187,51.37077],[0.00206,51.37424],[-0.00216,51.37059]],[[0.00981,51.37686],[0.00782,51.37689],[0.00698,51.37684],[0.00981,51.37686]],[[-0.02389,51.41088],[-0.02361,51.41017],[-0.02386,51.41088],[-0.02389,51.41088]],[[0.00599,51.40895],[0.00687,51.40765],[0.00687,51.40765],[0.00599,51.40895]],[[0.00739,51.39198],[0.00739,51.39198],[0.01165,51.39351],[0.00739,51.39198]],[[0.0167,51.39219],[0.01747,51.39243],[0.01799,51.3928],[0.0167,51.39219]],[[0.01201,51.38258],[0.01075,51.38057],[0.01075,51.38057],[0.01201,51.38258]],[[-0.02411,51.39561],[-0.02559,51.39613],[-0.02733,51.39654],[-0.02411,51.39561]],[[-0.01752,51.39743],[-0.01788,51.39918],[-0.01794,51.39901],[-0.01752,51.39743]],[[-0.01378,51.39937],[-0.01821,51.39926],[-0.01788,51.39918],[-0.01378,51.39937]],[[-0.00985,51.39906],[-0.00934,51.39916],[-0.01378,51.39937],[-0.00985,51.39906]],[[-0.00241,51.39675],[-0.00183,51.39687],[-0.00101,51.39719],[-0.00102,51.3972],[-0.00241,51.39675]],[[0.00311,51.39489],[0.00385,51.39513],[-0.00133,51.39353],[0.00311,51.39489]],[[-0.01665,51.38777],[-0.01856,51.38786],[-0.01665,51.38777],[-0.01665,51.38777]],[[-0.01041,51.38756],[-0.01144,51.38761],[-0.01486,51.3877],[-0.01041,51.38756]],[[0.00259,51.38815],[0.00074,51.38646],[0.00263,51.38809],[0.00259,51.38815]],[[0.00513,51.38929],[0.00806,51.38903],[0.00634,51.38921],[0.00513,51.38929]],[[-0.02025,51.40724],[-0.0204,51.40692],[-0.02011,51.40724],[-0.02557,51.4077],[-0.02025,51.40724]],[[-0.01954,51.40637],[-0.02011,51.40725],[-0.02169,51.40806],[-0.02011,51.40724],[-0.01954,51.40637]],[[-0.00923,51.39918],[-0.0098,51.40003],[-0.00923,51.39918],[-0.00923,51.39918]],[[-0.00855,51.39975],[-0.0086,51.3993],[-0.0086,51.3993],[-0.00855,51.39975]],[[-0.00245,51.40848],[0.00176,51.40622],[0.00621,51.40276],[0.00175,51.40623],[-0.00245,51.40848]],[[-0.01874,51.40214],[-0.01815,51.40079],[-0.0188,51.40258],[-0.01874,51.40214]],[[0.00691,51.41462],[0.00619,51.41556],[0.00593,51.41573],[0.00645,51.41522],[0.00505,51.41471],[0.00652,51.41512],[0.00691,51.41462]],[[0.01296,51.30374],[0.01367,51.3043],[0.01487,51.30539],[0.01296,51.30374]],[[0.02946,51.38786],[0.02946,51.38786],[0.03531,51.3893],[0.02946,51.38786]],[[0.03525,51.37761],[0.0347,51.37837],[0.03417,51.37905],[0.03525,51.37761]],[[0.0312,51.39332],[0.03092,51.39372],[0.0304,51.39414],[0.0312,51.39332]],[[0.0447,51.40139],[0.04546,51.40024],[0.0447,51.40139],[0.0447,51.40139]],[[0.04526,51.42981],[0.04637,51.42907],[0.04322,51.43126],[0.04526,51.42981]],[[0.05085,51.42424],[0.05078,51.42423],[0.05055,51.42398],[0.05085,51.42424]],[[0.0521,51.42244],[0.05262,51.42327],[0.0521,51.42244],[0.0521,51.42244]],[[0.06083,51.40243],[0.05849,51.40454],[0.06414,51.40078],[0.05841,51.40461],[0.05352,51.40873],[0.06083,51.40243]],[[0.06536,51.3978],[0.06677,51.39638],[0.06083,51.40243],[0.06536,51.3978]],[[0.07675,51.39599],[0.0771,51.39593],[0.06414,51.40078],[0.07675,51.39599]],[[0.07882,51.39899],[0.07734,51.39589],[0.07734,51.39589],[0.07882,51.39899]],[[0.09529,51.40369],[0.09446,51.40239],[0.09411,51.40181],[0.09529,51.40369]],[[0.08757,51.39477],[0.0942,51.39496],[0.08338,51.39484],[0.08757,51.39477]],[[0.099,51.37912],[0.09744,51.37715],[0.09702,51.37658],[0.099,51.37912]],[[0.08824,51.37416],[0.088,51.37446],[0.08796,51.3745],[0.08824,51.37416]],[[0.09604,51.365],[0.09381,51.36732],[0.09468,51.36627],[0.09604,51.365]],[[0.08461,51.36392],[0.0845,51.36434],[0.08457,51.36343],[0.08461,51.36392]],[[0.08745,51.3543],[0.08671,51.35655],[0.08812,51.35148],[0.08745,51.3543]],[[0.09926,51.3448],[0.09926,51.3448],[0.09577,51.33692],[0.09926,51.3448]],[[0.02011,51.41397],[0.01786,51.41527],[0.01786,51.41527],[0.02011,51.41397]],[[0.02383,51.41164],[0.0256,51.41175],[0.0247,51.41175],[0.02383,51.41164]],[[0.02804,51.41023],[0.02921,51.41119],[0.02791,51.4102],[0.02804,51.41023]],[[0.0396,51.41407],[0.03284,51.41195],[0.02969,51.41082],[0.0396,51.41407]],[[0.04487,51.41381],[0.04528,51.41382],[0.0396,51.41407],[0.04487,51.41381]],[[0.01967,51.40701],[0.01935,51.40685],[0.01874,51.40634],[0.01967,51.40701]],[[0.02669,51.40768],[0.02648,51.4069],[0.02646,51.40605],[0.02669,51.40768]],[[0.03974,51.40696],[0.03882,51.4067],[0.04053,51.40696],[0.03974,51.40696]],[[0.03691,51.40476],[0.0413,51.40522],[0.03691,51.40476],[0.03691,51.40476]],[[0.02665,51.40448],[0.02844,51.40395],[0.02709,51.4044],[0.02665,51.40448]],[[0.03536,51.40381],[0.03624,51.40504],[0.03624,51.40504],[0.03536,51.40381]],[[0.02004,51.40972],[0.0202,51.40781],[0.02008,51.40934],[0.02004,51.40972]],[[0.0187,51.41069],[0.01935,51.41041],[0.01897,51.41058],[0.0187,51.41069]],[[0.01819,51.4159],[0.01759,51.4172],[0.01821,51.41548],[0.01819,51.4159]],[[0.05546,51.36481],[0.05462,51.36534],[0.05068,51.36727],[0.05546,51.36481]],[[0.0569,51.37845],[0.05825,51.3809],[0.05824,51.38089],[0.0569,51.37845]],[[0.08008,51.38099],[0.08157,51.38118],[0.08494,51.38106],[0.08166,51.38121],[0.08008,51.38099]],[[0.07452,51.37333],[0.07098,51.37342],[0.07571,51.37327],[0.07452,51.37333]],[[0.08005,51.37298],[0.08014,51.37257],[0.08014,51.37257],[0.08005,51.37298]],[[0.08366,51.37317],[0.08368,51.37268],[0.08383,51.37207],[0.08366,51.37317]],[[0.05375,51.37592],[0.05947,51.37581],[0.05624,51.37587],[0.05375,51.37592]],[[0.07486,51.37391],[0.07477,51.37451],[0.07485,51.37389],[0.07486,51.37391]],[[0.07768,51.38724],[0.07788,51.3868],[0.07747,51.38811],[0.07767,51.38724],[0.07743,51.38702],[0.07768,51.38724]],[[0.08267,51.39122],[0.08267,51.39122],[0.08269,51.39173],[0.08267,51.39122]],[[0.09488,51.40807],[0.08839,51.4064],[0.09199,51.40719],[0.09488,51.40807]],[[0.05701,51.42265],[0.05664,51.42054],[0.05664,51.42054],[0.05701,51.42265]],[[0.06314,51.42132],[0.06674,51.42257],[0.06314,51.42132],[0.06314,51.42132]],[[0.06259,51.40936],[0.06702,51.40969],[0.06518,51.40961],[0.06259,51.40936]],[[0.06301,51.4167],[0.06654,51.41819],[0.06654,51.41819],[0.06301,51.4167]],[[0.10636,51.37194],[0.11046,51.37148],[0.10428,51.37235],[0.10636,51.37194]],[[0.11051,51.36985],[0.11055,51.37053],[0.11046,51.37148],[0.11051,51.36985]],[[0.11559,51.37705],[0.11325,51.37583],[0.11572,51.37502],[0.11347,51.37587],[0.11559,51.37705]],[[0.1157,51.37734],[0.11559,51.37733],[0.11559,51.37705],[0.1157,51.37734]],[[0.12206,51.37632],[0.12286,51.37674],[0.12286,51.37674],[0.12206,51.37632]],[[0.12859,51.37195],[0.12411,51.37474],[0.13225,51.36978],[0.12859,51.37195]],[[0.1241,51.37411],[0.12391,51.37437],[0.12414,51.37353],[0.12411,51.37474],[0.1241,51.37411]],[[0.12321,51.37433],[0.12186,51.3739],[0.12391,51.37437],[0.12321,51.37433]],[[0.11579,51.35724],[0.10674,51.35727],[0.10742,51.35726],[0.11579,51.35724]],[[0.11947,51.35773],[0.12215,51.35828],[0.11579,51.35724],[0.11947,51.35773]],[[0.09653,51.36981],[0.0986,51.36947],[0.09723,51.36973],[0.09653,51.36981]],[[0.09995,51.38892],[0.09876,51.38911],[0.09933,51.38893],[0.09995,51.38892]],[[0.10139,51.39465],[0.11185,51.39465],[0.10831,51.39479],[0.10139,51.39465]],[[0.11472,51.39192],[0.11593,51.39212],[0.11472,51.39192],[0.11472,51.39192]],[[0.11942,51.39414],[0.11418,51.3945],[0.12392,51.3936],[0.11942,51.39414]],[[0.10022,51.38589],[0.09686,51.38655],[0.09882,51.38609],[0.10022,51.38589]],[[0.10914,51.38193],[0.10807,51.38254],[0.10788,51.38249],[0.10914,51.38193]],[[0.11102,51.38329],[0.11099,51.38328],[0.11409,51.38172],[0.11102,51.38329]],[[0.11705,51.38153],[0.11697,51.3808],[0.11697,51.3808],[0.11705,51.38153]],[[0.11953,51.38359],[0.11932,51.38283],[0.11939,51.38289],[0.11953,51.38359]],[[0.11414,51.38751],[0.11504,51.38866],[0.11445,51.38811],[0.11414,51.38751]],[[0.09486,51.39203],[0.09667,51.39216],[0.09666,51.39219],[0.09486,51.39203]],[[0.10769,51.40274],[0.10958,51.40241],[0.10897,51.40264],[0.10769,51.40274]],[[0.1132,51.40607],[0.11319,51.40716],[0.11315,51.40737],[0.1132,51.40607]],[[0.10427,51.40792],[0.10418,51.40876],[0.10425,51.40564],[0.10427,51.40792]],[[0.10396,51.4046],[0.10264,51.40214],[0.10387,51.40434],[0.10396,51.4046]]]}},{"type":"Feature","properties":{"n":"Camden"},"geometry":{"type":"Polygon","coordinates":[[[-0.20192,51.5453],[-0.20824,51.55099],[-0.21224,51.55387],[-0.21344,51.55515],[-0.20994,51.55677],[-0.20885,51.55574],[-0.20598,51.55644],[-0.20575,51.55529],[-0.19939,51.55619],[-0.19964,51.55698],[-0.1982,51.55895],[-0.19679,51.55919],[-0.19691,51.5606],[-0.19456,51.56069],[-0.19089,51.56179],[-0.19035,51.56277],[-0.18982,51.56506],[-0.18699,51.56647],[-0.18379,51.5675],[-0.18354,51.56801],[-0.18081,51.56944],[-0.18095,51.56967],[-0.17829,51.57003],[-0.17805,51.57043],[-0.17427,51.5693],[-0.17344,51.5711],[-0.17126,51.57243],[-0.16708,51.57298],[-0.16445,51.57251],[-0.1606,51.5728],[-0.15738,51.57211],[-0.1507,51.5716],[-0.14469,51.57015],[-0.14239,51.56912],[-0.14159,51.56751],[-0.14077,51.56476],[-0.14101,51.56043],[-0.13861,51.55717],[-0.13734,51.55558],[-0.13098,51.55149],[-0.13061,51.55049],[-0.12944,51.54906],[-0.12699,51.54729],[-0.1259,51.54293],[-0.12506,51.54113],[-0.12332,51.53885],[-0.12239,51.53695],[-0.12253,51.53073],[-0.11987,51.53094],[-0.11591,51.52976],[-0.11531,51.52763],[-0.1161,51.52784],[-0.11291,51.52641],[-0.11415,51.52542],[-0.11348,51.52443],[-0.11221,51.52365],[-0.10893,51.52299],[-0.10824,51.52209],[-0.10702,51.52216],[-0.10594,51.52046],[-0.10532,51.51855],[-0.10743,51.51783],[-0.11382,51.51812],[-0.11153,51.51522],[-0.11379,51.51476],[-0.11466,51.51599],[-0.11854,51.5149],[-0.11923,51.51452],[-0.12181,51.51481],[-0.12204,51.5146],[-0.12286,51.51511],[-0.12419,51.51427],[-0.12762,51.51266],[-0.12899,51.51344],[-0.13015,51.51532],[-0.13037,51.51638],[-0.13079,51.51708],[-0.1321,51.51839],[-0.13082,51.5171],[-0.13245,51.51672],[-0.13266,51.51722],[-0.1336,51.51773],[-0.13403,51.51756],[-0.13523,51.51893],[-0.13583,51.5187],[-0.1361,51.51896],[-0.13553,51.51903],[-0.13696,51.5189],[-0.14268,51.52372],[-0.1435,51.52395],[-0.14339,51.52454],[-0.14397,51.52469],[-0.14413,51.524],[-0.14519,51.52403],[-0.14579,51.52527],[-0.14717,51.52504],[-0.1527,51.5375],[-0.15464,51.53736],[-0.15942,51.53636],[-0.1605,51.53727],[-0.16494,51.53578],[-0.16831,51.53806],[-0.16952,51.5386],[-0.17086,51.5378],[-0.17196,51.53838],[-0.17348,51.53763],[-0.17412,51.5382],[-0.17391,51.53948],[-0.17833,51.53979],[-0.18156,51.53915],[-0.18413,51.53822],[-0.18761,51.53515],[-0.18875,51.53453],[-0.19126,51.53611],[-0.20192,51.5453]],[[-0.19551,51.55723],[-0.19578,51.5577],[-0.19679,51.55919],[-0.19551,51.55723]],[[-0.14492,51.55622],[-0.14492,51.55622],[-0.14559,51.55693],[-0.14492,51.55622]],[[-0.15449,51.55401],[-0.15411,51.5533],[-0.15382,51.55315],[-0.15449,51.55401]],[[-0.15654,51.54961],[-0.15455,51.54983],[-0.15352,51.54991],[-0.15356,51.54995],[-0.15654,51.54961]],[[-0.15236,51.54911],[-0.15282,51.5493],[-0.153,51.54921],[-0.15236,51.54911]],[[-0.1487,51.54611],[-0.1487,51.54611],[-0.14918,51.54728],[-0.1487,51.54611]],[[-0.1504,51.54595],[-0.14981,51.54596],[-0.14971,51.54597],[-0.1504,51.54595]],[[-0.15393,51.54459],[-0.15393,51.54459],[-0.15359,51.54584],[-0.15393,51.54459]],[[-0.1535,51.54364],[-0.15268,51.54384],[-0.15203,51.54453],[-0.15269,51.54393],[-0.1535,51.54364]],[[-0.15497,51.54312],[-0.15516,51.54274],[-0.15486,51.54316],[-0.15497,51.54312]],[[-0.1534,51.53996],[-0.15192,51.53932],[-0.15248,51.53957],[-0.1534,51.53996]],[[-0.15262,51.53751],[-0.14915,51.5371],[-0.15216,51.53754],[-0.15262,51.53751]],[[-0.17918,51.5567],[-0.17861,51.55673],[-0.18155,51.559],[-0.17863,51.55674],[-0.17918,51.5567]],[[-0.17677,51.55387],[-0.1783,51.55517],[-0.17589,51.55306],[-0.17677,51.55387]],[[-0.1759,51.54949],[-0.175,51.54972],[-0.17675,51.54937],[-0.1759,51.54949]],[[-0.17952,51.54691],[-0.17889,51.54619],[-0.18224,51.54992],[-0.17952,51.54691]],[[-0.18025,51.54225],[-0.17999,51.5427],[-0.18025,51.54225],[-0.18025,51.54225]],[[-0.17993,51.54174],[-0.17976,51.54197],[-0.17993,51.54174],[-0.17993,51.54174]],[[-0.1954,51.54864],[-0.1941,51.54849],[-0.19326,51.54843],[-0.1954,51.54864]],[[-0.19143,51.55011],[-0.19147,51.5495],[-0.19102,51.54832],[-0.19137,51.54931],[-0.19143,51.55011]],[[-0.18385,51.5509],[-0.18383,51.55088],[-0.18596,51.55227],[-0.18385,51.5509]],[[-0.19782,51.5463],[-0.19897,51.54638],[-0.19808,51.54631],[-0.19782,51.5463]],[[-0.19246,51.54157],[-0.19261,51.54191],[-0.19318,51.54238],[-0.19246,51.54157]],[[-0.18829,51.54085],[-0.18854,51.54138],[-0.18829,51.54085],[-0.18829,51.54085]],[[-0.18575,51.54351],[-0.18579,51.54404],[-0.18586,51.54456],[-0.18575,51.54351]],[[-0.18297,51.54122],[-0.18297,51.54122],[-0.18325,51.54163],[-0.18297,51.54122]],[[-0.19642,51.54433],[-0.19642,51.54427],[-0.19584,51.54315],[-0.19642,51.54433]],[[-0.18277,51.54739],[-0.18277,51.54711],[-0.18277,51.54739],[-0.18277,51.54739]],[[-0.18954,51.5463],[-0.18964,51.54514],[-0.18971,51.54415],[-0.18954,51.5463]],[[-0.18873,51.54686],[-0.18876,51.54648],[-0.18887,51.54512],[-0.18873,51.54686]],[[-0.18379,51.54737],[-0.18388,51.54736],[-0.18873,51.54686],[-0.18379,51.54737]],[[-0.20235,51.55164],[-0.2033,51.55354],[-0.20235,51.55164],[-0.20235,51.55164]],[[-0.19839,51.55225],[-0.19685,51.55282],[-0.1984,51.55227],[-0.19839,51.55225]],[[-0.20082,51.55097],[-0.2014,51.55063],[-0.20159,51.55041],[-0.20082,51.55097]],[[-0.19516,51.55197],[-0.19456,51.551],[-0.19516,51.55197],[-0.19516,51.55197]],[[-0.19913,51.55155],[-0.19799,51.55178],[-0.19813,51.55177],[-0.19913,51.55155]],[[-0.18064,51.55192],[-0.18015,51.55006],[-0.18072,51.55225],[-0.18155,51.55333],[-0.18064,51.55192]],[[-0.18851,51.55525],[-0.18937,51.55555],[-0.18702,51.55676],[-0.18946,51.55551],[-0.18851,51.55525]],[[-0.17463,51.56301],[-0.17275,51.56224],[-0.17011,51.56122],[-0.17463,51.56301]],[[-0.17385,51.55865],[-0.17262,51.55984],[-0.17385,51.55867],[-0.17492,51.55875],[-0.17385,51.55865]],[[-0.17267,51.54697],[-0.17271,51.54607],[-0.17253,51.54717],[-0.17267,51.54697]],[[-0.16679,51.54807],[-0.16664,51.54809],[-0.16741,51.54843],[-0.16679,51.54807]],[[-0.16511,51.54884],[-0.16566,51.5479],[-0.16524,51.54838],[-0.16511,51.54884]],[[-0.16005,51.54754],[-0.15805,51.54665],[-0.15745,51.54647],[-0.16005,51.54754]],[[-0.15945,51.54567],[-0.16058,51.54487],[-0.15805,51.54665],[-0.15945,51.54567]],[[-0.17499,51.54369],[-0.17305,51.54416],[-0.17489,51.54372],[-0.17493,51.54467],[-0.17499,51.54369]],[[-0.17133,51.54213],[-0.17324,51.54439],[-0.17305,51.54416],[-0.17133,51.54213]],[[-0.16907,51.54124],[-0.16991,51.5417],[-0.17133,51.54213],[-0.16907,51.54124]],[[-0.16541,51.54211],[-0.16621,51.54205],[-0.16991,51.5417],[-0.16541,51.54211]],[[-0.1616,51.54144],[-0.16219,51.54235],[-0.16219,51.54235],[-0.1616,51.54144]],[[-0.15753,51.54059],[-0.15752,51.54032],[-0.15752,51.54032],[-0.15753,51.54059]],[[-0.16689,51.54464],[-0.16745,51.54447],[-0.16495,51.54481],[-0.16689,51.54464]],[[-0.16616,51.54509],[-0.16787,51.54554],[-0.16616,51.54509],[-0.16616,51.54509]],[[-0.16459,51.54679],[-0.16459,51.54679],[-0.16345,51.546],[-0.16459,51.54679]],[[-0.16966,51.55047],[-0.16973,51.55179],[-0.16966,51.55047],[-0.16966,51.55047]],[[-0.17213,51.55274],[-0.16498,51.55418],[-0.16549,51.55408],[-0.17213,51.55274]],[[-0.16066,51.55324],[-0.15987,51.55301],[-0.16149,51.55349],[-0.16066,51.55324]],[[-0.16003,51.55235],[-0.16005,51.55248],[-0.16088,51.55227],[-0.16003,51.55235]],[[-0.16557,51.55104],[-0.16698,51.55197],[-0.16624,51.55145],[-0.16557,51.55104]],[[-0.16559,51.55521],[-0.16613,51.55508],[-0.16258,51.55577],[-0.16559,51.55521]],[[-0.15859,51.55611],[-0.1587,51.5561],[-0.15906,51.55564],[-0.15859,51.55611]],[[-0.15211,51.55566],[-0.15563,51.55624],[-0.15207,51.55564],[-0.15211,51.55566]],[[-0.16921,51.55697],[-0.16672,51.55593],[-0.16668,51.55596],[-0.16921,51.55697]],[[-0.14752,51.5519],[-0.14823,51.55324],[-0.1475,51.55179],[-0.14752,51.5519]],[[-0.13778,51.55189],[-0.13524,51.55175],[-0.13778,51.55189],[-0.13778,51.55189]],[[-0.13858,51.54908],[-0.1385,51.5495],[-0.1385,51.5495],[-0.13858,51.54908]],[[-0.13491,51.54924],[-0.135,51.54877],[-0.13506,51.54843],[-0.13491,51.54924]],[[-0.14106,51.54883],[-0.13311,51.54813],[-0.13506,51.54843],[-0.14106,51.54883]],[[-0.13536,51.54514],[-0.13498,51.54649],[-0.13498,51.54649],[-0.13536,51.54514]],[[-0.13198,51.5429],[-0.13369,51.54262],[-0.13584,51.54199],[-0.13198,51.5429]],[[-0.13618,51.53914],[-0.13756,51.54089],[-0.13902,51.54253],[-0.13618,51.53914]],[[-0.13618,51.53914],[-0.14258,51.53678],[-0.13996,51.53756],[-0.13618,51.53914]],[[-0.13484,51.53532],[-0.13379,51.53547],[-0.13484,51.53532],[-0.13484,51.53532]],[[-0.13768,51.53509],[-0.13689,51.53516],[-0.13768,51.53509],[-0.13768,51.53509]],[[-0.13911,51.53191],[-0.13928,51.5325],[-0.13911,51.53191],[-0.13911,51.53191]],[[-0.13333,51.52965],[-0.13511,51.53122],[-0.13077,51.52732],[-0.13333,51.52965]],[[-0.12435,51.52979],[-0.12413,51.52991],[-0.13077,51.52732],[-0.12435,51.52979]],[[-0.12361,51.52907],[-0.12437,51.52863],[-0.12329,51.52915],[-0.12358,51.52904],[-0.12435,51.52979],[-0.12361,51.52907]],[[-0.14904,51.5638],[-0.14938,51.56467],[-0.14991,51.56555],[-0.14904,51.5638]],[[-0.14295,51.56166],[-0.14369,51.5606],[-0.14422,51.56114],[-0.1437,51.56058],[-0.14295,51.56166]],[[-0.14462,51.56603],[-0.14518,51.56465],[-0.14462,51.56603],[-0.14462,51.56603]],[[-0.14635,51.54547],[-0.14417,51.54528],[-0.14153,51.54518],[-0.14635,51.54547]],[[-0.13996,51.54358],[-0.13957,51.54315],[-0.13979,51.54339],[-0.13996,51.54358]],[[-0.14307,51.53278],[-0.14389,51.53422],[-0.1435,51.53342],[-0.14307,51.53278]],[[-0.14361,51.53434],[-0.14293,51.53461],[-0.14389,51.53422],[-0.14361,51.53434]],[[-0.14437,51.52943],[-0.14383,51.52939],[-0.14376,51.5294],[-0.14437,51.52943]],[[-0.14383,51.52913],[-0.14381,51.52877],[-0.14383,51.52939],[-0.14383,51.52913]],[[-0.1433,51.5296],[-0.14334,51.52948],[-0.14189,51.52975],[-0.1433,51.5296]],[[-0.14078,51.53033],[-0.14129,51.53011],[-0.14078,51.53033],[-0.14078,51.53033]],[[-0.14184,51.52563],[-0.14245,51.52566],[-0.14425,51.52567],[-0.14184,51.52563]],[[-0.14078,51.53035],[-0.14078,51.5304],[-0.14127,51.5316],[-0.14078,51.53035]],[[-0.14586,51.54177],[-0.14784,51.54127],[-0.14626,51.54156],[-0.14586,51.54177]],[[-0.14167,51.53939],[-0.14008,51.53999],[-0.13869,51.54088],[-0.1406,51.5398],[-0.14167,51.53939]],[[-0.14622,51.53675],[-0.14427,51.5364],[-0.14397,51.53647],[-0.14622,51.53675]],[[-0.15038,51.55051],[-0.15086,51.55034],[-0.15253,51.54945],[-0.15038,51.55051]],[[-0.14908,51.55011],[-0.14961,51.55079],[-0.14962,51.55078],[-0.14908,51.55011]],[[-0.14744,51.55138],[-0.14719,51.5488],[-0.14666,51.54639],[-0.14655,51.54608],[-0.14744,51.55138]],[[-0.14069,51.55088],[-0.14086,51.54967],[-0.14066,51.55107],[-0.14113,51.55187],[-0.14069,51.55088]],[[-0.13003,51.52665],[-0.13003,51.52665],[-0.12866,51.5269],[-0.13003,51.52665]],[[-0.12587,51.5275],[-0.12477,51.52669],[-0.12503,51.52702],[-0.12587,51.5275]],[[-0.12044,51.52768],[-0.1189,51.52712],[-0.11954,51.52746],[-0.12044,51.52768]],[[-0.12183,51.52299],[-0.12371,51.5261],[-0.12231,51.52376],[-0.12183,51.52299]],[[-0.12499,51.52216],[-0.12077,51.52323],[-0.119,51.52364],[-0.12183,51.52299],[-0.12499,51.52216]],[[-0.12422,51.52599],[-0.12554,51.5257],[-0.12371,51.5261],[-0.12422,51.52599]],[[-0.11252,51.52169],[-0.11331,51.52152],[-0.11549,51.52097],[-0.11252,51.52169]],[[-0.12763,51.51779],[-0.127,51.51795],[-0.12219,51.51991],[-0.12763,51.51779]],[[-0.11882,51.52114],[-0.11867,51.52148],[-0.11887,51.52113],[-0.11882,51.52114]],[[-0.12789,51.5247],[-0.12739,51.52475],[-0.12751,51.52486],[-0.12789,51.5247]],[[-0.13161,51.5345],[-0.13183,51.53462],[-0.13302,51.53518],[-0.13161,51.5345]],[[-0.12861,51.53683],[-0.12872,51.53694],[-0.13003,51.53733],[-0.12861,51.53683]],[[-0.12382,51.53006],[-0.12382,51.53006],[-0.12491,51.53094],[-0.12382,51.53006]],[[-0.13159,51.53104],[-0.13189,51.53086],[-0.13186,51.53083],[-0.13159,51.53104]],[[-0.13105,51.54041],[-0.12974,51.54053],[-0.13174,51.54054],[-0.13105,51.54041]],[[-0.13205,51.54197],[-0.13108,51.54211],[-0.13108,51.54211],[-0.13205,51.54197]],[[-0.13317,51.54934],[-0.13355,51.54977],[-0.13262,51.54866],[-0.13317,51.54934]]]}},{"type":"Feature","properties":{"n":"City of London"},"geometry":{"type":"Polygon","coordinates":[[[-0.07615,51.51048],[-0.07687,51.51047],[-0.07682,51.51016],[-0.07788,51.50999],[-0.07882,51.50941],[-0.07908,51.50904],[-0.07864,51.50879],[-0.07942,51.50781],[-0.08709,51.50899],[-0.08864,51.50897],[-0.09192,51.50942],[-0.09523,51.51018],[-0.09518,51.51062],[-0.09614,51.51027],[-0.09987,51.51083],[-0.11146,51.51083],[-0.11148,51.51166],[-0.11247,51.51265],[-0.1117,51.51316],[-0.1119,51.51366],[-0.11103,51.51383],[-0.11153,51.51522],[-0.11382,51.51812],[-0.1112,51.51815],[-0.10743,51.51783],[-0.09762,51.52069],[-0.09726,51.52157],[-0.09649,51.52028],[-0.09727,51.52158],[-0.09769,51.52292],[-0.09676,51.52325],[-0.09644,51.52282],[-0.09507,51.52305],[-0.09431,51.52146],[-0.09274,51.52139],[-0.09401,51.52103],[-0.0925,51.52143],[-0.09237,51.521],[-0.08967,51.52069],[-0.08992,51.51998],[-0.08616,51.51874],[-0.08519,51.52034],[-0.0833,51.51982],[-0.0814,51.52122],[-0.08102,51.52195],[-0.07845,51.52151],[-0.0794,51.51885],[-0.07809,51.51897],[-0.07787,51.51819],[-0.07734,51.5174],[-0.07589,51.5159],[-0.07394,51.51445],[-0.07342,51.51355],[-0.0727,51.51019],[-0.07551,51.50974],[-0.07615,51.51048]],[[-0.09436,51.52066],[-0.09474,51.5206],[-0.0939,51.52078],[-0.09649,51.52028],[-0.09436,51.52066]],[[-0.09546,51.51544],[-0.09492,51.51659],[-0.09577,51.51497],[-0.09546,51.51544]]]}},{"type":"Feature","properties":{"n":"Croydon"},"geometry":{"type":"Polygon","coordinates":[[[-0.11459,51.29153],[-0.11512,51.29146],[-0.11698,51.28937],[-0.11777,51.28709],[-0.12429,51.28676],[-0.12606,51.28839],[-0.12625,51.28949],[-0.13019,51.29268],[-0.13146,51.2947],[-0.13108,51.29544],[-0.13203,51.29606],[-0.13444,51.29838],[-0.13627,51.29822],[-0.13738,51.3008],[-0.14096,51.29956],[-0.14283,51.29998],[-0.14356,51.30126],[-0.14442,51.30054],[-0.14485,51.30071],[-0.14565,51.29983],[-0.14845,51.3007],[-0.1495,51.3007],[-0.14999,51.30029],[-0.15336,51.30168],[-0.15536,51.30135],[-0.1577,51.30459],[-0.15502,51.30579],[-0.15451,51.30645],[-0.15703,51.30668],[-0.15435,51.31025],[-0.15642,51.31041],[-0.15833,51.31099],[-0.15719,51.31342],[-0.15914,51.31568],[-0.15958,51.3171],[-0.16055,51.31685],[-0.16119,51.31744],[-0.16188,51.31963],[-0.15577,51.32167],[-0.15593,51.32188],[-0.15277,51.32294],[-0.15213,51.32229],[-0.15065,51.3222],[-0.14909,51.32274],[-0.14734,51.32281],[-0.14551,51.32352],[-0.14437,51.32633],[-0.1493,51.32876],[-0.14404,51.33067],[-0.14534,51.33193],[-0.14752,51.33878],[-0.1445,51.33949],[-0.1443,51.3402],[-0.14402,51.33961],[-0.1443,51.34021],[-0.14344,51.34056],[-0.14458,51.342],[-0.14159,51.34337],[-0.1363,51.34482],[-0.13624,51.34439],[-0.13257,51.3443],[-0.13287,51.34546],[-0.13111,51.34551],[-0.1314,51.34601],[-0.12912,51.34649],[-0.12888,51.34726],[-0.12831,51.34743],[-0.12729,51.34718],[-0.1269,51.34487],[-0.12517,51.34527],[-0.1189,51.34551],[-0.11864,51.3458],[-0.11689,51.34575],[-0.11697,51.34666],[-0.11734,51.34664],[-0.11909,51.35314],[-0.1202,51.35321],[-0.12141,51.35773],[-0.12417,51.35743],[-0.12469,51.35883],[-0.12188,51.35905],[-0.12291,51.35994],[-0.12186,51.35993],[-0.12194,51.36093],[-0.12144,51.36106],[-0.12125,51.36312],[-0.12097,51.36329],[-0.12132,51.36466],[-0.12231,51.36451],[-0.12407,51.36535],[-0.12207,51.36581],[-0.12229,51.36722],[-0.1234,51.37053],[-0.12334,51.37116],[-0.1247,51.37288],[-0.12475,51.37364],[-0.12788,51.3747],[-0.12678,51.37492],[-0.12693,51.37542],[-0.12594,51.37557],[-0.1282,51.38056],[-0.1303,51.3822],[-0.1287,51.38249],[-0.12957,51.3854],[-0.12895,51.38546],[-0.12881,51.3857],[-0.1306,51.38633],[-0.12963,51.38716],[-0.13329,51.38957],[-0.13264,51.3901],[-0.12641,51.3876],[-0.13435,51.39089],[-0.12892,51.39344],[-0.12973,51.39367],[-0.1242,51.3976],[-0.12444,51.39796],[-0.12567,51.39836],[-0.12547,51.39872],[-0.12584,51.39951],[-0.12872,51.40228],[-0.13047,51.40327],[-0.13151,51.40493],[-0.13139,51.40506],[-0.13215,51.40658],[-0.13245,51.40841],[-0.13194,51.4085],[-0.13206,51.40917],[-0.12895,51.40922],[-0.13139,51.40921],[-0.13123,51.4095],[-0.12945,51.40957],[-0.12784,51.41174],[-0.12778,51.41232],[-0.12652,51.4129],[-0.12575,51.41269],[-0.12501,51.41328],[-0.12447,51.41331],[-0.12414,51.41464],[-0.12256,51.41503],[-0.12036,51.41779],[-0.11996,51.41872],[-0.11589,51.42047],[-0.11269,51.42323],[-0.11005,51.42313],[-0.10587,51.42257],[-0.09362,51.42276],[-0.08676,51.4194],[-0.08305,51.4197],[-0.07856,51.41971],[-0.08176,51.41647],[-0.08108,51.4171],[-0.08044,51.41557],[-0.07659,51.41439],[-0.07443,51.41324],[-0.07293,51.4127],[-0.07334,51.4114],[-0.07298,51.4088],[-0.07425,51.40974],[-0.06988,51.40599],[-0.06857,51.40384],[-0.06373,51.40156],[-0.06216,51.40153],[-0.06015,51.39955],[-0.06063,51.39919],[-0.05939,51.39925],[-0.05652,51.40058],[-0.05296,51.40146],[-0.05063,51.39956],[-0.0521,51.39829],[-0.05083,51.39772],[-0.05045,51.39804],[-0.05095,51.39712],[-0.05348,51.39492],[-0.05259,51.39463],[-0.0517,51.39378],[-0.05047,51.39332],[-0.04814,51.39319],[-0.0468,51.39184],[-0.04621,51.39199],[-0.04426,51.39024],[-0.04275,51.38945],[-0.03659,51.38848],[-0.03787,51.38323],[-0.03761,51.38143],[-0.0369,51.37895],[-0.03649,51.37899],[-0.03694,51.37697],[-0.03708,51.37495],[-0.03693,51.37701],[-0.03161,51.37715],[-0.02915,51.37753],[-0.02811,51.37838],[-0.02802,51.37936],[-0.0268,51.37937],[-0.02593,51.37666],[-0.02594,51.37613],[-0.02363,51.37188],[-0.02365,51.36996],[-0.02317,51.36726],[-0.02325,51.36699],[-0.02445,51.36675],[-0.0236,51.36528],[-0.02432,51.36479],[-0.02221,51.36584],[-0.01874,51.36255],[-0.01826,51.36125],[-0.0152,51.3586],[-0.01344,51.35743],[-0.01225,51.35702],[-0.01196,51.35732],[-0.00798,51.35531],[-0.00538,51.35265],[-0.00282,51.34554],[-0.00237,51.3435],[0.00088,51.3336],[0.0023,51.33249],[0.00331,51.33215],[0.00292,51.33034],[0.00221,51.32977],[0.00229,51.32914],[-0.0005,51.32878],[-0.00168,51.33031],[-0.00721,51.33339],[-0.00713,51.33367],[-0.00887,51.3339],[-0.01066,51.33376],[-0.01099,51.33356],[-0.01066,51.33309],[-0.01189,51.33289],[-0.01352,51.33153],[-0.01433,51.32981],[-0.01594,51.33201],[-0.01703,51.3329],[-0.01778,51.33293],[-0.02056,51.33714],[-0.02237,51.33821],[-0.02596,51.33856],[-0.03068,51.33752],[-0.03277,51.33744],[-0.03428,51.338],[-0.03797,51.33864],[-0.03947,51.33761],[-0.04197,51.33381],[-0.04655,51.33348],[-0.04847,51.33279],[-0.05026,51.33264],[-0.05007,51.33205],[-0.05104,51.33159],[-0.05108,51.33085],[-0.04875,51.32872],[-0.04907,51.32861],[-0.04783,51.32651],[-0.04787,51.32525],[-0.04977,51.32527],[-0.05127,51.32344],[-0.05131,51.32245],[-0.05248,51.32238],[-0.05488,51.32126],[-0.05625,51.32166],[-0.05839,51.32038],[-0.06066,51.32006],[-0.06208,51.3192],[-0.064,51.31863],[-0.07003,51.31889],[-0.07102,51.32123],[-0.07587,51.32006],[-0.07886,51.31977],[-0.07883,51.31814],[-0.08019,51.31782],[-0.08133,51.31679],[-0.08216,51.31692],[-0.08364,51.31661],[-0.08396,51.31777],[-0.08363,51.31632],[-0.08475,51.31588],[-0.08238,51.31351],[-0.08153,51.31208],[-0.08193,51.31065],[-0.08665,51.30882],[-0.08878,51.30692],[-0.08873,51.3051],[-0.08971,51.30397],[-0.09072,51.30395],[-0.09117,51.30339],[-0.09088,51.30318],[-0.09117,51.30147],[-0.09397,51.30071],[-0.09478,51.30069],[-0.09528,51.30133],[-0.09603,51.30152],[-0.09738,51.30111],[-0.09727,51.30045],[-0.09577,51.2996],[-0.09428,51.29944],[-0.10114,51.29629],[-0.10254,51.29604],[-0.11105,51.29225],[-0.11482,51.29243],[-0.11459,51.29153]],[[-0.03654,51.37503],[-0.03433,51.37575],[-0.03708,51.37495],[-0.03654,51.37503]],[[-0.08908,51.32318],[-0.08679,51.32071],[-0.08396,51.31777],[-0.08908,51.32318]],[[-0.1016,51.41662],[-0.10196,51.41699],[-0.10265,51.41725],[-0.1016,51.41662]],[[-0.10131,51.41381],[-0.10545,51.41274],[-0.10111,51.41383],[-0.10167,51.4141],[-0.10131,51.41381]],[[-0.09924,51.40831],[-0.09873,51.40839],[-0.09674,51.40939],[-0.09924,51.40831]],[[-0.10082,51.39899],[-0.10076,51.39895],[-0.10219,51.39995],[-0.10082,51.39899]],[[-0.09792,51.39708],[-0.09779,51.39702],[-0.10075,51.39894],[-0.09792,51.39708]],[[-0.10457,51.3843],[-0.1043,51.38387],[-0.09055,51.38112],[-0.09092,51.38042],[-0.08925,51.38282],[-0.09055,51.38112],[-0.10415,51.38386],[-0.10457,51.3843]],[[-0.0998,51.37841],[-0.09873,51.37953],[-0.09897,51.37936],[-0.0998,51.37841]],[[-0.09723,51.37917],[-0.0964,51.3791],[-0.09873,51.37953],[-0.09723,51.37917]],[[-0.09247,51.37696],[-0.0917,51.37895],[-0.09209,51.37821],[-0.09247,51.37696]],[[-0.0857,51.38025],[-0.08673,51.3808],[-0.086,51.38032],[-0.0857,51.38025]],[[-0.08391,51.37978],[-0.08352,51.37971],[-0.08419,51.37985],[-0.08391,51.37978]],[[-0.09093,51.37529],[-0.08899,51.37501],[-0.08846,51.37504],[-0.09093,51.37529]],[[-0.09018,51.3718],[-0.08934,51.3716],[-0.09019,51.37183],[-0.09018,51.3718]],[[-0.09295,51.3667],[-0.09295,51.3667],[-0.09285,51.3705],[-0.09295,51.3667]],[[-0.08564,51.3649],[-0.08164,51.36406],[-0.09238,51.36656],[-0.08564,51.3649]],[[-0.09216,51.35783],[-0.09313,51.35773],[-0.09212,51.35782],[-0.09166,51.35916],[-0.09216,51.35783]],[[-0.09219,51.34565],[-0.09219,51.34565],[-0.09143,51.34621],[-0.09219,51.34565]],[[-0.0918,51.34521],[-0.09102,51.34463],[-0.09216,51.34562],[-0.0918,51.34521]],[[-0.0764,51.32482],[-0.0764,51.32482],[-0.07782,51.32776],[-0.0764,51.32482]],[[-0.10992,51.41544],[-0.10801,51.41686],[-0.11052,51.41511],[-0.10992,51.41544]],[[-0.10536,51.35086],[-0.10722,51.34821],[-0.10663,51.34892],[-0.10536,51.35086]],[[-0.09748,51.34833],[-0.10074,51.34937],[-0.09748,51.34833],[-0.09748,51.34833]],[[-0.09553,51.34479],[-0.09544,51.34492],[-0.09952,51.33997],[-0.09553,51.34479]],[[-0.09622,51.3267],[-0.09622,51.3267],[-0.09721,51.32486],[-0.09622,51.3267]],[[-0.11846,51.33878],[-0.12108,51.33977],[-0.11727,51.33821],[-0.11846,51.33878]],[[-0.12336,51.3328],[-0.11976,51.33583],[-0.11727,51.33821],[-0.12336,51.3328]],[[-0.11553,51.33404],[-0.11546,51.33385],[-0.11332,51.33228],[-0.11553,51.33404]],[[-0.11174,51.33059],[-0.11152,51.33024],[-0.11103,51.32961],[-0.11174,51.33059]],[[-0.11317,51.32876],[-0.11476,51.33068],[-0.11189,51.32702],[-0.11317,51.32876]],[[-0.12982,51.32695],[-0.12982,51.32695],[-0.13022,51.32712],[-0.12982,51.32695]],[[-0.12497,51.33138],[-0.12506,51.3313],[-0.12688,51.32907],[-0.12497,51.33138]],[[-0.11836,51.32858],[-0.11791,51.32805],[-0.11921,51.32992],[-0.11836,51.32858]],[[-0.14864,51.31931],[-0.15072,51.31877],[-0.14803,51.31942],[-0.14864,51.31931]],[[-0.13976,51.31376],[-0.14231,51.31425],[-0.13976,51.31376],[-0.13976,51.31376]],[[-0.13527,51.31908],[-0.13527,51.31908],[-0.13485,51.31905],[-0.13527,51.31908]],[[-0.13418,51.32044],[-0.13435,51.32027],[-0.13455,51.32002],[-0.13418,51.32044]],[[-0.10617,51.32077],[-0.10655,51.32041],[-0.10437,51.32201],[-0.10617,51.32077]],[[-0.11027,51.3286],[-0.10929,51.32899],[-0.11027,51.3286],[-0.11027,51.3286]],[[-0.10801,51.32984],[-0.10846,51.3301],[-0.1085,51.33009],[-0.10801,51.32984]],[[-0.11034,51.33887],[-0.11089,51.33949],[-0.11175,51.34016],[-0.11034,51.33887]],[[-0.10428,51.34329],[-0.10843,51.34096],[-0.11089,51.33949],[-0.10428,51.34329]],[[-0.11536,51.41031],[-0.11356,51.41115],[-0.11536,51.41031],[-0.11536,51.41031]],[[-0.11374,51.40291],[-0.11345,51.40309],[-0.11375,51.40291],[-0.11374,51.40291]],[[-0.11105,51.39793],[-0.1121,51.39907],[-0.11384,51.40185],[-0.1143,51.40226],[-0.11234,51.39926],[-0.11105,51.39793]],[[-0.11315,51.39704],[-0.1148,51.39638],[-0.11521,51.39621],[-0.11315,51.39704]],[[-0.11119,51.39578],[-0.11119,51.39578],[-0.1112,51.39533],[-0.11119,51.39578]],[[-0.1152,51.38912],[-0.11491,51.38893],[-0.11682,51.39057],[-0.1152,51.38912]],[[-0.10933,51.38646],[-0.11049,51.38652],[-0.11068,51.38647],[-0.11067,51.38646],[-0.10933,51.38646]],[[-0.10906,51.38429],[-0.1088,51.3831],[-0.10902,51.38438],[-0.11056,51.38629],[-0.10906,51.38429]],[[-0.11508,51.38214],[-0.11472,51.38237],[-0.1147,51.38247],[-0.11508,51.38214]],[[-0.11452,51.38183],[-0.11372,51.38139],[-0.11508,51.38214],[-0.11452,51.38183]],[[-0.1131,51.38069],[-0.11446,51.3814],[-0.11346,51.38072],[-0.1131,51.38069]],[[-0.11236,51.38043],[-0.1122,51.38022],[-0.11257,51.38041],[-0.11136,51.37958],[-0.11236,51.38043]],[[-0.1083,51.3776],[-0.11059,51.37904],[-0.10866,51.37768],[-0.1083,51.3776]],[[-0.11156,51.37315],[-0.11387,51.37361],[-0.11165,51.37313],[-0.11156,51.37315]],[[-0.1081,51.36802],[-0.10653,51.36798],[-0.11068,51.36835],[-0.10749,51.36784],[-0.1081,51.36802]],[[-0.11377,51.37279],[-0.11652,51.37231],[-0.11588,51.37234],[-0.11377,51.37279]],[[-0.12082,51.38548],[-0.11791,51.38557],[-0.11585,51.38565],[-0.12082,51.38548]],[[-0.12372,51.38217],[-0.12411,51.38201],[-0.12477,51.38148],[-0.12372,51.38217]],[[-0.12063,51.38103],[-0.12121,51.38476],[-0.12089,51.38249],[-0.12063,51.38103]],[[-0.12779,51.40605],[-0.12465,51.40665],[-0.1278,51.40605],[-0.12779,51.40605]],[[-0.11831,51.3982],[-0.11799,51.3976],[-0.11773,51.39727],[-0.11831,51.3982]],[[-0.12521,51.38712],[-0.12493,51.38739],[-0.12521,51.38712],[-0.12521,51.38712]],[[-0.12147,51.38846],[-0.12324,51.38923],[-0.12454,51.38956],[-0.12147,51.38846]],[[-0.12095,51.38982],[-0.12095,51.38791],[-0.12093,51.38983],[-0.12095,51.38982]],[[-0.12067,51.38996],[-0.12045,51.38995],[-0.1183,51.39116],[-0.12067,51.38996]],[[-0.12666,51.39181],[-0.12643,51.39268],[-0.12628,51.39349],[-0.12666,51.39181]],[[-0.11535,51.39479],[-0.11597,51.39468],[-0.11646,51.39452],[-0.11535,51.39479]],[[-0.11807,51.402],[-0.11656,51.40232],[-0.11806,51.40201],[-0.11807,51.402]],[[-0.1187,51.40396],[-0.1187,51.40397],[-0.11935,51.40387],[-0.1187,51.40396]],[[-0.12525,51.40542],[-0.12555,51.40608],[-0.12542,51.40572],[-0.12525,51.40542]],[[-0.1196,51.41457],[-0.11897,51.41401],[-0.1173,51.41286],[-0.1196,51.41457]],[[-0.12158,51.41136],[-0.12359,51.41234],[-0.12275,51.41185],[-0.12158,51.41136]],[[-0.10999,51.40535],[-0.10786,51.40388],[-0.10792,51.40392],[-0.10999,51.40535]],[[-0.10565,51.40235],[-0.11141,51.40074],[-0.10796,51.40168],[-0.10565,51.40235]],[[-0.10646,51.40072],[-0.1061,51.40006],[-0.10643,51.4007],[-0.10796,51.40168],[-0.10646,51.40072]],[[-0.10212,51.37728],[-0.10038,51.37375],[-0.10119,51.37547],[-0.10212,51.37728]],[[-0.10289,51.37336],[-0.10168,51.37354],[-0.10038,51.37375],[-0.10289,51.37336]],[[-0.09778,51.35828],[-0.0978,51.35769],[-0.09776,51.35815],[-0.09778,51.35828]],[[-0.1013,51.35624],[-0.10221,51.35533],[-0.10305,51.35421],[-0.1013,51.35624]],[[-0.10696,51.3755],[-0.1066,51.37438],[-0.10685,51.37533],[-0.1064,51.37536],[-0.10696,51.3755]],[[-0.10521,51.36748],[-0.10521,51.36749],[-0.1055,51.36786],[-0.10521,51.36748]],[[-0.10548,51.38113],[-0.10548,51.38113],[-0.10755,51.38072],[-0.10548,51.38113]],[[-0.10923,51.39595],[-0.11039,51.39585],[-0.10897,51.39588],[-0.10923,51.39595]],[[-0.10984,51.39694],[-0.11069,51.39808],[-0.10923,51.39595],[-0.10984,51.39694]],[[-0.10813,51.3922],[-0.11078,51.39472],[-0.10715,51.39122],[-0.10813,51.3922]],[[-0.09899,51.39166],[-0.10122,51.39045],[-0.10397,51.38891],[-0.09899,51.39166]],[[-0.10607,51.3878],[-0.10482,51.38817],[-0.10374,51.38865],[-0.10607,51.3878]],[[-0.09832,51.36756],[-0.09965,51.36774],[-0.09673,51.36724],[-0.09832,51.36756]],[[-0.09635,51.36546],[-0.09651,51.36567],[-0.09642,51.36505],[-0.09635,51.36546]],[[-0.09341,51.36233],[-0.09607,51.36218],[-0.09548,51.3622],[-0.09341,51.36233]],[[-0.09306,51.36672],[-0.09306,51.36672],[-0.09341,51.36233],[-0.09306,51.36672]],[[-0.09949,51.37468],[-0.09733,51.37495],[-0.09733,51.37495],[-0.09949,51.37468]],[[-0.09665,51.37401],[-0.09708,51.37367],[-0.09661,51.37396],[-0.09665,51.37401]],[[-0.09606,51.36936],[-0.09635,51.36936],[-0.09696,51.36915],[-0.09606,51.36936]],[[-0.08538,51.40407],[-0.083,51.40543],[-0.08741,51.40322],[-0.08538,51.40407]],[[-0.08574,51.39978],[-0.08555,51.39999],[-0.08677,51.39915],[-0.08574,51.39978]],[[-0.08342,51.39796],[-0.0855,51.39961],[-0.08574,51.39978],[-0.08342,51.39796]],[[-0.08209,51.39691],[-0.08278,51.39746],[-0.07921,51.39366],[-0.08209,51.39691]],[[-0.07706,51.39324],[-0.07363,51.39903],[-0.07706,51.39323],[-0.07706,51.39324]],[[-0.06685,51.39439],[-0.06793,51.39606],[-0.06562,51.3919],[-0.06685,51.39439]],[[-0.06199,51.39221],[-0.06558,51.39119],[-0.06521,51.39129],[-0.06199,51.39221]],[[-0.06062,51.38996],[-0.05741,51.39219],[-0.06455,51.38745],[-0.06062,51.38996]],[[-0.06871,51.3857],[-0.07082,51.38453],[-0.06455,51.38745],[-0.06871,51.3857]],[[-0.0631,51.38118],[-0.06367,51.38229],[-0.06303,51.38094],[-0.0631,51.38118]],[[-0.06524,51.36194],[-0.06886,51.36272],[-0.06903,51.36273],[-0.06524,51.36194]],[[-0.06091,51.34078],[-0.05965,51.34124],[-0.06002,51.34173],[-0.05972,51.34122],[-0.06091,51.34078]],[[-0.07157,51.3335],[-0.07332,51.33557],[-0.07128,51.33298],[-0.07157,51.3335]],[[-0.05868,51.33056],[-0.05888,51.33056],[-0.06217,51.3294],[-0.05868,51.33056]],[[-0.08703,51.39351],[-0.08821,51.39098],[-0.08788,51.39168],[-0.08703,51.39351]],[[-0.0824,51.38844],[-0.07862,51.39128],[-0.08716,51.38496],[-0.0824,51.38844]],[[-0.08595,51.38459],[-0.08634,51.38481],[-0.08423,51.3835],[-0.08595,51.38459]],[[-0.09704,51.40042],[-0.09744,51.40022],[-0.0982,51.3996],[-0.09704,51.40042]],[[-0.09653,51.40335],[-0.09585,51.40386],[-0.09751,51.40292],[-0.09653,51.40335]],[[-0.09099,51.40009],[-0.09111,51.40038],[-0.09141,51.40059],[-0.09099,51.40009]],[[-0.09066,51.38979],[-0.08897,51.38942],[-0.08895,51.38945],[-0.09066,51.38979]],[[-0.09311,51.39504],[-0.09385,51.39402],[-0.09311,51.39503],[-0.09311,51.39504]],[[-0.09079,51.39406],[-0.0913,51.39446],[-0.09112,51.39426],[-0.09311,51.39503],[-0.09079,51.39406]],[[-0.09676,51.39938],[-0.09499,51.40082],[-0.09614,51.40001],[-0.09676,51.39938]],[[-0.09211,51.4138],[-0.09385,51.41093],[-0.09249,51.41292],[-0.09211,51.4138]],[[-0.09916,51.41952],[-0.09889,51.42021],[-0.10013,51.41802],[-0.09916,51.41952]],[[-0.08035,51.37957],[-0.0806,51.37911],[-0.08005,51.37995],[-0.08035,51.37957]],[[-0.07787,51.38005],[-0.07778,51.38019],[-0.07943,51.37968],[-0.07787,51.38005]],[[-0.07356,51.3767],[-0.07296,51.38169],[-0.07321,51.37988],[-0.07356,51.3767]],[[-0.07918,51.34516],[-0.07937,51.34462],[-0.0772,51.34796],[-0.07918,51.34516]],[[-0.08785,51.37149],[-0.08709,51.37266],[-0.08764,51.37203],[-0.08785,51.37149]],[[-0.07988,51.36978],[-0.07799,51.3712],[-0.07944,51.37016],[-0.07988,51.36978]],[[-0.07955,51.37514],[-0.08321,51.375],[-0.07789,51.37511],[-0.07955,51.37514]],[[-0.07797,51.38595],[-0.07971,51.38506],[-0.07936,51.38521],[-0.07797,51.38595]],[[-0.07002,51.37984],[-0.06832,51.38002],[-0.06718,51.38027],[-0.07002,51.37984]],[[-0.07865,51.38197],[-0.07811,51.38229],[-0.07727,51.38281],[-0.07865,51.38197]],[[-0.06872,51.38918],[-0.06809,51.3899],[-0.06813,51.38991],[-0.06872,51.38918]],[[-0.07428,51.39124],[-0.07304,51.39207],[-0.07355,51.39184],[-0.07428,51.39124]],[[-0.06686,51.39862],[-0.06757,51.39896],[-0.06635,51.3981],[-0.06686,51.39862]],[[-0.08135,51.40531],[-0.08218,51.40492],[-0.08143,51.40516],[-0.08135,51.40531]],[[-0.07217,51.40177],[-0.07268,51.40086],[-0.07179,51.40246],[-0.07217,51.40177]],[[-0.06995,51.40155],[-0.06975,51.4012],[-0.06996,51.40157],[-0.07268,51.40086],[-0.06995,51.40155]],[[-0.07093,51.39759],[-0.07065,51.39735],[-0.07088,51.39723],[-0.06998,51.39723],[-0.07093,51.39759]],[[-0.04116,51.3477],[-0.04218,51.34696],[-0.0387,51.34928],[-0.04116,51.3477]],[[-0.03532,51.34837],[-0.03515,51.3479],[-0.03532,51.34837],[-0.03532,51.34837]],[[-0.02499,51.35227],[-0.02233,51.34803],[-0.0216,51.34705],[-0.02377,51.35055],[-0.02499,51.35227]],[[-0.0188,51.34763],[-0.02055,51.34691],[-0.0199,51.34717],[-0.0188,51.34763]],[[-0.0111,51.34818],[-0.01074,51.34812],[-0.01072,51.34824],[-0.0111,51.34818]],[[-0.05565,51.34067],[-0.05298,51.34218],[-0.05733,51.33989],[-0.05565,51.34067]],[[-0.04283,51.34361],[-0.04356,51.3436],[-0.04087,51.34315],[-0.04283,51.34361]],[[-0.01683,51.34321],[-0.01966,51.34611],[-0.0194,51.34572],[-0.01683,51.34321]],[[-0.01765,51.34254],[-0.0172,51.3429],[-0.01683,51.34321],[-0.01765,51.34254]],[[-0.00595,51.34402],[-0.0061,51.3446],[-0.00574,51.3428],[-0.00595,51.34402]],[[-0.00886,51.3378],[-0.00948,51.33738],[-0.01045,51.3367],[-0.00886,51.3378]],[[-0.04779,51.36854],[-0.04822,51.36981],[-0.04804,51.36923],[-0.04779,51.36854]],[[-0.0422,51.36813],[-0.0443,51.36948],[-0.04263,51.36836],[-0.0422,51.36813]],[[-0.02983,51.36999],[-0.0284,51.37009],[-0.03122,51.36996],[-0.02983,51.36999]],[[-0.03756,51.35204],[-0.03934,51.35218],[-0.03825,51.35205],[-0.03756,51.35204]],[[-0.01326,51.35366],[-0.01125,51.35291],[-0.01233,51.35338],[-0.01326,51.35366]],[[-0.05056,51.38409],[-0.05272,51.3832],[-0.05566,51.38193],[-0.05056,51.38409]],[[-0.05619,51.3829],[-0.0554,51.38142],[-0.05566,51.38193],[-0.05619,51.3829]],[[-0.05182,51.37421],[-0.04547,51.37543],[-0.05275,51.3741],[-0.05182,51.37421]],[[-0.04466,51.37288],[-0.04384,51.37276],[-0.04253,51.37285],[-0.04466,51.37288]]]}},{"type":"Feature","properties":{"n":"Ealing"},"geometry":{"type":"Polygon","coordinates":[[[-0.37171,51.49093],[-0.37376,51.49189],[-0.37578,51.49521],[-0.37786,51.49545],[-0.37763,51.49663],[-0.37611,51.49716],[-0.38154,51.49533],[-0.3844,51.49471],[-0.38753,51.49484],[-0.39028,51.49539],[-0.40689,51.49969],[-0.40387,51.50292],[-0.40276,51.50364],[-0.39985,51.50443],[-0.39387,51.5068],[-0.39258,51.50851],[-0.39026,51.51367],[-0.38923,51.51462],[-0.38518,51.51629],[-0.38188,51.51853],[-0.37599,51.52514],[-0.37636,51.52884],[-0.3867,51.53038],[-0.38715,51.52956],[-0.38984,51.53094],[-0.4111,51.53433],[-0.41184,51.53413],[-0.41225,51.53457],[-0.41349,51.53476],[-0.4139,51.53584],[-0.41476,51.53601],[-0.41538,51.53666],[-0.41752,51.53671],[-0.41748,51.53782],[-0.41923,51.53822],[-0.41964,51.5386],[-0.41822,51.53912],[-0.41951,51.54002],[-0.41931,51.54044],[-0.41851,51.54025],[-0.41613,51.54027],[-0.40483,51.54251],[-0.39751,51.54237],[-0.39529,51.5426],[-0.39544,51.54372],[-0.3965,51.546],[-0.39789,51.54571],[-0.39871,51.54796],[-0.39492,51.54766],[-0.39497,51.54876],[-0.39392,51.5487],[-0.38525,51.55117],[-0.37775,51.55469],[-0.37787,51.55495],[-0.37758,51.555],[-0.37653,51.55351],[-0.37584,51.55306],[-0.37334,51.55403],[-0.37283,51.55372],[-0.36668,51.55509],[-0.36692,51.55378],[-0.36657,51.55532],[-0.36252,51.55603],[-0.36268,51.5563],[-0.36211,51.55657],[-0.36241,51.55727],[-0.34753,51.55969],[-0.34548,51.55838],[-0.34297,51.55754],[-0.33745,51.557],[-0.32794,51.5553],[-0.31915,51.55204],[-0.31253,51.54902],[-0.31147,51.54756],[-0.30798,51.54606],[-0.30716,51.54528],[-0.30894,51.54524],[-0.30807,51.54446],[-0.30855,51.54324],[-0.30471,51.53986],[-0.30594,51.53943],[-0.30587,51.53695],[-0.30635,51.53383],[-0.30744,51.53305],[-0.30271,51.53198],[-0.30349,51.53151],[-0.29953,51.53325],[-0.29678,51.53516],[-0.29594,51.53532],[-0.2952,51.5349],[-0.29318,51.535],[-0.28669,51.53677],[-0.28254,51.53863],[-0.27797,51.53488],[-0.27938,51.53307],[-0.28113,51.53264],[-0.2816,51.53324],[-0.28363,51.53297],[-0.28402,51.53352],[-0.28937,51.53167],[-0.29007,51.53205],[-0.28568,51.52919],[-0.28046,51.52841],[-0.27717,51.52923],[-0.27057,51.53004],[-0.27039,51.52977],[-0.26965,51.53],[-0.269,51.52974],[-0.26678,51.53043],[-0.26493,51.53157],[-0.26468,51.53223],[-0.26003,51.53461],[-0.25779,51.53534],[-0.25642,51.53493],[-0.25603,51.53395],[-0.25232,51.53414],[-0.25112,51.5339],[-0.25038,51.53412],[-0.24713,51.53344],[-0.24637,51.5328],[-0.24692,51.53185],[-0.24527,51.53129],[-0.24695,51.5308],[-0.24964,51.52913],[-0.25053,51.52781],[-0.25023,51.52722],[-0.25247,51.52521],[-0.25267,51.52451],[-0.25191,51.52226],[-0.25038,51.52004],[-0.25064,51.51963],[-0.25033,51.51776],[-0.24917,51.51413],[-0.2466,51.5112],[-0.24506,51.50674],[-0.24649,51.50673],[-0.24683,51.50717],[-0.2457,51.50467],[-0.24802,51.50435],[-0.24925,51.5044],[-0.24942,51.50466],[-0.24988,51.50439],[-0.251,51.50463],[-0.2526,51.50448],[-0.25267,51.50471],[-0.25369,51.50457],[-0.25371,51.50429],[-0.25505,51.5043],[-0.25395,51.50345],[-0.25312,51.50232],[-0.25276,51.50008],[-0.25521,51.49634],[-0.25559,51.49627],[-0.25578,51.49664],[-0.25541,51.49491],[-0.26214,51.49453],[-0.26756,51.49392],[-0.2704,51.49432],[-0.27163,51.49496],[-0.27214,51.49543],[-0.27246,51.49615],[-0.27657,51.49845],[-0.27819,51.4998],[-0.27924,51.50137],[-0.28073,51.50278],[-0.28509,51.50091],[-0.28723,51.50074],[-0.2934,51.50159],[-0.29442,51.50147],[-0.30038,51.49945],[-0.3058,51.49836],[-0.3007,51.49935],[-0.3,51.49786],[-0.29762,51.49493],[-0.30109,51.49442],[-0.30133,51.49523],[-0.30587,51.49621],[-0.30559,51.49482],[-0.30571,51.49449],[-0.30964,51.49309],[-0.31192,51.49203],[-0.31371,51.49343],[-0.31507,51.49398],[-0.31449,51.49436],[-0.31567,51.49538],[-0.31536,51.4956],[-0.31586,51.49591],[-0.31924,51.49431],[-0.32341,51.4959],[-0.32457,51.49596],[-0.32318,51.49686],[-0.32614,51.49503],[-0.3274,51.49604],[-0.32995,51.49508],[-0.33111,51.49551],[-0.33545,51.49621],[-0.34209,51.49604],[-0.35017,51.49911],[-0.35787,51.49781],[-0.36314,51.49582],[-0.36386,51.4946],[-0.36529,51.4934],[-0.36573,51.49369],[-0.36699,51.49276],[-0.36829,51.49226],[-0.36789,51.49181],[-0.37181,51.49053],[-0.37171,51.49093]],[[-0.25645,51.49654],[-0.25682,51.4964],[-0.25578,51.49664],[-0.25645,51.49654]],[[-0.30705,51.5024],[-0.30653,51.50054],[-0.3058,51.49836],[-0.30705,51.5024]],[[-0.30679,51.50426],[-0.307,51.50295],[-0.30705,51.5024],[-0.30679,51.50426]],[[-0.337,51.555],[-0.33871,51.55275],[-0.33889,51.55229],[-0.337,51.555]],[[-0.34256,51.54658],[-0.34134,51.54602],[-0.34133,51.54602],[-0.34256,51.54658]],[[-0.34621,51.53672],[-0.34455,51.53913],[-0.34455,51.53913],[-0.34621,51.53672]],[[-0.34413,51.5274],[-0.34171,51.52758],[-0.34506,51.52748],[-0.34413,51.5274]],[[-0.34641,51.52119],[-0.34049,51.52178],[-0.33988,51.52192],[-0.34641,51.52119]],[[-0.344,51.51944],[-0.34366,51.51944],[-0.34329,51.51952],[-0.344,51.51944]],[[-0.34248,51.51708],[-0.34089,51.51734],[-0.34298,51.51716],[-0.34248,51.51708]],[[-0.33493,51.5181],[-0.33661,51.51783],[-0.33802,51.51759],[-0.33493,51.5181]],[[-0.33429,51.51756],[-0.33367,51.51597],[-0.33423,51.51756],[-0.33478,51.51752],[-0.33429,51.51756]],[[-0.33085,51.51777],[-0.33097,51.51824],[-0.33087,51.51694],[-0.33085,51.51777]],[[-0.32769,51.52091],[-0.32815,51.52084],[-0.32971,51.52049],[-0.32769,51.52091]],[[-0.32277,51.51859],[-0.32277,51.51859],[-0.32438,51.51795],[-0.32277,51.51859]],[[-0.31954,51.51503],[-0.31943,51.517],[-0.31948,51.5165],[-0.31954,51.51503]],[[-0.3186,51.51501],[-0.3158,51.51503],[-0.31954,51.51503],[-0.3186,51.51501]],[[-0.31434,51.51388],[-0.31428,51.51388],[-0.31438,51.514],[-0.31434,51.51388]],[[-0.32059,51.51072],[-0.31298,51.51193],[-0.30805,51.51273],[-0.31091,51.51229],[-0.32059,51.51072]],[[-0.3167,51.50289],[-0.31591,51.50368],[-0.31591,51.50368],[-0.3167,51.50289]],[[-0.31574,51.50037],[-0.31528,51.50054],[-0.31698,51.49995],[-0.31574,51.50037]],[[-0.31984,51.49823],[-0.31479,51.49936],[-0.31548,51.49923],[-0.31984,51.49823]],[[-0.37441,51.54862],[-0.37169,51.55032],[-0.374,51.54898],[-0.37441,51.54862]],[[-0.3732,51.54794],[-0.3732,51.54794],[-0.37441,51.54862],[-0.3732,51.54794]],[[-0.36608,51.5399],[-0.37004,51.54057],[-0.36659,51.53996],[-0.36608,51.5399]],[[-0.36952,51.52931],[-0.36984,51.52932],[-0.37195,51.52938],[-0.36952,51.52931]],[[-0.36982,51.526],[-0.37119,51.52847],[-0.37068,51.52747],[-0.36982,51.526]],[[-0.37339,51.5198],[-0.37409,51.5201],[-0.37446,51.52007],[-0.37339,51.5198]],[[-0.36595,51.52105],[-0.36769,51.51934],[-0.36776,51.51925],[-0.36595,51.52105]],[[-0.36629,51.51877],[-0.3678,51.51919],[-0.3678,51.51919],[-0.36629,51.51877]],[[-0.36013,51.51527],[-0.3608,51.51435],[-0.36078,51.51433],[-0.36013,51.51527]],[[-0.35962,51.51886],[-0.35878,51.51862],[-0.35789,51.51849],[-0.35962,51.51886]],[[-0.35441,51.52117],[-0.35441,51.52117],[-0.3536,51.52112],[-0.35441,51.52117]],[[-0.33189,51.51279],[-0.33535,51.51219],[-0.33578,51.51207],[-0.33189,51.51279]],[[-0.34381,51.51099],[-0.33502,51.51214],[-0.3236,51.51322],[-0.33578,51.51207],[-0.34381,51.51099]],[[-0.37895,51.53281],[-0.37971,51.53089],[-0.3786,51.53217],[-0.37962,51.53107],[-0.37895,51.53281]],[[-0.37646,51.53201],[-0.37816,51.53219],[-0.3786,51.53217],[-0.37646,51.53201]],[[-0.37555,51.53105],[-0.37565,51.53081],[-0.37471,51.53281],[-0.37555,51.53105]],[[-0.37518,51.52973],[-0.37595,51.52983],[-0.37345,51.52947],[-0.37518,51.52973]],[[-0.37188,51.5137],[-0.37148,51.51271],[-0.37156,51.51321],[-0.37188,51.5137]],[[-0.37074,51.51073],[-0.36695,51.51131],[-0.36698,51.51131],[-0.37074,51.51073]],[[-0.36709,51.50042],[-0.3738,51.49811],[-0.37268,51.49849],[-0.36709,51.50042]],[[-0.38885,51.50449],[-0.39705,51.50345],[-0.38197,51.50547],[-0.38885,51.50449]],[[-0.39646,51.50047],[-0.3963,51.49969],[-0.39705,51.50345],[-0.39646,51.50047]],[[-0.38483,51.51],[-0.38384,51.50985],[-0.3843,51.50993],[-0.38483,51.51]],[[-0.38871,51.50061],[-0.38734,51.50111],[-0.38856,51.50079],[-0.38765,51.50195],[-0.38871,51.50061]],[[-0.38958,51.50258],[-0.38935,51.50251],[-0.38765,51.50195],[-0.38958,51.50258]],[[-0.37666,51.49815],[-0.37656,51.49906],[-0.37654,51.49947],[-0.37666,51.49815]],[[-0.38353,51.51468],[-0.38353,51.51468],[-0.3838,51.51296],[-0.38353,51.51468]],[[-0.38141,51.51209],[-0.38196,51.51191],[-0.38224,51.51162],[-0.38141,51.51209]],[[-0.37838,51.51181],[-0.38009,51.51177],[-0.37555,51.51163],[-0.37838,51.51181]],[[-0.38908,51.51107],[-0.38839,51.51096],[-0.38859,51.51102],[-0.38908,51.51107]],[[-0.38243,51.5446],[-0.38885,51.54655],[-0.37411,51.5417],[-0.38243,51.5446]],[[-0.39238,51.53449],[-0.39377,51.53515],[-0.39207,51.53417],[-0.39238,51.53449]],[[-0.38306,51.53785],[-0.38401,51.53887],[-0.38123,51.53539],[-0.38306,51.53785]],[[-0.37724,51.53623],[-0.38064,51.53675],[-0.37878,51.53642],[-0.37724,51.53623]],[[-0.37326,51.53564],[-0.37324,51.53588],[-0.37351,51.53453],[-0.37326,51.53564]],[[-0.35435,51.50878],[-0.35442,51.50858],[-0.35372,51.50922],[-0.35435,51.50878]],[[-0.36468,51.54919],[-0.36051,51.55096],[-0.36334,51.54978],[-0.36468,51.54919]],[[-0.35763,51.54801],[-0.35762,51.54973],[-0.35786,51.54856],[-0.35763,51.54801]],[[-0.35555,51.55359],[-0.35495,51.55347],[-0.36044,51.55537],[-0.35555,51.55359]],[[-0.34665,51.5525],[-0.34626,51.55249],[-0.33804,51.55396],[-0.34665,51.5525]],[[-0.35455,51.52995],[-0.35679,51.53096],[-0.35838,51.53166],[-0.35455,51.52995]],[[-0.35388,51.53163],[-0.35908,51.53176],[-0.35646,51.53158],[-0.35388,51.53163]],[[-0.34892,51.52426],[-0.34949,51.52665],[-0.34933,51.52581],[-0.34892,51.52426]],[[-0.36426,51.52349],[-0.36549,51.52334],[-0.36427,51.52348],[-0.36426,51.52349]],[[-0.3564,51.52456],[-0.3572,51.52382],[-0.3576,51.52313],[-0.3564,51.52456]],[[-0.36044,51.51909],[-0.36044,51.51909],[-0.36026,51.51941],[-0.36044,51.51909]],[[-0.36189,51.52671],[-0.36119,51.52785],[-0.36135,51.5276],[-0.36189,51.52671]],[[-0.36006,51.5282],[-0.35592,51.52672],[-0.35673,51.52709],[-0.36006,51.5282]],[[-0.35625,51.53812],[-0.35053,51.53699],[-0.36353,51.53958],[-0.35625,51.53812]],[[-0.34955,51.53188],[-0.35029,51.53096],[-0.34743,51.53438],[-0.34955,51.53188]],[[-0.34855,51.54609],[-0.34826,51.54598],[-0.34493,51.54556],[-0.34855,51.54609]],[[-0.34424,51.54793],[-0.3431,51.54779],[-0.34424,51.54793],[-0.34424,51.54793]],[[-0.3351,51.50491],[-0.33505,51.5049],[-0.33721,51.50626],[-0.3351,51.50491]],[[-0.33418,51.50829],[-0.33148,51.50554],[-0.33148,51.50554],[-0.33403,51.50815],[-0.33456,51.50918],[-0.33418,51.50829]],[[-0.33371,51.5037],[-0.33128,51.50486],[-0.33041,51.50527],[-0.33371,51.5037]],[[-0.32977,51.50137],[-0.33103,51.50241],[-0.33174,51.50284],[-0.32977,51.50137]],[[-0.32618,51.50404],[-0.3274,51.50667],[-0.3274,51.50668],[-0.32618,51.50404]],[[-0.32241,51.5053],[-0.3215,51.50564],[-0.32269,51.50521],[-0.32241,51.5053]],[[-0.32187,51.5045],[-0.3216,51.50422],[-0.32241,51.5053],[-0.32187,51.5045]],[[-0.32331,51.50163],[-0.32293,51.50184],[-0.32269,51.5022],[-0.32331,51.50163]],[[-0.33962,51.50858],[-0.33948,51.50823],[-0.33892,51.50777],[-0.33962,51.50858]],[[-0.28405,51.52649],[-0.28498,51.52644],[-0.28405,51.52649],[-0.28405,51.52649]],[[-0.28836,51.5149],[-0.28852,51.51505],[-0.28853,51.51505],[-0.28836,51.5149]],[[-0.3219,51.53281],[-0.32069,51.53418],[-0.32099,51.53385],[-0.3219,51.53281]],[[-0.31744,51.52539],[-0.31757,51.52581],[-0.31744,51.52539],[-0.31744,51.52539]],[[-0.31377,51.5242],[-0.31553,51.52443],[-0.31477,51.52428],[-0.31377,51.5242]],[[-0.31139,51.52132],[-0.31592,51.52192],[-0.3148,51.52177],[-0.31139,51.52132]],[[-0.31489,51.51936],[-0.31508,51.51937],[-0.31282,51.51924],[-0.31489,51.51936]],[[-0.33326,51.534],[-0.337,51.53446],[-0.34085,51.53497],[-0.33325,51.53387],[-0.3327,51.53206],[-0.33326,51.534]],[[-0.32965,51.53763],[-0.33027,51.53786],[-0.3308,51.53797],[-0.32965,51.53763]],[[-0.33463,51.52705],[-0.33187,51.52146],[-0.33315,51.52424],[-0.33463,51.52705]],[[-0.33367,51.52645],[-0.33253,51.52437],[-0.33224,51.5239],[-0.33367,51.52645]],[[-0.3266,51.52287],[-0.32712,51.5228],[-0.32802,51.52269],[-0.3266,51.52287]],[[-0.33808,51.52711],[-0.33665,51.52428],[-0.33713,51.52546],[-0.33808,51.52711]],[[-0.33212,51.55255],[-0.3331,51.55282],[-0.33216,51.55303],[-0.33422,51.55286],[-0.33212,51.55255]],[[-0.33001,51.53848],[-0.32975,51.53841],[-0.33395,51.5395],[-0.33001,51.53848]],[[-0.32893,51.55508],[-0.32893,51.55508],[-0.33006,51.55451],[-0.32893,51.55508]],[[-0.31395,51.49845],[-0.31358,51.49861],[-0.3113,51.49958],[-0.31395,51.49845]],[[-0.30988,51.49608],[-0.30946,51.49627],[-0.30953,51.49627],[-0.30988,51.49608]],[[-0.30861,51.49605],[-0.30901,51.49636],[-0.30901,51.49636],[-0.30861,51.49605]],[[-0.30877,51.49531],[-0.31052,51.49439],[-0.30916,51.49501],[-0.30877,51.49531]],[[-0.30556,51.51059],[-0.30554,51.51048],[-0.3054,51.51096],[-0.30556,51.51059]],[[-0.29724,51.51281],[-0.29701,51.51158],[-0.29697,51.51149],[-0.29724,51.51281]],[[-0.29579,51.50959],[-0.29607,51.51115],[-0.29667,51.51302],[-0.29579,51.50959]],[[-0.29905,51.50502],[-0.2989,51.50464],[-0.29845,51.50348],[-0.29905,51.50502]],[[-0.29731,51.50197],[-0.29706,51.50233],[-0.29734,51.50196],[-0.29731,51.50197]],[[-0.31116,51.50639],[-0.30985,51.50678],[-0.31026,51.50666],[-0.31116,51.50639]],[[-0.30802,51.51428],[-0.30855,51.51424],[-0.30542,51.51442],[-0.30802,51.51428]],[[-0.30537,51.51379],[-0.30538,51.51414],[-0.30542,51.51442],[-0.30537,51.51379]],[[-0.30063,51.51542],[-0.2975,51.5154],[-0.30158,51.51557],[-0.30063,51.51542]],[[-0.29189,51.51491],[-0.29157,51.51591],[-0.29132,51.51725],[-0.29152,51.51648],[-0.29189,51.51491]],[[-0.29964,51.51118],[-0.30001,51.51293],[-0.30033,51.51407],[-0.29964,51.51118]],[[-0.30148,51.51889],[-0.2985,51.51881],[-0.2985,51.51881],[-0.30148,51.51889]],[[-0.27849,51.51974],[-0.28452,51.51564],[-0.27176,51.52443],[-0.27849,51.51974]],[[-0.29919,51.52616],[-0.29913,51.52772],[-0.29933,51.52471],[-0.29919,51.52616]],[[-0.31179,51.53395],[-0.31179,51.53395],[-0.31169,51.53514],[-0.31179,51.53395]],[[-0.27611,51.50545],[-0.2785,51.50503],[-0.27422,51.50582],[-0.27611,51.50545]],[[-0.27009,51.50628],[-0.27045,51.50564],[-0.26991,51.50644],[-0.27009,51.50628]],[[-0.26911,51.50537],[-0.26935,51.50454],[-0.26935,51.50454],[-0.26911,51.50537]],[[-0.26941,51.5068],[-0.26369,51.50652],[-0.26781,51.50674],[-0.26941,51.5068]],[[-0.26323,51.50758],[-0.26307,51.50803],[-0.26369,51.50652],[-0.26323,51.50758]],[[-0.25109,51.50567],[-0.25109,51.50567],[-0.24946,51.50579],[-0.25109,51.50567]],[[-0.24924,51.50839],[-0.24705,51.50851],[-0.24865,51.50843],[-0.24924,51.50839]],[[-0.26728,51.49613],[-0.2661,51.49597],[-0.26739,51.49622],[-0.26728,51.49613]],[[-0.26207,51.50062],[-0.26478,51.5005],[-0.26518,51.50044],[-0.26207,51.50062]],[[-0.262,51.50256],[-0.26166,51.50008],[-0.26166,51.50008],[-0.262,51.50256]],[[-0.2628,51.49592],[-0.2619,51.4956],[-0.2628,51.49593],[-0.2628,51.49592]],[[-0.27352,51.50343],[-0.27269,51.50342],[-0.27205,51.5026],[-0.27335,51.5045],[-0.27265,51.50343],[-0.27352,51.50343]],[[-0.27321,51.50242],[-0.27062,51.5027],[-0.27205,51.5026],[-0.27321,51.50242]],[[-0.27438,51.51163],[-0.27265,51.51045],[-0.27545,51.51248],[-0.27438,51.51163]],[[-0.27005,51.51195],[-0.27055,51.51205],[-0.27056,51.51198],[-0.27005,51.51195]],[[-0.26906,51.51364],[-0.2688,51.51397],[-0.26943,51.51331],[-0.26906,51.51364]],[[-0.26082,51.51358],[-0.26008,51.51472],[-0.26067,51.51388],[-0.26082,51.51358]],[[-0.25877,51.51459],[-0.25976,51.51519],[-0.25976,51.51519],[-0.25877,51.51459]],[[-0.25235,51.51408],[-0.24936,51.51395],[-0.25333,51.51424],[-0.25235,51.51408]],[[-0.28149,51.51064],[-0.2818,51.51196],[-0.28124,51.5094],[-0.28149,51.51064]],[[-0.27713,51.50985],[-0.27834,51.50974],[-0.27916,51.50952],[-0.27713,51.50985]],[[-0.26304,51.50815],[-0.26387,51.50858],[-0.26304,51.50815],[-0.26304,51.50815]],[[-0.26141,51.51236],[-0.26205,51.51106],[-0.26255,51.50957],[-0.26141,51.51236]],[[-0.25668,51.51276],[-0.25726,51.51356],[-0.25694,51.51308],[-0.25668,51.51276]],[[-0.26869,51.52142],[-0.26848,51.5208],[-0.268,51.51948],[-0.26869,51.52142]],[[-0.26366,51.52138],[-0.26519,51.51935],[-0.26606,51.51813],[-0.26366,51.52138]],[[-0.26911,51.51528],[-0.26813,51.51562],[-0.26689,51.51606],[-0.26911,51.51528]],[[-0.25935,51.52169],[-0.26108,51.52096],[-0.25993,51.52136],[-0.25935,51.52169]],[[-0.26592,51.52506],[-0.26119,51.52419],[-0.26244,51.52445],[-0.26592,51.52506]]]}},{"type":"Feature","properties":{"n":"Enfield"},"geometry":{"type":"Polygon","coordinates":[[[-0.11726,51.60844],[-0.11749,51.6082],[-0.11877,51.60854],[-0.11924,51.60837],[-0.12319,51.60878],[-0.12489,51.60995],[-0.12533,51.61002],[-0.12645,51.60935],[-0.12932,51.60966],[-0.13526,51.61122],[-0.13876,51.6102],[-0.14186,51.61282],[-0.14451,51.61549],[-0.14198,51.61619],[-0.14123,51.61766],[-0.14062,51.61773],[-0.13537,51.62179],[-0.13541,51.62221],[-0.13427,51.62408],[-0.13352,51.62635],[-0.1326,51.62705],[-0.13106,51.62908],[-0.13044,51.62938],[-0.13112,51.62966],[-0.12956,51.63142],[-0.12914,51.63227],[-0.13207,51.63282],[-0.13392,51.63361],[-0.13396,51.63405],[-0.13458,51.63378],[-0.13427,51.63442],[-0.13478,51.63483],[-0.13843,51.63653],[-0.14229,51.63932],[-0.14224,51.63952],[-0.14496,51.64248],[-0.14789,51.64208],[-0.14897,51.64407],[-0.14914,51.64524],[-0.15173,51.64536],[-0.15157,51.64565],[-0.15214,51.64583],[-0.15104,51.64721],[-0.15236,51.64765],[-0.15225,51.64799],[-0.14989,51.64879],[-0.15093,51.65001],[-0.15224,51.64985],[-0.15249,51.65137],[-0.15348,51.6527],[-0.15403,51.65256],[-0.15403,51.65315],[-0.15346,51.65331],[-0.15373,51.65461],[-0.1547,51.65503],[-0.15476,51.65553],[-0.16014,51.65667],[-0.16278,51.65797],[-0.16502,51.65823],[-0.18587,51.66284],[-0.18209,51.6686],[-0.17671,51.6721],[-0.17701,51.67268],[-0.17544,51.67259],[-0.17566,51.67316],[-0.17533,51.67345],[-0.17496,51.67322],[-0.17247,51.67309],[-0.16361,51.6824],[-0.16349,51.68812],[-0.15799,51.68724],[-0.15326,51.68586],[-0.14937,51.68552],[-0.14466,51.68634],[-0.13959,51.68792],[-0.13538,51.68873],[-0.13025,51.68892],[-0.12218,51.68855],[-0.11825,51.68894],[-0.1129,51.69082],[-0.10962,51.69149],[-0.10975,51.69168],[-0.10578,51.69188],[-0.09838,51.69091],[-0.09429,51.69008],[-0.09015,51.6899],[-0.08482,51.69009],[-0.079,51.68891],[-0.06548,51.68363],[-0.0611,51.68291],[-0.05169,51.68353],[-0.04918,51.68427],[-0.0466,51.6834],[-0.04366,51.68335],[-0.04376,51.68311],[-0.03709,51.68286],[-0.03673,51.68257],[-0.0294,51.68243],[-0.01801,51.68103],[-0.01107,51.68087],[-0.01096,51.67952],[-0.01026,51.67649],[-0.01142,51.67111],[-0.01056,51.66917],[-0.0113,51.66654],[-0.01144,51.66357],[-0.00906,51.66096],[-0.00894,51.66022],[-0.01179,51.65298],[-0.01187,51.64869],[-0.01324,51.63994],[-0.01525,51.63567],[-0.02308,51.6258],[-0.02587,51.62186],[-0.03224,51.61676],[-0.03543,51.6128],[-0.03552,51.61194],[-0.03416,51.6103],[-0.034,51.60949],[-0.03483,51.6085],[-0.04143,51.60563],[-0.05304,51.60802],[-0.05292,51.60853],[-0.05513,51.60884],[-0.06188,51.60861],[-0.06602,51.60864],[-0.06697,51.6089],[-0.0677,51.60864],[-0.0681,51.60879],[-0.07734,51.60844],[-0.08462,51.60845],[-0.09257,51.60908],[-0.09262,51.60887],[-0.09516,51.60865],[-0.0958,51.60928],[-0.09765,51.60896],[-0.09742,51.6085],[-0.1021,51.6084],[-0.10246,51.60802],[-0.1032,51.6083],[-0.10525,51.60847],[-0.11039,51.60831],[-0.11078,51.60862],[-0.11397,51.60832],[-0.11726,51.60844]],[[-0.13281,51.61292],[-0.1339,51.61216],[-0.13526,51.61122],[-0.13281,51.61292]],[[-0.13199,51.62366],[-0.13401,51.62406],[-0.1333,51.62432],[-0.13427,51.62408],[-0.13199,51.62366]],[[-0.13621,51.63742],[-0.13611,51.6375],[-0.13843,51.63653],[-0.13621,51.63742]],[[-0.05004,51.68268],[-0.05584,51.66697],[-0.05285,51.67469],[-0.05004,51.68268]],[[-0.0762,51.66838],[-0.07641,51.66797],[-0.07552,51.66906],[-0.0762,51.66838]],[[-0.0893,51.66594],[-0.08746,51.66643],[-0.08861,51.66621],[-0.0893,51.66594]],[[-0.08247,51.6663],[-0.0822,51.66701],[-0.08247,51.66657],[-0.08247,51.6663]],[[-0.0868,51.6516],[-0.08518,51.65179],[-0.08584,51.65178],[-0.0868,51.6516]],[[-0.08481,51.63585],[-0.08481,51.63585],[-0.08497,51.63638],[-0.08481,51.63585]],[[-0.08747,51.63595],[-0.08484,51.63585],[-0.08482,51.63585],[-0.08747,51.63595]],[[-0.09125,51.63676],[-0.09074,51.63654],[-0.08747,51.63595],[-0.09125,51.63676]],[[-0.06459,51.63268],[-0.06323,51.63253],[-0.06584,51.63291],[-0.06459,51.63268]],[[-0.06331,51.63025],[-0.06155,51.62695],[-0.06459,51.63268],[-0.06331,51.63025]],[[-0.06499,51.63004],[-0.06461,51.6288],[-0.06484,51.62979],[-0.06499,51.63004]],[[-0.06715,51.62659],[-0.07095,51.62729],[-0.06662,51.62645],[-0.06715,51.62659]],[[-0.06245,51.62373],[-0.06208,51.62489],[-0.06211,51.62528],[-0.06245,51.62373]],[[-0.06562,51.62317],[-0.06573,51.62268],[-0.06539,51.62401],[-0.06562,51.62317]],[[-0.06393,51.62028],[-0.06232,51.62296],[-0.06123,51.62489],[-0.06348,51.62103],[-0.06393,51.62028]],[[-0.06181,51.62136],[-0.06181,51.62136],[-0.06239,51.62161],[-0.06181,51.62136]],[[-0.06343,51.61748],[-0.06362,51.61698],[-0.06216,51.6205],[-0.06343,51.61748]],[[-0.0717,51.61467],[-0.06846,51.61465],[-0.06441,51.61472],[-0.0717,51.61467]],[[-0.06715,51.62935],[-0.07384,51.63184],[-0.06936,51.63012],[-0.06715,51.62935]],[[-0.10264,51.65608],[-0.10156,51.65832],[-0.10304,51.6553],[-0.10264,51.65608]],[[-0.10311,51.65242],[-0.10335,51.65187],[-0.10372,51.6499],[-0.10311,51.65242]],[[-0.1084,51.6391],[-0.11067,51.63832],[-0.11082,51.63824],[-0.1084,51.6391]],[[-0.10325,51.63445],[-0.10448,51.6355],[-0.10379,51.63476],[-0.10325,51.63445]],[[-0.1031,51.63179],[-0.10317,51.63156],[-0.10322,51.63132],[-0.1031,51.63179]],[[-0.10337,51.63075],[-0.10337,51.63075],[-0.1038,51.63078],[-0.10337,51.63075]],[[-0.10626,51.62066],[-0.10706,51.62101],[-0.10786,51.62128],[-0.10626,51.62066]],[[-0.11239,51.61883],[-0.10923,51.61766],[-0.11066,51.61822],[-0.11239,51.61883]],[[-0.09093,51.6208],[-0.0913,51.61962],[-0.09115,51.6198],[-0.09093,51.6208]],[[-0.08266,51.61574],[-0.08266,51.61574],[-0.08229,51.61442],[-0.08266,51.61574]],[[-0.08197,51.61241],[-0.07938,51.61183],[-0.08277,51.61264],[-0.08197,51.61241]],[[-0.10953,51.64401],[-0.10897,51.64713],[-0.10945,51.64499],[-0.10953,51.64401]],[[-0.12977,51.63505],[-0.12849,51.63474],[-0.13052,51.63536],[-0.12977,51.63505]],[[-0.11397,51.63576],[-0.11685,51.63492],[-0.11102,51.63647],[-0.11397,51.63576]],[[-0.10817,51.61238],[-0.11337,51.6126],[-0.11009,51.61233],[-0.10817,51.61238]],[[-0.10234,51.61424],[-0.09858,51.61544],[-0.10817,51.61238],[-0.10234,51.61424]],[[-0.11568,51.61246],[-0.11831,51.6124],[-0.11337,51.6126],[-0.11568,51.61246]],[[-0.10959,51.61088],[-0.11013,51.61129],[-0.10968,51.61089],[-0.11,51.61092],[-0.10959,51.61088]],[[-0.1293,51.6181],[-0.12786,51.61776],[-0.13177,51.61898],[-0.1293,51.6181]],[[-0.11634,51.62038],[-0.11323,51.62378],[-0.11489,51.62198],[-0.11634,51.62038]],[[-0.12583,51.61421],[-0.12819,51.61161],[-0.12609,51.61392],[-0.12583,51.61421]],[[-0.13464,51.6151],[-0.13483,51.6148],[-0.13409,51.61579],[-0.13464,51.6151]],[[-0.13191,51.61553],[-0.13178,51.61592],[-0.13158,51.61685],[-0.13191,51.61553]],[[-0.1124,51.62691],[-0.11413,51.62765],[-0.11949,51.62948],[-0.11794,51.62892],[-0.1124,51.62691]],[[-0.11354,51.6243],[-0.11317,51.62448],[-0.11317,51.62448],[-0.11354,51.6243]],[[-0.12941,51.63031],[-0.12782,51.63058],[-0.12699,51.63072],[-0.12941,51.63031]],[[-0.12382,51.63388],[-0.12378,51.6339],[-0.12492,51.63428],[-0.12382,51.63388]],[[-0.14099,51.65285],[-0.14548,51.65486],[-0.14195,51.65318],[-0.14099,51.65285]],[[-0.1251,51.65153],[-0.12624,51.6593],[-0.12562,51.65481],[-0.1251,51.65153]],[[-0.11295,51.65383],[-0.11712,51.65304],[-0.12,51.6523],[-0.11295,51.65383]],[[-0.13785,51.64342],[-0.13853,51.64338],[-0.13712,51.64322],[-0.13785,51.64342]],[[-0.12631,51.64359],[-0.13024,51.6427],[-0.12732,51.64333],[-0.12631,51.64359]],[[-0.12578,51.63931],[-0.1267,51.64188],[-0.12732,51.64333],[-0.12578,51.63931]],[[-0.11602,51.64424],[-0.11611,51.64376],[-0.11764,51.64381],[-0.11608,51.64375],[-0.11602,51.64424]],[[-0.10555,51.61153],[-0.10227,51.6115],[-0.10096,51.61152],[-0.10555,51.61153]],[[-0.09366,51.614],[-0.09637,51.61282],[-0.09627,51.61278],[-0.09366,51.614]],[[-0.09046,51.61543],[-0.0892,51.61551],[-0.08668,51.61574],[-0.09046,51.61543]],[[-0.09383,51.61613],[-0.09569,51.61608],[-0.09654,51.61589],[-0.09383,51.61613]],[[-0.09408,51.65923],[-0.09414,51.65851],[-0.09352,51.66108],[-0.09408,51.65923]],[[-0.08764,51.63188],[-0.0879,51.63186],[-0.08668,51.63164],[-0.08764,51.63188]],[[-0.0798,51.62939],[-0.07847,51.63],[-0.07983,51.62951],[-0.0798,51.62939]],[[-0.08042,51.62654],[-0.0827,51.62178],[-0.08127,51.62462],[-0.08042,51.62654]],[[-0.08985,51.62344],[-0.08985,51.62344],[-0.0827,51.62178],[-0.08985,51.62344]],[[-0.09833,51.63992],[-0.10034,51.6353],[-0.10006,51.63591],[-0.09381,51.63516],[-0.10001,51.63591],[-0.09833,51.63992]],[[-0.09517,51.63925],[-0.09994,51.64047],[-0.09833,51.63992],[-0.09517,51.63925]],[[-0.09433,51.63087],[-0.09458,51.63164],[-0.09474,51.63209],[-0.09433,51.63087]],[[-0.09207,51.62513],[-0.08908,51.62503],[-0.09334,51.62529],[-0.09207,51.62513]],[[-0.09519,51.62607],[-0.09545,51.62612],[-0.09334,51.62529],[-0.09519,51.62607]],[[-0.09937,51.62589],[-0.09882,51.62683],[-0.09742,51.62948],[-0.09937,51.62589]],[[-0.08861,51.62597],[-0.08984,51.62996],[-0.08987,51.62994],[-0.08861,51.62597]],[[-0.09434,51.64783],[-0.09612,51.64511],[-0.09414,51.6481],[-0.09434,51.64783]],[[-0.09416,51.63937],[-0.09298,51.64082],[-0.09298,51.64082],[-0.09416,51.63937]],[[-0.09516,51.65433],[-0.09481,51.65374],[-0.09481,51.65374],[-0.09516,51.65433]],[[-0.09213,51.65364],[-0.08829,51.6535],[-0.09056,51.65361],[-0.09213,51.65364]],[[-0.09637,51.66483],[-0.09215,51.66069],[-0.09881,51.66729],[-0.09637,51.66483]],[[-0.10105,51.67101],[-0.10067,51.67024],[-0.09881,51.66729],[-0.10105,51.67101]],[[-0.07876,51.61456],[-0.08235,51.61569],[-0.08246,51.61571],[-0.07876,51.61456]],[[-0.08013,51.61699],[-0.08,51.618],[-0.08027,51.61668],[-0.08013,51.61699]],[[-0.0764,51.61618],[-0.07385,51.6163],[-0.07643,51.61618],[-0.0764,51.61618]],[[-0.08018,51.62019],[-0.07998,51.62129],[-0.08035,51.61936],[-0.08018,51.62019]],[[-0.07591,51.62016],[-0.07573,51.62148],[-0.07597,51.62019],[-0.07744,51.62026],[-0.07591,51.62016]],[[-0.07177,51.62474],[-0.07245,51.62481],[-0.07071,51.62456],[-0.07177,51.62474]],[[-0.05866,51.66003],[-0.05671,51.66506],[-0.05675,51.66496],[-0.05866,51.66003]],[[-0.06136,51.6603],[-0.05941,51.66005],[-0.05866,51.66003],[-0.06136,51.6603]],[[-0.06561,51.66295],[-0.0635,51.66153],[-0.06136,51.6603],[-0.06561,51.66295]],[[-0.05969,51.66556],[-0.05752,51.66571],[-0.05888,51.66572],[-0.05969,51.66556]],[[-0.06579,51.66432],[-0.06503,51.66577],[-0.06486,51.66626],[-0.06579,51.66432]],[[-0.05926,51.65828],[-0.06061,51.65842],[-0.0639,51.65856],[-0.05926,51.65828]],[[-0.06722,51.64663],[-0.06469,51.64665],[-0.07005,51.64704],[-0.06722,51.64663]],[[-0.06037,51.64493],[-0.0611,51.64502],[-0.06042,51.64493],[-0.06037,51.64493]],[[-0.05386,51.64434],[-0.05386,51.64435],[-0.05569,51.64231],[-0.05386,51.64434]],[[-0.04446,51.63964],[-0.04214,51.63928],[-0.05094,51.64068],[-0.04446,51.63964]],[[-0.0437,51.63272],[-0.04585,51.63268],[-0.04431,51.63266],[-0.0437,51.63272]],[[-0.0437,51.63112],[-0.04294,51.63107],[-0.04976,51.63223],[-0.0437,51.63112]],[[-0.04581,51.62782],[-0.04581,51.62782],[-0.04663,51.62743],[-0.04581,51.62782]],[[-0.04792,51.62434],[-0.04719,51.62533],[-0.04751,51.62501],[-0.04792,51.62434]],[[-0.04982,51.62028],[-0.04885,51.62205],[-0.04902,51.62176],[-0.04982,51.62028]],[[-0.0529,51.62216],[-0.05857,51.62263],[-0.04902,51.62176],[-0.0529,51.62216]],[[-0.05116,51.61733],[-0.05048,51.61891],[-0.051,51.61775],[-0.05116,51.61733]],[[-0.06052,51.61393],[-0.06045,51.61421],[-0.06045,51.61421],[-0.06052,51.61393]],[[-0.05036,51.63697],[-0.05139,51.638],[-0.0507,51.63726],[-0.05036,51.63697]],[[-0.06102,51.64244],[-0.06241,51.64267],[-0.06122,51.64248],[-0.06102,51.64244]],[[-0.0694,51.63848],[-0.0705,51.63695],[-0.07014,51.63745],[-0.0694,51.63848]],[[-0.07188,51.63726],[-0.07141,51.63715],[-0.0705,51.63695],[-0.07188,51.63726]],[[-0.06696,51.64323],[-0.06602,51.64295],[-0.06395,51.64248],[-0.06696,51.64323]],[[-0.07619,51.65522],[-0.07617,51.6556],[-0.07624,51.65651],[-0.07619,51.65522]],[[-0.07886,51.64125],[-0.07815,51.64091],[-0.07919,51.64169],[-0.07886,51.64125]],[[-0.08028,51.6382],[-0.08007,51.63849],[-0.07969,51.63982],[-0.08028,51.6382]],[[-0.07288,51.64584],[-0.07368,51.6468],[-0.07373,51.64685],[-0.07288,51.64584]],[[-0.07265,51.6521],[-0.07378,51.6522],[-0.07501,51.65224],[-0.07265,51.6521]],[[-0.08021,51.6687],[-0.08112,51.66699],[-0.08051,51.66795],[-0.08021,51.6687]],[[-0.07757,51.66267],[-0.07369,51.66582],[-0.07279,51.66671],[-0.07732,51.66294],[-0.07757,51.66267]],[[-0.08313,51.66213],[-0.07936,51.66119],[-0.07898,51.66112],[-0.08313,51.66213]],[[-0.05998,51.63147],[-0.06051,51.6312],[-0.06085,51.63098],[-0.05998,51.63147]],[[-0.05573,51.63131],[-0.05488,51.63109],[-0.05586,51.63135],[-0.05573,51.63131]],[[-0.05622,51.62887],[-0.05525,51.62872],[-0.05486,51.62867],[-0.05622,51.62887]],[[-0.05953,51.62185],[-0.05954,51.62047],[-0.05951,51.61929],[-0.05953,51.62185]],[[-0.05925,51.61688],[-0.0587,51.61805],[-0.05872,51.61831],[-0.05925,51.61688]],[[-0.06114,51.62521],[-0.06124,51.62637],[-0.06125,51.62638],[-0.06114,51.62521]],[[-0.05679,51.62703],[-0.05524,51.62674],[-0.0562,51.62696],[-0.05679,51.62703]],[[-0.05252,51.62471],[-0.05238,51.62522],[-0.05238,51.62522],[-0.05252,51.62471]],[[-0.04865,51.62428],[-0.05029,51.62482],[-0.05224,51.62519],[-0.04865,51.62428]],[[-0.06119,51.64198],[-0.06586,51.63774],[-0.06438,51.63901],[-0.06119,51.64198]],[[-0.06481,51.63545],[-0.06394,51.63685],[-0.06482,51.63546],[-0.06481,51.63545]],[[-0.06305,51.63519],[-0.06474,51.63539],[-0.06462,51.63527],[-0.06305,51.63519]],[[-0.0603,51.63262],[-0.06258,51.63263],[-0.05835,51.63245],[-0.0603,51.63262]],[[-0.05648,51.6371],[-0.05756,51.63652],[-0.05648,51.6371],[-0.05648,51.6371]],[[-0.05321,51.63395],[-0.05168,51.63354],[-0.05321,51.63395],[-0.05321,51.63395]],[[-0.04132,51.66888],[-0.04137,51.6685],[-0.04083,51.67062],[-0.04132,51.66888]],[[-0.03995,51.67189],[-0.04013,51.67168],[-0.04083,51.67062],[-0.03995,51.67189]],[[-0.04936,51.66002],[-0.04945,51.65937],[-0.04942,51.65948],[-0.04936,51.66002]],[[-0.05171,51.6512],[-0.05238,51.64887],[-0.05173,51.65113],[-0.05171,51.6512]],[[-0.05119,51.6488],[-0.04913,51.64899],[-0.05238,51.64887],[-0.05119,51.6488]],[[-0.04632,51.64941],[-0.04609,51.64804],[-0.04608,51.64846],[-0.04632,51.64941]],[[-0.04101,51.64707],[-0.04253,51.64741],[-0.04609,51.64804],[-0.04101,51.64707]],[[-0.04198,51.65116],[-0.04458,51.65137],[-0.04058,51.65102],[-0.04247,51.65119],[-0.04198,51.65116]],[[-0.04811,51.66296],[-0.04894,51.66293],[-0.04547,51.66273],[-0.04811,51.66296]],[[-0.0466,51.64363],[-0.04541,51.64399],[-0.04704,51.6436],[-0.0466,51.64363]],[[-0.05181,51.65948],[-0.05309,51.65953],[-0.05387,51.6594],[-0.05181,51.65948]],[[-0.04057,51.63292],[-0.03922,51.63241],[-0.03724,51.63203],[-0.04009,51.63275],[-0.04057,51.63292]],[[-0.04053,51.64277],[-0.03847,51.64221],[-0.03975,51.64264],[-0.04053,51.64277]],[[-0.03763,51.64778],[-0.03764,51.64781],[-0.03774,51.64746],[-0.03763,51.64778]],[[-0.03714,51.66918],[-0.03165,51.6684],[-0.03137,51.66837],[-0.03714,51.66918]],[[-0.01794,51.66774],[-0.01691,51.66868],[-0.01838,51.66736],[-0.01794,51.66774]],[[-0.04268,51.66046],[-0.04265,51.66019],[-0.04274,51.66108],[-0.04268,51.66046]],[[-0.03753,51.66026],[-0.03939,51.66059],[-0.03818,51.6603],[-0.03753,51.66026]],[[-0.0399,51.6641],[-0.0382,51.66402],[-0.0356,51.66403],[-0.0399,51.6641]],[[-0.03645,51.67563],[-0.03783,51.67435],[-0.03945,51.67247],[-0.03645,51.67563]],[[-0.03379,51.67145],[-0.0344,51.67148],[-0.03173,51.67133],[-0.03379,51.67145]],[[-0.03268,51.67394],[-0.03268,51.67209],[-0.03257,51.67298],[-0.03268,51.67394]],[[-0.03319,51.67577],[-0.03286,51.67471],[-0.03286,51.67511],[-0.03319,51.67577]],[[-0.02606,51.67108],[-0.0272,51.67112],[-0.02857,51.67117],[-0.02606,51.67108]],[[-0.03542,51.67671],[-0.03524,51.67689],[-0.03426,51.67836],[-0.03542,51.67671]],[[-0.06318,51.66462],[-0.06318,51.66463],[-0.06432,51.66499],[-0.06318,51.66462]]]}},{"type":"Feature","properties":{"n":"Greenwich"},"geometry":{"type":"MultiPolygon","coordinates":[[[[0.01008,51.45925],[0.00987,51.4615],[0.00913,51.46458],[0.00914,51.46588],[0.0133,51.46684],[0.01282,51.46768],[0.01307,51.46846],[0.01264,51.46978],[0.01357,51.46988],[0.01637,51.46905],[0.01668,51.46949],[0.01493,51.4727],[0.01494,51.47309],[0.01817,51.47387],[0.01212,51.47317],[-0.00067,51.47181],[-0.00832,51.47269],[-0.01208,51.47238],[-0.01341,51.4724],[-0.01405,51.47264],[-0.01451,51.4719],[-0.01512,51.47173],[-0.0131,51.46894],[-0.01506,51.46804],[-0.01653,51.46923],[-0.01692,51.46906],[-0.01712,51.4693],[-0.01909,51.46995],[-0.01882,51.47113],[-0.01924,51.47188],[-0.02025,51.47225],[-0.01995,51.47292],[-0.02168,51.47399],[-0.02265,51.47399],[-0.0229,51.47508],[-0.02117,51.47526],[-0.02056,51.47566],[-0.02048,51.47658],[-0.019,51.47705],[-0.01908,51.47821],[-0.01837,51.47937],[-0.01683,51.4801],[-0.01571,51.48164],[-0.01499,51.48175],[-0.01563,51.48192],[-0.01478,51.48184],[-0.01791,51.48255],[-0.0179,51.4832],[-0.01633,51.48323],[-0.01634,51.48296],[-0.01113,51.48302],[-0.01104,51.48332],[-0.00962,51.48362],[-0.00726,51.48377],[-0.00456,51.48461],[-0.00327,51.48486],[0.00138,51.48781],[0.0024,51.48953],[0.00245,51.48996],[0.00267,51.49171],[0.00237,51.49299],[0.00195,51.49294],[0.00159,51.49404],[0.00099,51.49441],[0.00103,51.49515],[0.00075,51.49507],[0.00072,51.49544],[-0.00021,51.49523],[-0.00098,51.49628],[-0.00219,51.49984],[-0.00223,51.50127],[-0.00189,51.50127],[-0.00152,51.50203],[-0.00205,51.50212],[-0.00174,51.50284],[-0.00074,51.5038],[0.00082,51.50453],[0.00326,51.50494],[0.00515,51.5044],[0.01394,51.49697],[0.01796,51.49505],[0.0215,51.49447],[0.02157,51.49395],[0.02201,51.49389],[0.02216,51.49428],[0.02429,51.49382],[0.02921,51.49387],[0.0403,51.49543],[0.05757,51.49444],[0.05778,51.49404],[0.05802,51.49442],[0.05889,51.49443],[0.05916,51.49413],[0.05931,51.49446],[0.06393,51.49468],[0.06417,51.49445],[0.0641,51.49468],[0.07033,51.49513],[0.07574,51.49605],[0.07625,51.49585],[0.08243,51.49886],[0.08417,51.49803],[0.08231,51.49894],[0.08666,51.50355],[0.08686,51.50339],[0.08765,51.50392],[0.08803,51.5055],[0.09198,51.50898],[0.09457,51.50895],[0.09946,51.50964],[0.10689,51.50941],[0.11349,51.51015],[0.12021,51.51145],[0.12056,51.51104],[0.12136,51.48979],[0.1221,51.48556],[0.12209,51.48299],[0.12247,51.48138],[0.12419,51.47682],[0.12056,51.47856],[0.11852,51.4789],[0.11558,51.47614],[0.11401,51.47513],[0.11227,51.47323],[0.1118,51.47319],[0.10825,51.47613],[0.10769,51.476],[0.10619,51.47501],[0.10574,51.4754],[0.10522,51.47525],[0.10492,51.47548],[0.10362,51.47464],[0.10306,51.47463],[0.10258,51.47488],[0.10209,51.47444],[0.10119,51.47494],[0.0983,51.47545],[0.09703,51.47411],[0.0966,51.47326],[0.09319,51.47287],[0.0914,51.47207],[0.08903,51.47037],[0.08591,51.46943],[0.08486,51.46869],[0.08331,51.46645],[0.08227,51.46661],[0.08265,51.46364],[0.08229,51.46161],[0.0829,51.45983],[0.07299,51.45831],[0.07885,51.45912],[0.08145,51.45777],[0.08573,51.45646],[0.087,51.4501],[0.08807,51.44745],[0.08738,51.44585],[0.08639,51.44509],[0.08741,51.44325],[0.08474,51.44261],[0.08324,51.44354],[0.08284,51.44329],[0.08286,51.44284],[0.08444,51.44201],[0.08186,51.44],[0.08084,51.44045],[0.0801,51.43967],[0.08009,51.43921],[0.07952,51.43889],[0.07787,51.43649],[0.07647,51.43688],[0.07505,51.43587],[0.07647,51.43487],[0.07591,51.43446],[0.0763,51.434],[0.07577,51.4337],[0.07612,51.43331],[0.0748,51.43226],[0.07535,51.43203],[0.07486,51.43083],[0.07335,51.43177],[0.07306,51.43138],[0.0735,51.43126],[0.07197,51.42965],[0.06643,51.42634],[0.0666,51.42602],[0.06424,51.42537],[0.06418,51.42488],[0.06323,51.4242],[0.06173,51.42373],[0.06134,51.42411],[0.06092,51.42508],[0.05865,51.42456],[0.05479,51.42759],[0.05238,51.43027],[0.04658,51.43488],[0.04551,51.43592],[0.04521,51.4366],[0.04276,51.43832],[0.04231,51.43948],[0.03983,51.44103],[0.03546,51.4425],[0.03266,51.44383],[0.03035,51.44434],[0.03073,51.4463],[0.02953,51.44175],[0.02503,51.4418],[0.02177,51.44266],[0.02066,51.44417],[0.02152,51.44441],[0.02125,51.4467],[0.02294,51.4472],[0.02195,51.44896],[0.01507,51.45004],[0.01503,51.45022],[0.01987,51.45073],[0.01959,51.45172],[0.0184,51.45159],[0.01748,51.45425],[0.01751,51.45505],[0.01323,51.45597],[0.01141,51.45668],[0.01008,51.45925]],[[0.01195,51.46431],[0.0162,51.46489],[0.00934,51.46403],[0.01195,51.46431]],[[0.00808,51.47697],[0.0067,51.47822],[0.01212,51.47317],[0.00808,51.47697]],[[-0.00215,51.48155],[-0.00284,51.48251],[-0.00456,51.48461],[-0.00215,51.48155]],[[0.00477,51.48981],[0.00441,51.48991],[0.00245,51.48996],[0.00477,51.48981]],[[0.01123,51.49688],[0.01075,51.49663],[0.01298,51.49776],[0.01123,51.49688]],[[0.02922,51.4937],[0.03005,51.49125],[0.02921,51.49387],[0.02922,51.4937]],[[0.11948,51.49469],[0.12063,51.49471],[0.12115,51.49483],[0.11948,51.49469]],[[0.11237,51.48923],[0.11565,51.48935],[0.12136,51.48979],[0.11237,51.48923]],[[0.07188,51.4379],[0.07231,51.43749],[0.07591,51.43446],[0.07188,51.4379]],[[0.04884,51.49236],[0.04993,51.49224],[0.05126,51.49229],[0.04884,51.49236]],[[0.0446,51.48785],[0.0454,51.48832],[0.04665,51.48914],[0.0446,51.48785]],[[0.03669,51.48351],[0.03739,51.48353],[0.03802,51.48357],[0.03669,51.48351]],[[0.03882,51.48151],[0.03882,51.48151],[0.03934,51.48209],[0.03882,51.48151]],[[0.03819,51.47955],[0.04401,51.47885],[0.04585,51.47728],[0.04396,51.47897],[0.03819,51.47955]],[[0.03981,51.47091],[0.04443,51.47022],[0.04194,51.47059],[0.03981,51.47091]],[[0.04522,51.4643],[0.03988,51.46353],[0.0453,51.46422],[0.0444,51.46593],[0.04522,51.4643]],[[0.0472,51.45991],[0.04902,51.46051],[0.04781,51.46018],[0.0472,51.45991]],[[0.05032,51.46267],[0.05058,51.46322],[0.0495,51.46091],[0.05032,51.46267]],[[0.07306,51.45812],[0.07306,51.45812],[0.06367,51.45687],[0.07306,51.45812]],[[0.02011,51.46606],[0.02168,51.46458],[0.0198,51.46658],[0.02011,51.46606]],[[0.02267,51.45904],[0.02099,51.46221],[0.02237,51.4596],[0.02267,51.45904]],[[0.02618,51.45349],[0.02665,51.45669],[0.02618,51.45349],[0.02618,51.45349]],[[0.03447,51.45294],[0.02881,51.45309],[0.02988,51.45293],[0.03447,51.45294]],[[0.03436,51.45362],[0.03436,51.45362],[0.03608,51.45407],[0.03436,51.45362]],[[0.04271,51.45714],[0.0407,51.45766],[0.04444,51.4565],[0.04271,51.45714]],[[0.04524,51.45163],[0.04355,51.45204],[0.04008,51.45266],[0.04524,51.45163]],[[0.04719,51.45143],[0.04885,51.45141],[0.04524,51.45163],[0.04719,51.45143]],[[0.03643,51.45383],[0.03662,51.45333],[0.03679,51.45293],[0.03643,51.45383]],[[0.0153,51.49235],[0.01414,51.49277],[0.01631,51.49198],[0.0153,51.49235]],[[0.01815,51.49068],[0.0167,51.49079],[0.01323,51.49103],[0.01815,51.49068]],[[0.0176,51.48911],[0.01816,51.49044],[0.01815,51.49068],[0.0176,51.48911]],[[0.0139,51.48787],[0.01438,51.48842],[0.01548,51.48933],[0.01432,51.48836],[0.0139,51.48787]],[[0.01082,51.48342],[0.01872,51.48426],[0.01588,51.484],[0.01082,51.48342]],[[0.01981,51.48436],[0.01981,51.48436],[0.01984,51.48368],[0.01981,51.48436]],[[0.01937,51.47788],[0.0192,51.47865],[0.01918,51.47845],[0.01937,51.47788]],[[0.02004,51.47505],[0.02004,51.47505],[0.01992,51.47407],[0.02004,51.47505]],[[0.01096,51.49403],[0.01408,51.49611],[0.01274,51.49527],[0.01096,51.49403]],[[0.00483,51.48265],[0.00484,51.48265],[0.00497,51.48267],[0.00483,51.48265]],[[0.00518,51.4796],[0.00482,51.47993],[0.00141,51.48214],[0.00518,51.4796]],[[-0.01507,51.47932],[-0.01488,51.47922],[-0.01539,51.47912],[-0.01398,51.47909],[-0.01507,51.47932]],[[0.01244,51.4773],[0.01245,51.4771],[0.01247,51.47688],[0.01244,51.4773]],[[-0.01463,51.48236],[-0.01463,51.48236],[-0.01279,51.48221],[-0.01463,51.48236]],[[0.00952,51.48631],[0.00934,51.48632],[0.00798,51.48614],[0.00952,51.48631]],[[0.00825,51.48456],[0.00846,51.48395],[0.00839,51.48416],[0.00825,51.48456]],[[0.02433,51.4848],[0.02604,51.48541],[0.02725,51.48593],[0.02433,51.4848]],[[0.03159,51.48689],[0.0351,51.48774],[0.02725,51.48593],[0.03159,51.48689]],[[0.03212,51.48576],[0.03356,51.48552],[0.03305,51.48571],[0.03212,51.48576]],[[0.03663,51.48645],[0.03712,51.48593],[0.03674,51.48643],[0.03663,51.48645]],[[0.02707,51.47112],[0.02568,51.47302],[0.02576,51.4729],[0.02707,51.47112]],[[0.02604,51.47413],[0.02525,51.47371],[0.02525,51.47371],[0.02604,51.47413]],[[0.03306,51.46495],[0.02995,51.46592],[0.03337,51.46482],[0.03306,51.46495]],[[0.03826,51.4625],[0.03877,51.46226],[0.034,51.46456],[0.03826,51.4625]],[[0.0312,51.45896],[0.03096,51.46037],[0.0311,51.45934],[0.0312,51.45896]],[[0.02843,51.46053],[0.02834,51.46151],[0.02833,51.46083],[0.02843,51.46053]],[[0.02898,51.46129],[0.03008,51.46205],[0.0298,51.46194],[0.02898,51.46129]],[[0.03365,51.46013],[0.03936,51.4582],[0.03678,51.45908],[0.03365,51.46013]],[[0.02808,51.46766],[0.02893,51.46778],[0.02891,51.46781],[0.02808,51.46766]],[[0.02934,51.47726],[0.02994,51.47726],[0.02743,51.47717],[0.02934,51.47726]],[[0.0239,51.47588],[0.02405,51.4756],[0.02426,51.47526],[0.0239,51.47588]],[[0.02933,51.476],[0.03334,51.47531],[0.03441,51.47514],[0.02933,51.476]],[[0.0261,51.47946],[0.02924,51.47957],[0.02864,51.47956],[0.0261,51.47946]],[[0.03001,51.48318],[0.03107,51.48388],[0.0296,51.48299],[0.03073,51.48313],[0.03001,51.48318]],[[0.02104,51.48117],[0.02258,51.47831],[0.02224,51.47897],[0.02104,51.48117]],[[0.02449,51.49345],[0.02446,51.49279],[0.02501,51.49],[0.02449,51.49345]],[[0.01973,51.49012],[0.02314,51.49002],[0.02501,51.49],[0.01973,51.49012]],[[0.06195,51.43896],[0.06195,51.43896],[0.06234,51.43848],[0.06195,51.43896]],[[0.06094,51.45074],[0.06094,51.45074],[0.06113,51.4502],[0.06094,51.45074]],[[0.05122,51.44013],[0.0513,51.44011],[0.0533,51.4399],[0.05122,51.44013]],[[0.0486,51.45226],[0.05232,51.45293],[0.05173,51.4529],[0.0486,51.45226]],[[0.04886,51.4795],[0.04709,51.47531],[0.04757,51.47615],[0.04886,51.4795]],[[0.0567,51.48096],[0.05211,51.48019],[0.04886,51.4795],[0.0567,51.48096]],[[0.0692,51.49361],[0.06908,51.49295],[0.0692,51.49247],[0.0692,51.49361]],[[0.06831,51.49082],[0.06788,51.49047],[0.06921,51.49114],[0.06844,51.49084],[0.06595,51.49158],[0.06831,51.49082]],[[0.06092,51.48773],[0.06276,51.48846],[0.06691,51.49014],[0.06187,51.48811],[0.06092,51.48773]],[[0.06154,51.48847],[0.0608,51.48923],[0.06187,51.48811],[0.06154,51.48847]],[[0.07013,51.48773],[0.06969,51.48722],[0.06969,51.48722],[0.07013,51.48773]],[[0.07318,51.48915],[0.07161,51.48915],[0.07318,51.48915],[0.07318,51.48915]],[[0.07354,51.48674],[0.07338,51.48783],[0.07349,51.48646],[0.07354,51.48674]],[[0.07969,51.48606],[0.07878,51.48632],[0.08133,51.48529],[0.07969,51.48606]],[[0.08791,51.48686],[0.0847,51.48741],[0.08148,51.48826],[0.08369,51.48756],[0.08791,51.48686]],[[0.08716,51.48515],[0.08716,51.48515],[0.08791,51.48686],[0.08716,51.48515]],[[0.0889,51.4852],[0.08723,51.48514],[0.08766,51.48506],[0.0889,51.4852]],[[0.09089,51.48243],[0.09096,51.48286],[0.08996,51.48079],[0.09089,51.48243]],[[0.09294,51.48187],[0.09185,51.48222],[0.09089,51.48243],[0.09294,51.48187]],[[0.08947,51.47865],[0.08778,51.47975],[0.0881,51.47949],[0.08947,51.47865]],[[0.08432,51.47642],[0.08569,51.47812],[0.08569,51.47812],[0.08432,51.47642]],[[0.08564,51.47723],[0.08479,51.47625],[0.08514,51.47657],[0.08564,51.47723]],[[0.06354,51.4817],[0.0632,51.48065],[0.06354,51.48168],[0.06354,51.4817]],[[0.06181,51.47594],[0.06126,51.47403],[0.06162,51.47497],[0.06181,51.47594]],[[0.06742,51.47538],[0.0677,51.47416],[0.06773,51.47445],[0.06742,51.47538]],[[0.0687,51.47182],[0.06765,51.47191],[0.06869,51.47178],[0.07033,51.47442],[0.0687,51.47182]],[[0.06189,51.46333],[0.06211,51.4625],[0.06211,51.4625],[0.06189,51.46333]],[[0.05142,51.47175],[0.05817,51.47061],[0.04813,51.4725],[0.05142,51.47175]],[[0.05334,51.46801],[0.05428,51.46916],[0.05339,51.46811],[0.05334,51.46801]],[[0.05315,51.49132],[0.05336,51.49181],[0.05274,51.49039],[0.05315,51.49132]],[[0.05924,51.49044],[0.05787,51.49026],[0.05798,51.49023],[0.05924,51.49044]],[[0.05055,51.48565],[0.054,51.48711],[0.05283,51.48666],[0.05055,51.48565]],[[0.06879,51.4795],[0.06877,51.47955],[0.06744,51.47881],[0.06879,51.4795]],[[0.06991,51.47841],[0.07227,51.47884],[0.06914,51.47837],[0.06991,51.47841]],[[0.06945,51.47686],[0.07276,51.47686],[0.06999,51.47692],[0.06945,51.47686]],[[0.07496,51.47732],[0.07918,51.47618],[0.07794,51.47659],[0.07496,51.47732]],[[0.08287,51.4829],[0.08284,51.48238],[0.08302,51.48328],[0.08287,51.4829]],[[0.0703,51.48676],[0.07123,51.48616],[0.07021,51.48683],[0.0703,51.48676]],[[0.07232,51.4834],[0.07402,51.48294],[0.07299,51.48333],[0.07232,51.4834]],[[0.08857,51.50113],[0.08994,51.50075],[0.08833,51.5012],[0.08857,51.50113]],[[0.08374,51.49242],[0.08257,51.49167],[0.08381,51.49243],[0.08374,51.49242]],[[0.08017,51.49206],[0.08078,51.49187],[0.08257,51.49167],[0.08017,51.49206]],[[0.078,51.49203],[0.07545,51.49295],[0.078,51.49203],[0.078,51.49203]],[[0.07859,51.49402],[0.07815,51.49244],[0.0784,51.49314],[0.07859,51.49402]],[[0.10425,51.48767],[0.10539,51.48766],[0.10539,51.48766],[0.10425,51.48767]],[[0.10541,51.48772],[0.10561,51.48833],[0.1057,51.4895],[0.10541,51.48772]],[[0.11087,51.48716],[0.11095,51.48595],[0.11101,51.48673],[0.11087,51.48716]],[[0.09852,51.4762],[0.09683,51.47649],[0.09594,51.47645],[0.09852,51.4762]],[[0.10642,51.48392],[0.10664,51.48491],[0.10646,51.48464],[0.10642,51.48392]],[[0.10804,51.48454],[0.10723,51.48483],[0.10664,51.48491],[0.10804,51.48454]],[[0.11403,51.49856],[0.11659,51.49937],[0.11312,51.49827],[0.11403,51.49856]],[[0.11497,51.49649],[0.11523,51.49623],[0.11497,51.49649],[0.11497,51.49649]],[[0.10359,51.49526],[0.10217,51.4904],[0.10343,51.49425],[0.10359,51.49526]],[[0.10894,51.4929],[0.11032,51.49336],[0.111,51.49364],[0.10894,51.4929]],[[0.11136,51.50381],[0.11129,51.5037],[0.11196,51.50379],[0.11136,51.50381]],[[0.11834,51.49993],[0.11784,51.50036],[0.11834,51.49993],[0.11834,51.49993]],[[0.09117,51.50081],[0.08944,51.50125],[0.08863,51.50145],[0.09117,51.50081]],[[0.11437,51.50708],[0.11371,51.5071],[0.11599,51.5068],[0.11437,51.50708]]],[[[-0.02034,51.47994],[-0.02305,51.47963],[-0.02315,51.48074],[-0.02638,51.48151],[-0.02614,51.48175],[-0.0252,51.48486],[-0.02468,51.48547],[-0.0227,51.48456],[-0.01882,51.48346],[-0.01813,51.48196],[-0.01643,51.48141],[-0.01709,51.48042],[-0.01785,51.48088],[-0.0187,51.48078],[-0.02007,51.48034],[-0.02034,51.47994]]]]}},{"type":"Feature","properties":{"n":"Hackney"},"geometry":{"type":"Polygon","coordinates":[[[-0.07592,51.52432],[-0.07572,51.52333],[-0.07616,51.52215],[-0.07799,51.52192],[-0.07845,51.52151],[-0.08102,51.52195],[-0.0814,51.52122],[-0.0833,51.51982],[-0.08519,51.52034],[-0.08449,51.5221],[-0.0842,51.5239],[-0.08511,51.52393],[-0.08542,51.52451],[-0.08473,51.52544],[-0.085,51.52623],[-0.08677,51.52579],[-0.08756,51.52602],[-0.089,51.52754],[-0.09538,51.5292],[-0.09507,51.52999],[-0.09701,51.53298],[-0.09418,51.53396],[-0.08968,51.536],[-0.08659,51.53726],[-0.08659,51.5371],[-0.08362,51.54515],[-0.08381,51.5466],[-0.07711,51.54611],[-0.07677,51.54613],[-0.07635,51.54666],[-0.07661,51.54792],[-0.07942,51.55166],[-0.08243,51.55207],[-0.08512,51.55211],[-0.08763,51.55287],[-0.08823,51.55367],[-0.09038,51.55415],[-0.09039,51.55767],[-0.09168,51.56022],[-0.09583,51.5612],[-0.09856,51.56084],[-0.10448,51.56471],[-0.09609,51.5707],[-0.09782,51.57361],[-0.09643,51.5738],[-0.09491,51.5736],[-0.09401,51.57387],[-0.0916,51.57399],[-0.0899,51.57442],[-0.08696,51.5744],[-0.08661,51.57421],[-0.08724,51.57472],[-0.08541,51.5751],[-0.08013,51.57557],[-0.07625,51.57486],[-0.07567,51.57555],[-0.07538,51.57528],[-0.07515,51.57556],[-0.06673,51.57635],[-0.06659,51.57577],[-0.06661,51.57663],[-0.06116,51.57779],[-0.05856,51.57318],[-0.05841,51.57253],[-0.05687,51.57145],[-0.05615,51.57067],[-0.05427,51.5702],[-0.05313,51.56858],[-0.05115,51.56772],[-0.04765,51.56533],[-0.0467,51.56438],[-0.0467,51.56375],[-0.04723,51.5627],[-0.04559,51.56221],[-0.0443,51.56104],[-0.04508,51.56176],[-0.04231,51.56139],[-0.03997,51.56178],[-0.03896,51.56122],[-0.03639,51.56151],[-0.03328,51.56062],[-0.03009,51.56136],[-0.02775,51.56077],[-0.02573,51.5598],[-0.02435,51.55869],[-0.02389,51.55733],[-0.02311,51.5573],[-0.01846,51.55511],[-0.01788,51.55413],[-0.01716,51.55171],[-0.0191,51.55162],[-0.01898,51.55059],[-0.01734,51.54724],[-0.01648,51.54328],[-0.01936,51.54354],[-0.0256,51.54329],[-0.02906,51.54229],[-0.02982,51.54313],[-0.03112,51.54348],[-0.03304,51.54464],[-0.03774,51.5418],[-0.03714,51.54142],[-0.04071,51.5381],[-0.04209,51.53712],[-0.04483,51.53581],[-0.0469,51.53549],[-0.05022,51.53645],[-0.0516,51.53632],[-0.05256,51.53572],[-0.05281,51.53489],[-0.05414,51.53512],[-0.05937,51.5341],[-0.06043,51.53433],[-0.06244,51.53552],[-0.06271,51.53419],[-0.06222,51.53327],[-0.06496,51.5329],[-0.06511,51.53322],[-0.06629,51.53123],[-0.07181,51.53089],[-0.07395,51.53025],[-0.07485,51.52949],[-0.07569,51.52836],[-0.07723,51.5273],[-0.07629,51.52714],[-0.07657,51.52567],[-0.07642,51.52429],[-0.07592,51.52432]],[[-0.08852,51.53451],[-0.08913,51.53537],[-0.08968,51.536],[-0.08852,51.53451]],[[-0.08656,51.53611],[-0.08641,51.53491],[-0.08656,51.53611],[-0.08913,51.53537],[-0.08656,51.53611]],[[-0.09588,51.57075],[-0.09424,51.57132],[-0.09609,51.5707],[-0.09588,51.57075]],[[-0.05427,51.56393],[-0.05232,51.56609],[-0.05115,51.56772],[-0.05427,51.56393]],[[-0.05543,51.56392],[-0.05364,51.56393],[-0.05427,51.56393],[-0.05543,51.56392]],[[-0.05523,51.56469],[-0.05546,51.56419],[-0.05543,51.56392],[-0.05523,51.56469]],[[-0.06458,51.53562],[-0.06815,51.5357],[-0.06244,51.53552],[-0.06458,51.53562]],[[-0.08376,51.57272],[-0.08459,51.57284],[-0.08372,51.57266],[-0.08413,51.57417],[-0.08376,51.57272]],[[-0.07796,51.57202],[-0.07641,51.57427],[-0.07671,51.57384],[-0.07796,51.57202]],[[-0.06939,51.57257],[-0.06891,51.57254],[-0.06952,51.57261],[-0.06939,51.57257]],[[-0.06735,51.56782],[-0.06443,51.5695],[-0.0654,51.56895],[-0.06735,51.56782]],[[-0.06741,51.5666],[-0.06741,51.56634],[-0.06682,51.56769],[-0.06741,51.5666]],[[-0.06907,51.56683],[-0.06896,51.56562],[-0.06907,51.56683],[-0.06907,51.56683]],[[-0.07031,51.56021],[-0.0707,51.5599],[-0.0703,51.56019],[-0.0708,51.56181],[-0.07031,51.56021]],[[-0.06944,51.55834],[-0.06929,51.55814],[-0.0703,51.56019],[-0.06944,51.55834]],[[-0.06812,51.55558],[-0.06822,51.5562],[-0.06857,51.55686],[-0.06812,51.55558]],[[-0.06666,51.5555],[-0.06543,51.5555],[-0.06812,51.55558],[-0.06666,51.5555]],[[-0.06623,51.55471],[-0.06524,51.55311],[-0.06666,51.5555],[-0.06623,51.55471]],[[-0.0677,51.55138],[-0.06392,51.55191],[-0.06391,51.55191],[-0.06703,51.55155],[-0.0677,51.55138]],[[-0.06801,51.5513],[-0.06765,51.54827],[-0.06768,51.54865],[-0.06801,51.5513]],[[-0.06948,51.54752],[-0.06836,51.54762],[-0.06521,51.54745],[-0.06896,51.54767],[-0.06948,51.54752]],[[-0.07193,51.53617],[-0.06872,51.53577],[-0.0702,51.53603],[-0.07193,51.53617]],[[-0.08073,51.54277],[-0.08047,51.5444],[-0.08118,51.54145],[-0.08073,51.54277]],[[-0.07924,51.53631],[-0.08189,51.53657],[-0.08172,51.53741],[-0.0819,51.53653],[-0.07924,51.53631]],[[-0.08294,51.53364],[-0.0828,51.53504],[-0.08289,51.5349],[-0.08294,51.53364]],[[-0.08008,51.53319],[-0.08015,51.53273],[-0.08023,51.53008],[-0.08008,51.53319]],[[-0.08005,51.52917],[-0.08003,51.52945],[-0.08023,51.53008],[-0.08005,51.52917]],[[-0.08058,51.52815],[-0.08012,51.52816],[-0.0836,51.52807],[-0.08058,51.52815]],[[-0.09328,51.53126],[-0.09247,51.53153],[-0.09283,51.53149],[-0.09328,51.53126]],[[-0.08895,51.53002],[-0.09068,51.52981],[-0.09119,51.52967],[-0.08895,51.53002]],[[-0.08882,51.52964],[-0.08932,51.53118],[-0.08895,51.53002],[-0.08882,51.52964]],[[-0.08358,51.52921],[-0.08323,51.52973],[-0.08291,51.53086],[-0.08321,51.5299],[-0.08358,51.52921]],[[-0.08131,51.5296],[-0.08132,51.52972],[-0.08323,51.52973],[-0.08131,51.5296]],[[-0.09026,51.53106],[-0.09076,51.53132],[-0.09027,51.53105],[-0.09026,51.53106]],[[-0.08572,51.5361],[-0.08553,51.53649],[-0.08556,51.5368],[-0.08572,51.5361]],[[-0.0875,51.57213],[-0.08798,51.57226],[-0.08855,51.57228],[-0.0875,51.57213]],[[-0.07543,51.57044],[-0.07758,51.5706],[-0.0799,51.57049],[-0.07543,51.57044]],[[-0.08699,51.56874],[-0.08219,51.56987],[-0.0799,51.57049],[-0.08699,51.56874]],[[-0.08893,51.57071],[-0.08758,51.56933],[-0.08699,51.56874],[-0.08893,51.57071]],[[-0.07759,51.56618],[-0.07945,51.56617],[-0.07649,51.56601],[-0.07759,51.56618]],[[-0.08055,51.56405],[-0.07961,51.56459],[-0.08027,51.56432],[-0.08055,51.56405]],[[-0.07573,51.55901],[-0.07849,51.55807],[-0.07879,51.5579],[-0.07573,51.55901]],[[-0.07912,51.55331],[-0.07941,51.55371],[-0.07909,51.55301],[-0.07912,51.55331]],[[-0.08369,51.5574],[-0.08248,51.55675],[-0.08326,51.55724],[-0.08369,51.5574]],[[-0.0983,51.56385],[-0.09854,51.56404],[-0.09931,51.56452],[-0.0983,51.56385]],[[-0.09697,51.5636],[-0.09805,51.56575],[-0.0975,51.56464],[-0.09697,51.5636]],[[-0.09295,51.56374],[-0.0932,51.5641],[-0.0934,51.56433],[-0.09295,51.56374]],[[-0.08921,51.56678],[-0.09073,51.56595],[-0.09183,51.56529],[-0.08921,51.56678]],[[-0.0811,51.55915],[-0.08025,51.55928],[-0.08069,51.55934],[-0.0811,51.55915]],[[-0.09236,51.56373],[-0.09196,51.56262],[-0.09198,51.56283],[-0.09236,51.56373]],[[-0.0988,51.56783],[-0.09722,51.56867],[-0.0982,51.56821],[-0.09764,51.56888],[-0.0988,51.56783]],[[-0.07672,51.539],[-0.07675,51.53817],[-0.07674,51.53842],[-0.07631,51.54236],[-0.07672,51.539]],[[-0.074,51.5385],[-0.07305,51.53856],[-0.07674,51.53842],[-0.074,51.5385]],[[-0.07715,51.5328],[-0.07694,51.53509],[-0.07693,51.53527],[-0.07712,51.53336],[-0.07715,51.5328]],[[-0.07231,51.5327],[-0.07231,51.5319],[-0.07225,51.53102],[-0.07231,51.5327]],[[-0.07452,51.54288],[-0.07547,51.54283],[-0.07222,51.54297],[-0.07452,51.54288]],[[-0.07606,51.54618],[-0.07568,51.5462],[-0.07552,51.54625],[-0.07606,51.54618]],[[-0.07416,51.55933],[-0.07361,51.5621],[-0.0739,51.56072],[-0.07452,51.56074],[-0.0739,51.56071],[-0.07416,51.55933]],[[-0.07487,51.55298],[-0.07502,51.55226],[-0.07485,51.55302],[-0.07487,51.55298]],[[-0.07314,51.55339],[-0.07314,51.55339],[-0.07129,51.55345],[-0.07314,51.55339]],[[-0.07448,51.55496],[-0.07438,51.55825],[-0.07461,51.55543],[-0.07448,51.55496]],[[-0.07312,51.57034],[-0.07139,51.57019],[-0.07203,51.57029],[-0.07064,51.57023],[-0.07312,51.57034]],[[-0.07293,51.56788],[-0.07308,51.56542],[-0.07316,51.56343],[-0.07293,51.56788]],[[-0.06322,51.57405],[-0.06559,51.57218],[-0.06396,51.57341],[-0.06322,51.57405]],[[-0.05646,51.55974],[-0.05569,51.56008],[-0.05646,51.55974],[-0.05646,51.55974]],[[-0.05436,51.5547],[-0.05558,51.55646],[-0.05525,51.55598],[-0.05436,51.5547]],[[-0.05295,51.5528],[-0.05222,51.55197],[-0.05436,51.5547],[-0.05295,51.5528]],[[-0.04916,51.5527],[-0.04984,51.55262],[-0.05222,51.55197],[-0.04916,51.5527]],[[-0.05339,51.54823],[-0.05437,51.54975],[-0.0532,51.54789],[-0.05339,51.54823]],[[-0.05538,51.54424],[-0.05495,51.54711],[-0.05511,51.54666],[-0.05538,51.54424]],[[-0.05537,51.54367],[-0.05525,51.54085],[-0.05538,51.54424],[-0.05537,51.54367]],[[-0.05488,51.54319],[-0.05019,51.54364],[-0.05529,51.54315],[-0.05488,51.54319]],[[-0.05164,51.54147],[-0.05191,51.54136],[-0.05217,51.54101],[-0.05164,51.54147]],[[-0.049,51.53778],[-0.05253,51.53705],[-0.05435,51.53662],[-0.049,51.53778]],[[-0.05699,51.53785],[-0.05698,51.53797],[-0.05703,51.53824],[-0.05699,51.53785]],[[-0.06388,51.55191],[-0.0597,51.55248],[-0.05621,51.55297],[-0.06388,51.55191]],[[-0.05608,51.5526],[-0.05617,51.55319],[-0.05621,51.55297],[-0.05608,51.5526]],[[-0.06203,51.53861],[-0.06095,51.53887],[-0.06095,51.53887],[-0.06203,51.53861]],[[-0.06258,51.54335],[-0.06018,51.54364],[-0.06423,51.54329],[-0.06258,51.54335]],[[-0.06468,51.5481],[-0.06384,51.54611],[-0.06382,51.54606],[-0.06468,51.5481]],[[-0.06144,51.5497],[-0.06133,51.54968],[-0.06289,51.55126],[-0.06144,51.5497]],[[-0.06188,51.54788],[-0.06241,51.54732],[-0.06241,51.54732],[-0.06188,51.54788]],[[-0.06024,51.54721],[-0.05743,51.54708],[-0.0597,51.54719],[-0.06024,51.54721]],[[-0.06672,51.56232],[-0.0665,51.56239],[-0.06689,51.56234],[-0.06672,51.56232]],[[-0.06476,51.56055],[-0.06394,51.56021],[-0.0649,51.56073],[-0.06476,51.56055]],[[-0.05979,51.56255],[-0.05816,51.56301],[-0.05993,51.56257],[-0.05979,51.56255]],[[-0.05654,51.55988],[-0.05653,51.55987],[-0.05759,51.56242],[-0.05654,51.55988]],[[-0.05851,51.56337],[-0.05873,51.56359],[-0.0598,51.5646],[-0.05978,51.56454],[-0.05851,51.56337]],[[-0.06033,51.56637],[-0.06016,51.56581],[-0.06022,51.56617],[-0.06033,51.56637]],[[-0.05773,51.5665],[-0.05668,51.56667],[-0.06022,51.56617],[-0.05773,51.5665]],[[-0.06403,51.57431],[-0.06433,51.57455],[-0.06483,51.57456],[-0.06403,51.57431]],[[-0.04193,51.54632],[-0.04167,51.54526],[-0.04197,51.54704],[-0.04193,51.54632]],[[-0.04598,51.54492],[-0.04837,51.54286],[-0.04579,51.54493],[-0.04167,51.54526],[-0.04598,51.54492]],[[-0.04154,51.54702],[-0.04022,51.54698],[-0.04197,51.54704],[-0.04154,51.54702]],[[-0.04096,51.5487],[-0.04096,51.5487],[-0.04022,51.54698],[-0.04096,51.5487]],[[-0.04153,51.55351],[-0.03977,51.54893],[-0.03977,51.54893],[-0.04059,51.55125],[-0.04153,51.55351]],[[-0.0351,51.54986],[-0.03857,51.54912],[-0.0344,51.55002],[-0.0351,51.54986]],[[-0.03321,51.55029],[-0.03313,51.55031],[-0.02972,51.55165],[-0.03321,51.55029]],[[-0.0461,51.53875],[-0.04568,51.53829],[-0.04568,51.53829],[-0.0461,51.53875]],[[-0.03754,51.54426],[-0.03755,51.54426],[-0.03907,51.54396],[-0.03754,51.54426]],[[-0.0478,51.55461],[-0.04668,51.55595],[-0.04697,51.55567],[-0.0478,51.55461]],[[-0.04545,51.55579],[-0.0439,51.55276],[-0.0458,51.5567],[-0.04545,51.55579]],[[-0.04675,51.55117],[-0.04472,51.55092],[-0.04637,51.55125],[-0.04675,51.55117]],[[-0.03502,51.55236],[-0.03431,51.55158],[-0.03563,51.5532],[-0.03502,51.55236]],[[-0.03655,51.55196],[-0.03548,51.55187],[-0.03601,51.55195],[-0.03655,51.55196]],[[-0.03277,51.55428],[-0.03841,51.55735],[-0.03399,51.55483],[-0.03277,51.55428]],[[-0.04151,51.5557],[-0.04164,51.55597],[-0.0415,51.55569],[-0.04151,51.5557]],[[-0.04528,51.55918],[-0.0474,51.55923],[-0.04528,51.55918],[-0.04528,51.55918]],[[-0.05021,51.55822],[-0.05223,51.55771],[-0.05021,51.55822],[-0.05021,51.55822]],[[-0.04952,51.55661],[-0.05005,51.55783],[-0.04994,51.55731],[-0.04952,51.55661]]]}},{"type":"Feature","properties":{"n":"Hammersmith and Fulham"},"geometry":{"type":"MultiPolygon","coordinates":[[[[-0.24534,51.4927],[-0.24446,51.49795],[-0.24536,51.49837],[-0.24934,51.497],[-0.25217,51.50064],[-0.25306,51.5014],[-0.25317,51.50254],[-0.25505,51.5043],[-0.25371,51.50429],[-0.25369,51.50457],[-0.25267,51.50471],[-0.2526,51.50448],[-0.25083,51.50456],[-0.24988,51.50439],[-0.24942,51.50466],[-0.24925,51.5044],[-0.24608,51.50459],[-0.2457,51.50467],[-0.24649,51.50673],[-0.24106,51.50665],[-0.24506,51.50674],[-0.2466,51.5112],[-0.24917,51.51413],[-0.25064,51.51963],[-0.25038,51.52004],[-0.25191,51.52226],[-0.25267,51.52451],[-0.25247,51.52521],[-0.25023,51.52722],[-0.25053,51.52781],[-0.24964,51.52913],[-0.24695,51.5308],[-0.24527,51.53129],[-0.24692,51.53185],[-0.24637,51.5328],[-0.24387,51.53191],[-0.23729,51.53203],[-0.23449,51.5327],[-0.23143,51.53112],[-0.22848,51.53035],[-0.22862,51.53006],[-0.22743,51.52805],[-0.22718,51.52486],[-0.2266,51.5248],[-0.22671,51.52198],[-0.22828,51.5211],[-0.22468,51.51792],[-0.22259,51.51552],[-0.22025,51.51173],[-0.21832,51.50766],[-0.21919,51.50959],[-0.21786,51.50976],[-0.21803,51.51023],[-0.2172,51.51039],[-0.21686,51.50947],[-0.21578,51.50912],[-0.21518,51.50765],[-0.21613,51.50747],[-0.21592,51.50639],[-0.21789,51.5061],[-0.21702,51.5045],[-0.21531,51.50252],[-0.21407,51.50068],[-0.2099,51.49778],[-0.20798,51.49602],[-0.20736,51.49615],[-0.20398,51.49406],[-0.20186,51.49188],[-0.20462,51.49137],[-0.20238,51.49169],[-0.19869,51.48848],[-0.19643,51.48721],[-0.19596,51.48737],[-0.19356,51.48579],[-0.18798,51.48074],[-0.18653,51.47987],[-0.18535,51.4786],[-0.18345,51.47742],[-0.18387,51.47744],[-0.18417,51.47718],[-0.18247,51.47711],[-0.18041,51.47771],[-0.17936,51.47762],[-0.18099,51.4726],[-0.18306,51.46922],[-0.18447,51.46768],[-0.18705,51.4663],[-0.19044,51.46526],[-0.19416,51.46484],[-0.19714,51.46498],[-0.19856,51.4676],[-0.19738,51.46521],[-0.19755,51.46499],[-0.20276,51.46534],[-0.21053,51.46714],[-0.21051,51.46774],[-0.21111,51.46735],[-0.21678,51.46961],[-0.2215,51.47348],[-0.22258,51.47481],[-0.22346,51.47716],[-0.22402,51.4817],[-0.22362,51.48189],[-0.22496,51.48421],[-0.22756,51.48738],[-0.22867,51.48883],[-0.23278,51.49019],[-0.23459,51.4904],[-0.24072,51.49004],[-0.24306,51.48943],[-0.2445,51.48871],[-0.24519,51.48922],[-0.24553,51.48993],[-0.24534,51.4927]],[[-0.18257,51.47492],[-0.18096,51.47384],[-0.18063,51.4737],[-0.18257,51.47492]],[[-0.22323,51.48913],[-0.22636,51.48787],[-0.22756,51.48738],[-0.22323,51.48913]],[[-0.22736,51.49118],[-0.22628,51.49188],[-0.22733,51.49124],[-0.22949,51.4891],[-0.22736,51.49118]],[[-0.21752,51.5002],[-0.21752,51.5002],[-0.21561,51.5012],[-0.21752,51.5002]],[[-0.21645,51.49342],[-0.21655,51.49274],[-0.21619,51.49412],[-0.21645,51.49342]],[[-0.21566,51.48674],[-0.21417,51.48615],[-0.21612,51.48703],[-0.21566,51.48674]],[[-0.22184,51.48784],[-0.22211,51.48773],[-0.21942,51.48862],[-0.22184,51.48784]],[[-0.22222,51.48849],[-0.22242,51.48872],[-0.22184,51.48784],[-0.22222,51.48849]],[[-0.21954,51.48464],[-0.21653,51.48519],[-0.21729,51.48515],[-0.21954,51.48464]],[[-0.22055,51.48462],[-0.2197,51.48316],[-0.21971,51.48344],[-0.22055,51.48462]],[[-0.2196,51.48238],[-0.2196,51.48238],[-0.2199,51.48279],[-0.2196,51.48238]],[[-0.2179,51.48077],[-0.21808,51.48137],[-0.21844,51.48211],[-0.2179,51.48077]],[[-0.21535,51.47604],[-0.21454,51.47523],[-0.21721,51.47848],[-0.21535,51.47604]],[[-0.22682,51.51069],[-0.22774,51.51134],[-0.22831,51.51175],[-0.22682,51.51069]],[[-0.22736,51.51228],[-0.22886,51.51146],[-0.22831,51.51175],[-0.22736,51.51228]],[[-0.23815,51.51429],[-0.23188,51.51469],[-0.23071,51.51479],[-0.23815,51.51429]],[[-0.2318,51.51365],[-0.23199,51.51363],[-0.23176,51.51343],[-0.2318,51.51365]],[[-0.23071,51.50618],[-0.23061,51.50655],[-0.23061,51.50655],[-0.23071,51.50618]],[[-0.23253,51.5014],[-0.2324,51.50124],[-0.23313,51.50395],[-0.23253,51.5014]],[[-0.23994,51.49958],[-0.23797,51.49998],[-0.229,51.50193],[-0.2324,51.50124],[-0.23994,51.49958]],[[-0.23184,51.49716],[-0.23193,51.49691],[-0.2319,51.49679],[-0.23184,51.49716]],[[-0.23355,51.49441],[-0.23142,51.49446],[-0.2346,51.49443],[-0.23355,51.49441]],[[-0.23449,51.49558],[-0.23456,51.49576],[-0.2346,51.49443],[-0.23449,51.49558]],[[-0.24347,51.50252],[-0.24305,51.50181],[-0.24398,51.50396],[-0.24347,51.50252]],[[-0.24543,51.50195],[-0.24474,51.50212],[-0.24698,51.50165],[-0.24543,51.50195]],[[-0.24188,51.50184],[-0.2417,51.50179],[-0.24222,51.50203],[-0.24188,51.50184]],[[-0.2397,51.49466],[-0.23967,51.49435],[-0.23943,51.4939],[-0.2397,51.49466]],[[-0.23464,51.49595],[-0.23548,51.49581],[-0.23464,51.49595],[-0.23464,51.49595]],[[-0.24098,51.49353],[-0.24256,51.49351],[-0.24065,51.49352],[-0.24098,51.49353]],[[-0.23424,51.49793],[-0.23469,51.4985],[-0.23424,51.49771],[-0.23424,51.49793]],[[-0.23394,51.50135],[-0.23407,51.50115],[-0.23358,51.50136],[-0.23394,51.50135]],[[-0.23968,51.50162],[-0.24,51.50131],[-0.23981,51.50143],[-0.23968,51.50162]],[[-0.23751,51.5029],[-0.23857,51.50011],[-0.23752,51.50264],[-0.23751,51.5029]],[[-0.23556,51.50535],[-0.23566,51.50468],[-0.23553,51.50373],[-0.23556,51.50535]],[[-0.23849,51.50472],[-0.2392,51.50456],[-0.2393,51.50537],[-0.2392,51.50456],[-0.23849,51.50472]],[[-0.23456,51.50691],[-0.23455,51.50975],[-0.23457,51.50644],[-0.23456,51.50691]],[[-0.23369,51.50982],[-0.23754,51.51003],[-0.23455,51.50975],[-0.23369,51.50982]],[[-0.23911,51.51425],[-0.23911,51.51425],[-0.23981,51.51407],[-0.23911,51.51425]],[[-0.23356,51.51242],[-0.23356,51.51242],[-0.23417,51.51238],[-0.23356,51.51242]],[[-0.24043,51.51],[-0.23909,51.50976],[-0.23959,51.50996],[-0.24043,51.51]],[[-0.23822,51.52497],[-0.23375,51.52546],[-0.23441,51.5255],[-0.23822,51.52497]],[[-0.23138,51.49955],[-0.22815,51.49998],[-0.22873,51.49995],[-0.23138,51.49955]],[[-0.21914,51.49668],[-0.21817,51.4972],[-0.21828,51.49722],[-0.21914,51.49668]],[[-0.22082,51.47935],[-0.22076,51.47926],[-0.22123,51.48005],[-0.22082,51.47935]],[[-0.21705,51.49088],[-0.21929,51.49136],[-0.21752,51.49089],[-0.21705,51.49088]],[[-0.22043,51.49315],[-0.21938,51.49322],[-0.21999,51.49322],[-0.22043,51.49315]],[[-0.21936,51.50034],[-0.22052,51.49972],[-0.21786,51.50109],[-0.21936,51.50034]],[[-0.2175,51.50072],[-0.21753,51.5009],[-0.21792,51.50033],[-0.2175,51.50072]],[[-0.22178,51.49864],[-0.21901,51.49805],[-0.21936,51.49819],[-0.22178,51.49864]],[[-0.1992,51.48623],[-0.20242,51.48553],[-0.20242,51.48553],[-0.1992,51.48623]],[[-0.20324,51.48505],[-0.20266,51.48543],[-0.20496,51.48444],[-0.20324,51.48505]],[[-0.20532,51.48177],[-0.20333,51.48246],[-0.20234,51.48307],[-0.20429,51.48213],[-0.20532,51.48177]],[[-0.20248,51.48099],[-0.2019,51.48038],[-0.20333,51.48246],[-0.20248,51.48099]],[[-0.20559,51.48055],[-0.20532,51.48064],[-0.20832,51.48102],[-0.20559,51.48055]],[[-0.2035,51.47706],[-0.20485,51.4765],[-0.20487,51.47648],[-0.2035,51.47706]],[[-0.20624,51.47524],[-0.20643,51.47482],[-0.20553,51.47594],[-0.20736,51.47443],[-0.20624,51.47524]],[[-0.2078,51.47475],[-0.20756,51.4745],[-0.20736,51.47443],[-0.2078,51.47475]],[[-0.20604,51.47145],[-0.20592,51.47154],[-0.20586,51.47203],[-0.20604,51.47145]],[[-0.20812,51.46947],[-0.20051,51.47084],[-0.19863,51.47097],[-0.20021,51.4709],[-0.21019,51.46933],[-0.20812,51.46947]],[[-0.19603,51.46885],[-0.19727,51.46997],[-0.19863,51.47097],[-0.19603,51.46885]],[[-0.20817,51.48772],[-0.20577,51.48824],[-0.20959,51.48749],[-0.20817,51.48772]],[[-0.21539,51.48541],[-0.21479,51.48559],[-0.21403,51.48586],[-0.21539,51.48541]],[[-0.21311,51.48429],[-0.2134,51.4841],[-0.21333,51.48412],[-0.21311,51.48429]],[[-0.21507,51.4822],[-0.21745,51.48155],[-0.21332,51.48259],[-0.21507,51.4822]],[[-0.21128,51.48304],[-0.21059,51.48309],[-0.20803,51.48376],[-0.21128,51.48304]],[[-0.21177,51.47843],[-0.21119,51.47812],[-0.21365,51.47725],[-0.21052,51.47832],[-0.21119,51.47812],[-0.21177,51.47843]],[[-0.20962,51.47722],[-0.21025,51.4771],[-0.2085,51.47757],[-0.20962,51.47722]],[[-0.21266,51.47342],[-0.21378,51.47446],[-0.2122,51.47287],[-0.21266,51.47342]],[[-0.21139,51.47191],[-0.21153,51.47208],[-0.2112,51.4715],[-0.21139,51.47191]],[[-0.20828,51.47365],[-0.20845,51.47376],[-0.20742,51.47304],[-0.20828,51.47365]],[[-0.21017,51.49051],[-0.21014,51.49052],[-0.21019,51.49051],[-0.21017,51.49051]],[[-0.20906,51.48908],[-0.20883,51.48873],[-0.20947,51.49006],[-0.20906,51.48908]],[[-0.2124,51.48619],[-0.21172,51.48631],[-0.21112,51.48643],[-0.2124,51.48619]],[[-0.20716,51.49419],[-0.20758,51.49435],[-0.20599,51.49366],[-0.20716,51.49419]],[[-0.20074,51.47578],[-0.20062,51.47443],[-0.2007,51.47552],[-0.20074,51.47578]],[[-0.19743,51.47724],[-0.19724,51.47734],[-0.19657,51.47804],[-0.19743,51.47724]],[[-0.18584,51.47468],[-0.18598,51.47473],[-0.18893,51.47584],[-0.18584,51.47468]],[[-0.18508,51.47084],[-0.18368,51.47368],[-0.18478,51.47159],[-0.18508,51.47084]],[[-0.19146,51.47196],[-0.19161,51.47259],[-0.1921,51.47429],[-0.19146,51.47196]],[[-0.18752,51.47017],[-0.18966,51.4686],[-0.18853,51.46943],[-0.18752,51.47017]],[[-0.18679,51.47828],[-0.18917,51.47738],[-0.18943,51.47718],[-0.18679,51.47828]],[[-0.20303,51.47963],[-0.20258,51.47981],[-0.20309,51.47911],[-0.20224,51.48006],[-0.20303,51.47963]],[[-0.19907,51.48082],[-0.19914,51.48106],[-0.19909,51.48081],[-0.19907,51.48082]],[[-0.1956,51.47988],[-0.19837,51.4807],[-0.19907,51.48082],[-0.1956,51.47988]],[[-0.19886,51.48378],[-0.19866,51.48358],[-0.19775,51.48305],[-0.19886,51.48378]]],[[[-0.18216,51.47739],[-0.18251,51.4774],[-0.18172,51.47756],[-0.18216,51.47739]]]]}},{"type":"Feature","properties":{"n":"Haringey"},"geometry":{"type":"Polygon","coordinates":[[[-0.14407,51.56999],[-0.1507,51.5716],[-0.15738,51.57211],[-0.1606,51.5728],[-0.16445,51.57251],[-0.16708,51.57298],[-0.17126,51.57243],[-0.17116,51.57361],[-0.16946,51.57399],[-0.16955,51.57618],[-0.16932,51.57742],[-0.16806,51.57693],[-0.16687,51.57868],[-0.16724,51.58133],[-0.16662,51.58197],[-0.16352,51.58202],[-0.16616,51.58201],[-0.16573,51.58325],[-0.1611,51.58542],[-0.15959,51.58452],[-0.15798,51.58575],[-0.15792,51.5862],[-0.15715,51.58621],[-0.15741,51.58656],[-0.15383,51.58656],[-0.15862,51.58667],[-0.15862,51.588],[-0.1561,51.58805],[-0.16017,51.58805],[-0.16018,51.58973],[-0.15977,51.58976],[-0.15977,51.59056],[-0.15946,51.59158],[-0.15898,51.59177],[-0.15881,51.59233],[-0.15965,51.59227],[-0.16095,51.59483],[-0.16174,51.59702],[-0.16156,51.59789],[-0.15634,51.60536],[-0.15596,51.60545],[-0.15612,51.60511],[-0.15377,51.60322],[-0.15336,51.60208],[-0.15341,51.60069],[-0.15304,51.59936],[-0.15136,51.59745],[-0.15087,51.59763],[-0.15136,51.59736],[-0.14447,51.60013],[-0.14447,51.60052],[-0.14203,51.60367],[-0.14339,51.60779],[-0.14332,51.60888],[-0.13526,51.61122],[-0.12932,51.60966],[-0.12645,51.60935],[-0.12448,51.60754],[-0.12638,51.60931],[-0.12533,51.61002],[-0.12489,51.60995],[-0.12319,51.60878],[-0.11924,51.60837],[-0.11877,51.60854],[-0.11749,51.6082],[-0.11726,51.60844],[-0.11397,51.60832],[-0.11078,51.60862],[-0.11039,51.60831],[-0.10525,51.60847],[-0.1032,51.6083],[-0.10246,51.60802],[-0.1021,51.6084],[-0.09742,51.6085],[-0.09765,51.60896],[-0.0958,51.60928],[-0.09516,51.60865],[-0.09262,51.60887],[-0.09257,51.60908],[-0.08199,51.60847],[-0.0756,51.60845],[-0.0681,51.60879],[-0.0677,51.60864],[-0.06697,51.6089],[-0.06557,51.60859],[-0.05513,51.60884],[-0.05292,51.60853],[-0.05304,51.60802],[-0.04143,51.60563],[-0.0461,51.60013],[-0.05027,51.59685],[-0.05087,51.59613],[-0.05121,51.59498],[-0.05225,51.594],[-0.05346,51.58991],[-0.05214,51.58779],[-0.05474,51.58588],[-0.05626,51.58379],[-0.05849,51.58214],[-0.06101,51.58083],[-0.06219,51.57965],[-0.06198,51.57879],[-0.06116,51.57779],[-0.06661,51.57663],[-0.06673,51.57635],[-0.0724,51.57564],[-0.07515,51.57556],[-0.07538,51.57528],[-0.07567,51.57555],[-0.07551,51.57605],[-0.07625,51.57486],[-0.07905,51.57547],[-0.08147,51.57554],[-0.08724,51.57472],[-0.08696,51.5744],[-0.0899,51.57442],[-0.0916,51.57399],[-0.09345,51.57401],[-0.09491,51.5736],[-0.09643,51.5738],[-0.09782,51.57361],[-0.09871,51.57486],[-0.09609,51.5707],[-0.10151,51.56659],[-0.10448,51.56471],[-0.10488,51.56467],[-0.10618,51.56554],[-0.11068,51.56861],[-0.11506,51.57064],[-0.11517,51.57147],[-0.11563,51.57166],[-0.11538,51.57189],[-0.11607,51.57218],[-0.11565,51.57255],[-0.11756,51.57418],[-0.11946,51.57443],[-0.11757,51.57517],[-0.11898,51.5747],[-0.11956,51.57553],[-0.12247,51.57496],[-0.12424,51.57435],[-0.12602,51.5746],[-0.12448,51.57438],[-0.12508,51.57408],[-0.12719,51.57413],[-0.13068,51.57368],[-0.13337,51.57289],[-0.1404,51.56951],[-0.14239,51.56912],[-0.14407,51.56999]],[[-0.11135,51.60626],[-0.11177,51.60524],[-0.11039,51.60831],[-0.11135,51.60626]],[[-0.10563,51.5698],[-0.10565,51.56971],[-0.10618,51.56554],[-0.10563,51.5698]],[[-0.09941,51.60459],[-0.097,51.60498],[-0.097,51.60498],[-0.09941,51.60459]],[[-0.10357,51.60329],[-0.10284,51.60347],[-0.09941,51.60459],[-0.10357,51.60329]],[[-0.10392,51.60391],[-0.10511,51.60162],[-0.10401,51.60355],[-0.10392,51.60391]],[[-0.10177,51.59752],[-0.10299,51.59889],[-0.10299,51.59889],[-0.10177,51.59752]],[[-0.10027,51.59586],[-0.10044,51.59604],[-0.10068,51.59631],[-0.10027,51.59586]],[[-0.0985,51.59674],[-0.0985,51.59674],[-0.10044,51.59604],[-0.0985,51.59674]],[[-0.10435,51.59005],[-0.10343,51.59042],[-0.09509,51.59525],[-0.1008,51.59197],[-0.10435,51.59005]],[[-0.09821,51.58733],[-0.09365,51.58605],[-0.09823,51.58734],[-0.09821,51.58733]],[[-0.09906,51.57881],[-0.09838,51.57505],[-0.09867,51.57704],[-0.09919,51.5795],[-0.09906,51.57881]],[[-0.09964,51.57877],[-0.09945,51.57878],[-0.09906,51.57881],[-0.09964,51.57877]],[[-0.10419,51.57913],[-0.10586,51.57897],[-0.10463,51.57908],[-0.10419,51.57913]],[[-0.10495,51.57519],[-0.10492,51.57537],[-0.10492,51.57538],[-0.10495,51.57519]],[[-0.12142,51.59892],[-0.12395,51.6009],[-0.12457,51.60129],[-0.12142,51.59892]],[[-0.11725,51.59414],[-0.12006,51.59756],[-0.12142,51.59892],[-0.11725,51.59414]],[[-0.12006,51.58826],[-0.12006,51.58827],[-0.12013,51.58752],[-0.12006,51.58826]],[[-0.12463,51.5852],[-0.12473,51.58631],[-0.12493,51.58672],[-0.12463,51.5852]],[[-0.12365,51.58158],[-0.12347,51.58366],[-0.12361,51.58241],[-0.12365,51.58158]],[[-0.12235,51.5812],[-0.12327,51.58121],[-0.12255,51.58107],[-0.12235,51.5812]],[[-0.11435,51.57624],[-0.1174,51.58028],[-0.11909,51.58241],[-0.1174,51.58028],[-0.11435,51.57624]],[[-0.11528,51.57593],[-0.11294,51.57648],[-0.11435,51.57624],[-0.11528,51.57593]],[[-0.11929,51.57995],[-0.11913,51.57997],[-0.1174,51.58028],[-0.11929,51.57995]],[[-0.12576,51.57654],[-0.12484,51.57751],[-0.12535,51.57698],[-0.12576,51.57654]],[[-0.15192,51.58549],[-0.15478,51.58318],[-0.15149,51.58578],[-0.15192,51.58549]],[[-0.15102,51.58547],[-0.14752,51.58623],[-0.14806,51.58623],[-0.15102,51.58547]],[[-0.14795,51.59037],[-0.14747,51.5902],[-0.14836,51.59066],[-0.14795,51.59037]],[[-0.14135,51.58954],[-0.14185,51.58873],[-0.13952,51.5919],[-0.14055,51.59069],[-0.14358,51.59145],[-0.14051,51.59065],[-0.14156,51.5893],[-0.14135,51.58954]],[[-0.13988,51.59242],[-0.14024,51.59274],[-0.13952,51.5919],[-0.13988,51.59242]],[[-0.13317,51.5871],[-0.12959,51.58638],[-0.13225,51.58694],[-0.13317,51.5871]],[[-0.12904,51.58523],[-0.12841,51.58529],[-0.12686,51.58584],[-0.12904,51.58523]],[[-0.13935,51.58539],[-0.1393,51.58539],[-0.13879,51.58574],[-0.13935,51.58539]],[[-0.14825,51.57514],[-0.14782,51.5765],[-0.14833,51.5752],[-0.14825,51.57514]],[[-0.14428,51.57669],[-0.14433,51.57669],[-0.14463,51.57658],[-0.14428,51.57669]],[[-0.127,51.57854],[-0.12537,51.57866],[-0.12582,51.57867],[-0.127,51.57854]],[[-0.12554,51.57733],[-0.12574,51.57706],[-0.12469,51.57839],[-0.12554,51.57733]],[[-0.14833,51.57491],[-0.14861,51.57419],[-0.14865,51.5739],[-0.14833,51.57491]],[[-0.14258,51.57632],[-0.14327,51.57662],[-0.14256,51.57673],[-0.14353,51.57671],[-0.14258,51.57632]],[[-0.14245,51.57383],[-0.14313,51.57482],[-0.1433,51.57343],[-0.14313,51.57479],[-0.14245,51.57383]],[[-0.12878,51.57686],[-0.12643,51.57772],[-0.12881,51.57694],[-0.12878,51.57686]],[[-0.13308,51.58305],[-0.13384,51.58223],[-0.13448,51.58147],[-0.13308,51.58305]],[[-0.12834,51.58312],[-0.13,51.58387],[-0.1263,51.5816],[-0.12428,51.58087],[-0.12654,51.58175],[-0.12869,51.58318],[-0.12834,51.58312]],[[-0.13194,51.5993],[-0.13567,51.59963],[-0.13567,51.59963],[-0.13194,51.5993]],[[-0.12728,51.58987],[-0.1276,51.5908],[-0.12714,51.58842],[-0.12728,51.58987]],[[-0.14512,51.59564],[-0.14562,51.59748],[-0.14537,51.59642],[-0.14512,51.59564]],[[-0.14899,51.59331],[-0.14693,51.59308],[-0.14868,51.59339],[-0.14899,51.59331]],[[-0.14171,51.59718],[-0.1419,51.59754],[-0.14146,51.5967],[-0.14171,51.59718]],[[-0.13538,51.5998],[-0.13271,51.5998],[-0.13538,51.5998],[-0.13538,51.5998]],[[-0.12719,51.60155],[-0.1261,51.60225],[-0.1261,51.60225],[-0.12719,51.60155]],[[-0.1335,51.60092],[-0.13496,51.60006],[-0.13153,51.60178],[-0.1335,51.60092]],[[-0.1192,51.58788],[-0.11967,51.5875],[-0.11846,51.58819],[-0.1192,51.58788]],[[-0.11259,51.58828],[-0.11278,51.58852],[-0.11063,51.58448],[-0.11259,51.58828]],[[-0.10962,51.58326],[-0.11062,51.58446],[-0.10972,51.58334],[-0.11152,51.58272],[-0.10962,51.58326]],[[-0.10596,51.58423],[-0.10653,51.58415],[-0.10962,51.58326],[-0.10596,51.58423]],[[-0.10068,51.58424],[-0.10298,51.58396],[-0.10009,51.5843],[-0.10068,51.58424]],[[-0.11198,51.5766],[-0.10959,51.57727],[-0.11239,51.57655],[-0.11198,51.5766]],[[-0.09975,51.5801],[-0.10138,51.57997],[-0.10446,51.57971],[-0.09975,51.5801]],[[-0.11785,51.58254],[-0.11652,51.58076],[-0.11627,51.58048],[-0.11785,51.58254]],[[-0.11547,51.58091],[-0.11526,51.58066],[-0.11551,51.58098],[-0.11627,51.58048],[-0.11547,51.58091]],[[-0.11581,51.58447],[-0.11532,51.58524],[-0.11571,51.58464],[-0.11581,51.58447]],[[-0.1072,51.59777],[-0.10586,51.59803],[-0.10427,51.5985],[-0.1056,51.59811],[-0.1072,51.59777]],[[-0.11783,51.58906],[-0.11735,51.59028],[-0.11767,51.58966],[-0.11783,51.58906]],[[-0.10907,51.59341],[-0.11104,51.59437],[-0.1091,51.5934],[-0.10747,51.5931],[-0.10907,51.59341]],[[-0.11168,51.60079],[-0.11584,51.601],[-0.11187,51.60078],[-0.11168,51.60079]],[[-0.07741,51.60124],[-0.07811,51.60282],[-0.07893,51.60507],[-0.07855,51.6037],[-0.07741,51.60124]],[[-0.08705,51.59786],[-0.08721,51.59786],[-0.08716,51.59786],[-0.08705,51.59786]],[[-0.07898,51.59407],[-0.07904,51.59511],[-0.07904,51.59511],[-0.07898,51.59407]],[[-0.07742,51.59394],[-0.07878,51.59371],[-0.07834,51.59378],[-0.07742,51.59394]],[[-0.07702,51.59173],[-0.07657,51.59319],[-0.07714,51.59147],[-0.07702,51.59173]],[[-0.08114,51.58912],[-0.07976,51.58938],[-0.07965,51.58912],[-0.08054,51.59183],[-0.07975,51.58938],[-0.08114,51.58912]],[[-0.08079,51.58889],[-0.07891,51.5892],[-0.07965,51.58912],[-0.08079,51.58889]],[[-0.07966,51.58521],[-0.08006,51.58496],[-0.07924,51.5852],[-0.08143,51.58525],[-0.07966,51.58521]],[[-0.08073,51.58161],[-0.08026,51.58196],[-0.0795,51.58291],[-0.08073,51.58161]],[[-0.07334,51.58261],[-0.07788,51.58067],[-0.07544,51.58169],[-0.07334,51.58261]],[[-0.0757,51.57998],[-0.0757,51.57998],[-0.07544,51.58169],[-0.0757,51.57998]],[[-0.09258,51.57849],[-0.08075,51.57945],[-0.07847,51.57845],[-0.08078,51.57947],[-0.07574,51.57997],[-0.09258,51.57849]],[[-0.08103,51.57783],[-0.07972,51.5774],[-0.08112,51.57787],[-0.08117,51.57763],[-0.08103,51.57783]],[[-0.09733,51.59046],[-0.09737,51.59043],[-0.09604,51.59054],[-0.09733,51.59046]],[[-0.09737,51.59042],[-0.09737,51.59042],[-0.09365,51.58873],[-0.09737,51.59042]],[[-0.08859,51.58651],[-0.09169,51.58609],[-0.08863,51.5865],[-0.08675,51.58615],[-0.08859,51.58651]],[[-0.08575,51.58756],[-0.08379,51.58829],[-0.08434,51.58818],[-0.08575,51.58756]],[[-0.08894,51.57622],[-0.09169,51.57499],[-0.09225,51.57473],[-0.08894,51.57622]],[[-0.09013,51.5816],[-0.08393,51.58073],[-0.08487,51.58102],[-0.09013,51.5816]],[[-0.08454,51.58336],[-0.0845,51.58367],[-0.08423,51.58565],[-0.08454,51.58336]],[[-0.0917,51.58157],[-0.09101,51.58353],[-0.09117,51.58344],[-0.0917,51.58157]],[[-0.097,51.59831],[-0.09882,51.59765],[-0.09915,51.59745],[-0.097,51.59831]],[[-0.09527,51.59813],[-0.09892,51.59939],[-0.09607,51.59839],[-0.09527,51.59813]],[[-0.08703,51.59436],[-0.08417,51.59445],[-0.0841,51.59394],[-0.08418,51.59455],[-0.08703,51.59436]],[[-0.08417,51.5922],[-0.08437,51.59249],[-0.08416,51.59189],[-0.08417,51.5922]],[[-0.08948,51.60037],[-0.09132,51.60122],[-0.09132,51.60122],[-0.08948,51.60037]],[[-0.08645,51.60324],[-0.08647,51.6035],[-0.08677,51.60376],[-0.08645,51.60324]],[[-0.08383,51.60316],[-0.08463,51.60237],[-0.08304,51.60394],[-0.08383,51.60316]],[[-0.0761,51.59218],[-0.07574,51.59296],[-0.07591,51.59272],[-0.0761,51.59218]],[[-0.06804,51.59859],[-0.06827,51.59698],[-0.06948,51.594],[-0.06808,51.59741],[-0.06804,51.59859]],[[-0.06783,51.60076],[-0.06804,51.5986],[-0.07257,51.59866],[-0.06804,51.59859],[-0.06783,51.60076]],[[-0.06243,51.60106],[-0.06391,51.60104],[-0.06783,51.60076],[-0.06243,51.60106]],[[-0.06696,51.59166],[-0.06675,51.59215],[-0.06673,51.59255],[-0.06696,51.59166]],[[-0.07006,51.58549],[-0.0725,51.58525],[-0.07088,51.5854],[-0.07006,51.58549]],[[-0.06926,51.58619],[-0.06862,51.58633],[-0.07075,51.58611],[-0.06926,51.58619]],[[-0.06508,51.58168],[-0.06319,51.58223],[-0.06773,51.58116],[-0.06508,51.58168]],[[-0.0669,51.577],[-0.06849,51.57674],[-0.06898,51.57662],[-0.0669,51.577]],[[-0.06796,51.58111],[-0.0753,51.58003],[-0.06869,51.58096],[-0.06796,51.58111]],[[-0.07516,51.57717],[-0.07395,51.57683],[-0.07574,51.57737],[-0.07516,51.57717]],[[-0.07676,51.58945],[-0.07676,51.58945],[-0.07436,51.58912],[-0.07676,51.58945]],[[-0.06994,51.59178],[-0.07061,51.58853],[-0.07043,51.58903],[-0.06994,51.59178]],[[-0.06208,51.59899],[-0.06109,51.59907],[-0.06255,51.59896],[-0.06208,51.59899]],[[-0.06107,51.59871],[-0.06109,51.59954],[-0.06109,51.59907],[-0.06107,51.59871]],[[-0.05737,51.59982],[-0.05628,51.60024],[-0.05772,51.59979],[-0.05737,51.59982]],[[-0.06135,51.60243],[-0.05542,51.60226],[-0.05321,51.60214],[-0.05489,51.60227],[-0.06135,51.60243]],[[-0.06284,51.59731],[-0.06286,51.59701],[-0.06285,51.59623],[-0.06284,51.59731]],[[-0.06249,51.59345],[-0.06141,51.59453],[-0.06242,51.59371],[-0.06249,51.59345]],[[-0.06539,51.59475],[-0.0647,51.59473],[-0.06585,51.59498],[-0.06539,51.59475]],[[-0.07353,51.60408],[-0.07562,51.60219],[-0.07302,51.60442],[-0.07345,51.60416],[-0.07356,51.60447],[-0.07353,51.60408]],[[-0.07027,51.60266],[-0.06977,51.60333],[-0.07086,51.60212],[-0.07027,51.60266]],[[-0.0678,51.60234],[-0.06965,51.60223],[-0.06716,51.60238],[-0.0678,51.60234]],[[-0.06364,51.60433],[-0.06464,51.60379],[-0.06427,51.60385],[-0.06364,51.60433]],[[-0.05903,51.60434],[-0.05818,51.60422],[-0.06106,51.60484],[-0.05903,51.60434]]]}},{"type":"Feature","properties":{"n":"Harrow"},"geometry":{"type":"Polygon","coordinates":[[[-0.37283,51.55372],[-0.37334,51.55403],[-0.37584,51.55306],[-0.37653,51.55351],[-0.37758,51.555],[-0.37787,51.55495],[-0.38027,51.55911],[-0.38009,51.55958],[-0.38033,51.56054],[-0.38236,51.5629],[-0.38195,51.56308],[-0.38335,51.56736],[-0.38644,51.57155],[-0.38569,51.57215],[-0.38805,51.57496],[-0.38749,51.57529],[-0.38897,51.5781],[-0.39152,51.58163],[-0.39103,51.58173],[-0.39117,51.584],[-0.39199,51.58816],[-0.39445,51.59045],[-0.39547,51.5902],[-0.39644,51.59501],[-0.39766,51.59695],[-0.39188,51.59601],[-0.40019,51.59744],[-0.39995,51.59822],[-0.40134,51.59981],[-0.40256,51.60292],[-0.40235,51.6061],[-0.40182,51.60661],[-0.40344,51.60983],[-0.40405,51.61318],[-0.39947,51.61341],[-0.39428,51.61487],[-0.38695,51.61559],[-0.38368,51.61645],[-0.38201,51.61743],[-0.37851,51.61778],[-0.37307,51.61899],[-0.36554,51.62133],[-0.36343,51.62254],[-0.3626,51.62354],[-0.36179,51.62373],[-0.35977,51.62524],[-0.35042,51.6266],[-0.34524,51.6283],[-0.33988,51.63073],[-0.33828,51.62947],[-0.33309,51.63338],[-0.33297,51.63384],[-0.33246,51.63382],[-0.32998,51.63534],[-0.32655,51.63672],[-0.31979,51.63822],[-0.31806,51.63993],[-0.31667,51.64054],[-0.31232,51.63896],[-0.30538,51.63711],[-0.30446,51.63635],[-0.30555,51.6344],[-0.30539,51.63339],[-0.30393,51.63147],[-0.28632,51.61618],[-0.28387,51.61461],[-0.281,51.61226],[-0.27586,51.60787],[-0.27392,51.60586],[-0.26713,51.60037],[-0.27111,51.59832],[-0.27265,51.59842],[-0.27693,51.5969],[-0.27649,51.59652],[-0.28544,51.59529],[-0.28577,51.59475],[-0.28733,51.5956],[-0.28605,51.59486],[-0.29031,51.5936],[-0.28564,51.5918],[-0.28434,51.59067],[-0.2833,51.58871],[-0.28225,51.58574],[-0.28253,51.58507],[-0.29509,51.58665],[-0.30203,51.58728],[-0.3053,51.58698],[-0.31314,51.58423],[-0.32002,51.58051],[-0.32374,51.57932],[-0.32668,51.57869],[-0.3253,51.5756],[-0.32486,51.57351],[-0.32213,51.56966],[-0.32515,51.56844],[-0.32505,51.56826],[-0.32972,51.56709],[-0.32961,51.56621],[-0.33102,51.56629],[-0.32865,51.56594],[-0.32822,51.56248],[-0.32967,51.56239],[-0.3313,51.56158],[-0.33119,51.56146],[-0.33399,51.55842],[-0.33396,51.55771],[-0.33489,51.55783],[-0.33556,51.55658],[-0.33778,51.55707],[-0.34297,51.55754],[-0.34548,51.55838],[-0.34753,51.55969],[-0.36241,51.55727],[-0.36211,51.55657],[-0.36268,51.5563],[-0.36252,51.55603],[-0.36958,51.55463],[-0.37283,51.55372]],[[-0.3981,51.60312],[-0.39626,51.60327],[-0.40256,51.60292],[-0.3981,51.60312]],[[-0.28011,51.59796],[-0.28036,51.59845],[-0.27934,51.59623],[-0.28011,51.59796]],[[-0.34629,51.56003],[-0.34749,51.55983],[-0.35055,51.56319],[-0.34753,51.55969],[-0.34629,51.56003]],[[-0.3362,51.61575],[-0.3317,51.61342],[-0.33723,51.61634],[-0.3362,51.61575]],[[-0.33717,51.61091],[-0.33659,51.60995],[-0.33681,51.61039],[-0.33717,51.61091]],[[-0.33836,51.60797],[-0.33635,51.60842],[-0.33946,51.60789],[-0.33836,51.60797]],[[-0.33612,51.60289],[-0.33357,51.60376],[-0.33474,51.60341],[-0.33612,51.60289]],[[-0.3378,51.60271],[-0.33852,51.60257],[-0.33612,51.60289],[-0.3378,51.60271]],[[-0.34166,51.59968],[-0.3413,51.59893],[-0.34166,51.59968],[-0.34166,51.59968]],[[-0.33812,51.59381],[-0.33686,51.59413],[-0.33816,51.59383],[-0.33848,51.59397],[-0.33812,51.59381]],[[-0.34111,51.58853],[-0.33962,51.58972],[-0.34002,51.58954],[-0.34111,51.58853]],[[-0.33912,51.58523],[-0.33603,51.58552],[-0.33973,51.58523],[-0.33912,51.58523]],[[-0.34436,51.58417],[-0.34435,51.58372],[-0.34436,51.58451],[-0.34436,51.58417]],[[-0.34191,51.5798],[-0.34212,51.5793],[-0.3419,51.57958],[-0.34193,51.58045],[-0.34199,51.58076],[-0.34191,51.5798]],[[-0.34663,51.58016],[-0.34592,51.58005],[-0.34191,51.5798],[-0.34663,51.58016]],[[-0.34376,51.574],[-0.34404,51.57305],[-0.34366,51.57431],[-0.34376,51.574]],[[-0.36686,51.61058],[-0.36752,51.61094],[-0.36677,51.61122],[-0.36762,51.61097],[-0.36686,51.61058]],[[-0.35812,51.59585],[-0.35748,51.5942],[-0.35806,51.59588],[-0.35866,51.5956],[-0.35812,51.59585]],[[-0.36335,51.58971],[-0.36387,51.59047],[-0.36321,51.58941],[-0.36335,51.58971]],[[-0.36205,51.58476],[-0.3606,51.58642],[-0.36207,51.58474],[-0.36205,51.58476]],[[-0.35709,51.58303],[-0.35701,51.58301],[-0.36205,51.58476],[-0.35709,51.58303]],[[-0.36965,51.57489],[-0.3706,51.5751],[-0.37212,51.57531],[-0.36965,51.57489]],[[-0.36927,51.57476],[-0.36942,51.57481],[-0.37007,51.57439],[-0.36927,51.57476]],[[-0.37148,51.56958],[-0.3669,51.56949],[-0.3647,51.56944],[-0.36947,51.56962],[-0.37148,51.56958]],[[-0.36102,51.56646],[-0.36155,51.56529],[-0.36278,51.567],[-0.36153,51.56511],[-0.36102,51.56646]],[[-0.36472,51.55924],[-0.36526,51.56076],[-0.36507,51.55987],[-0.36472,51.55924]],[[-0.37311,51.58384],[-0.37197,51.58187],[-0.37316,51.58395],[-0.37311,51.58384]],[[-0.36575,51.585],[-0.36663,51.58437],[-0.36541,51.58516],[-0.36575,51.585]],[[-0.37641,51.56021],[-0.37701,51.56004],[-0.37925,51.55937],[-0.37641,51.56021]],[[-0.37255,51.5614],[-0.37263,51.56138],[-0.37099,51.56158],[-0.37255,51.5614]],[[-0.37086,51.56478],[-0.37135,51.5646],[-0.36776,51.56578],[-0.37086,51.56478]],[[-0.38049,51.56373],[-0.37792,51.56488],[-0.37736,51.56514],[-0.38049,51.56373]],[[-0.37559,51.57162],[-0.37622,51.57121],[-0.37524,51.57163],[-0.37559,51.57162]],[[-0.38266,51.58589],[-0.38193,51.5862],[-0.38525,51.58745],[-0.38205,51.58624],[-0.38266,51.58589]],[[-0.38479,51.59554],[-0.38535,51.59577],[-0.38922,51.59722],[-0.38479,51.59554]],[[-0.3752,51.59994],[-0.3767,51.60179],[-0.37471,51.59923],[-0.3752,51.59994]],[[-0.37626,51.58838],[-0.37487,51.58641],[-0.37557,51.58761],[-0.37626,51.58838]],[[-0.37214,51.58899],[-0.37373,51.58968],[-0.3748,51.59014],[-0.37302,51.58936],[-0.37214,51.58899]],[[-0.36754,51.58971],[-0.36871,51.58996],[-0.36521,51.5891],[-0.36754,51.58971]],[[-0.37366,51.58518],[-0.37347,51.58471],[-0.37388,51.58659],[-0.37366,51.58518]],[[-0.3851,51.59453],[-0.38736,51.59523],[-0.38754,51.59526],[-0.3851,51.59453]],[[-0.37494,51.60814],[-0.37678,51.60888],[-0.37552,51.60834],[-0.37494,51.60814]],[[-0.37286,51.60874],[-0.3741,51.60846],[-0.37494,51.60814],[-0.37286,51.60874]],[[-0.38325,51.60387],[-0.38234,51.60307],[-0.38304,51.60372],[-0.38325,51.60387]],[[-0.37012,51.61209],[-0.36875,51.61108],[-0.37258,51.61394],[-0.37024,51.61219],[-0.37149,51.61185],[-0.37012,51.61209]],[[-0.36513,51.57338],[-0.35901,51.56988],[-0.36076,51.57101],[-0.36513,51.57338]],[[-0.35261,51.58458],[-0.34818,51.58365],[-0.35136,51.58448],[-0.35261,51.58458]],[[-0.35838,51.56947],[-0.35464,51.566],[-0.35677,51.56816],[-0.35838,51.56947]],[[-0.3526,51.56878],[-0.35483,51.56912],[-0.35349,51.56883],[-0.3526,51.56878]],[[-0.35176,51.5705],[-0.35484,51.57203],[-0.35185,51.57043],[-0.35176,51.5705]],[[-0.34989,51.57517],[-0.34896,51.57555],[-0.34989,51.57523],[-0.34961,51.57532],[-0.34989,51.57517]],[[-0.3621,51.56797],[-0.3618,51.56798],[-0.36268,51.56824],[-0.3621,51.56797]],[[-0.35575,51.57563],[-0.35782,51.57555],[-0.35183,51.57577],[-0.35575,51.57563]],[[-0.35175,51.57525],[-0.35179,51.57658],[-0.35183,51.57577],[-0.35175,51.57525]],[[-0.34671,51.5765],[-0.34791,51.57664],[-0.34733,51.57648],[-0.34671,51.5765]],[[-0.35826,51.57511],[-0.35687,51.57388],[-0.35601,51.57319],[-0.35826,51.57511]],[[-0.35299,51.5817],[-0.35072,51.58097],[-0.34793,51.58037],[-0.35299,51.5817]],[[-0.35401,51.59146],[-0.35777,51.58974],[-0.35178,51.59244],[-0.35401,51.59146]],[[-0.35086,51.59985],[-0.35816,51.6033],[-0.35442,51.6015],[-0.35086,51.59985]],[[-0.35086,51.59985],[-0.3552,51.60939],[-0.35549,51.60971],[-0.35086,51.59985]],[[-0.35808,51.58927],[-0.36074,51.58988],[-0.35776,51.58914],[-0.35808,51.58927]],[[-0.34343,51.5882],[-0.3441,51.5892],[-0.34308,51.58754],[-0.34343,51.5882]],[[-0.34756,51.60612],[-0.34828,51.60556],[-0.34862,51.6053],[-0.34756,51.60612]],[[-0.34438,51.60423],[-0.34722,51.6041],[-0.34496,51.60418],[-0.34438,51.60423]],[[-0.34808,51.60879],[-0.34797,51.60855],[-0.34813,51.60984],[-0.34808,51.60879]],[[-0.3427,51.60834],[-0.34243,51.60799],[-0.34281,51.6088],[-0.3427,51.60834]],[[-0.30312,51.61802],[-0.30357,51.6179],[-0.30511,51.6174],[-0.30312,51.61802]],[[-0.3077,51.61726],[-0.30492,51.61278],[-0.30465,51.61245],[-0.3077,51.61726]],[[-0.3179,51.62545],[-0.31766,51.6257],[-0.31709,51.62686],[-0.3179,51.62545]],[[-0.3202,51.61645],[-0.31885,51.61689],[-0.31985,51.61663],[-0.3202,51.61645]],[[-0.31739,51.60487],[-0.31709,51.60488],[-0.32427,51.60527],[-0.31739,51.60487]],[[-0.31984,51.60091],[-0.31998,51.6009],[-0.32261,51.60006],[-0.31984,51.60091]],[[-0.31343,51.59786],[-0.31405,51.59903],[-0.3128,51.59631],[-0.31343,51.59786]],[[-0.31201,51.58813],[-0.31134,51.58812],[-0.31249,51.58815],[-0.31201,51.58813]],[[-0.33408,51.59587],[-0.33026,51.59563],[-0.33225,51.59588],[-0.33408,51.59587]],[[-0.33343,51.59305],[-0.33327,51.59194],[-0.33323,51.59244],[-0.33343,51.59305]],[[-0.33126,51.59079],[-0.33177,51.59074],[-0.32872,51.5904],[-0.33126,51.59079]],[[-0.33327,51.59146],[-0.33151,51.59061],[-0.33177,51.59074],[-0.33327,51.59146]],[[-0.33587,51.58321],[-0.33435,51.5837],[-0.33716,51.58294],[-0.33587,51.58321]],[[-0.33196,51.57998],[-0.33292,51.57957],[-0.33377,51.57893],[-0.33196,51.57998]],[[-0.32972,51.58122],[-0.32944,51.58112],[-0.33091,51.58218],[-0.32972,51.58122]],[[-0.32646,51.58063],[-0.32726,51.58125],[-0.32747,51.58141],[-0.32646,51.58063]],[[-0.33522,51.58704],[-0.33551,51.58689],[-0.33318,51.58715],[-0.33522,51.58704]],[[-0.319,51.5915],[-0.32184,51.59104],[-0.32148,51.59157],[-0.32192,51.59102],[-0.319,51.5915]],[[-0.33942,51.5898],[-0.33919,51.58955],[-0.33942,51.5898],[-0.33942,51.5898]],[[-0.33205,51.6033],[-0.33137,51.60342],[-0.3321,51.6033],[-0.33205,51.6033]],[[-0.32129,51.59751],[-0.32125,51.59799],[-0.32147,51.59549],[-0.32129,51.59751]],[[-0.32564,51.59503],[-0.32178,51.59544],[-0.32147,51.59549],[-0.32564,51.59503]],[[-0.32878,51.6088],[-0.3298,51.60863],[-0.32909,51.60866],[-0.32878,51.6088]],[[-0.33037,51.61211],[-0.32909,51.61025],[-0.32931,51.61067],[-0.33037,51.61211]],[[-0.32587,51.61813],[-0.32432,51.61857],[-0.32733,51.61773],[-0.32587,51.61813]],[[-0.30683,51.60076],[-0.30677,51.60107],[-0.30731,51.60291],[-0.30683,51.60076]],[[-0.29834,51.60277],[-0.29486,51.60314],[-0.29768,51.60293],[-0.29834,51.60277]],[[-0.29418,51.60623],[-0.29333,51.60361],[-0.29479,51.60813],[-0.29418,51.60623]],[[-0.2918,51.60709],[-0.28945,51.6073],[-0.29439,51.60696],[-0.2918,51.60709]],[[-0.29051,51.60526],[-0.28968,51.60426],[-0.2918,51.60709],[-0.29051,51.60526]],[[-0.28648,51.60043],[-0.28614,51.59999],[-0.28614,51.59999],[-0.28648,51.60043]],[[-0.28607,51.60001],[-0.28566,51.60016],[-0.28327,51.60152],[-0.28607,51.60001]],[[-0.28058,51.60208],[-0.278,51.59988],[-0.28058,51.60208],[-0.28058,51.60208]],[[-0.27525,51.59984],[-0.27399,51.60022],[-0.27471,51.60012],[-0.27525,51.59984]],[[-0.31088,51.59297],[-0.31018,51.59313],[-0.31088,51.59297],[-0.31088,51.59297]],[[-0.3025,51.59449],[-0.30642,51.59368],[-0.30143,51.59463],[-0.3025,51.59449]],[[-0.29277,51.59412],[-0.29124,51.59352],[-0.2938,51.59468],[-0.29277,51.59412]],[[-0.29231,51.59082],[-0.29099,51.59386],[-0.29124,51.59352],[-0.29231,51.59082]],[[-0.29146,51.58848],[-0.29191,51.58992],[-0.29231,51.59082],[-0.29146,51.58848]],[[-0.31072,51.5927],[-0.3106,51.59248],[-0.30878,51.59027],[-0.31072,51.5927]],[[-0.28299,51.60553],[-0.2847,51.60676],[-0.28529,51.60714],[-0.28299,51.60553]],[[-0.28011,51.60467],[-0.27936,51.60433],[-0.27958,51.60455],[-0.27898,51.60465],[-0.28011,51.60467]],[[-0.29988,51.60564],[-0.30019,51.6061],[-0.30115,51.6073],[-0.29988,51.60564]],[[-0.29437,51.61167],[-0.29692,51.61055],[-0.29623,51.61077],[-0.29437,51.61167]],[[-0.29134,51.60927],[-0.29372,51.60792],[-0.29163,51.60904],[-0.29134,51.60927]],[[-0.28818,51.61239],[-0.29015,51.61168],[-0.2897,51.61184],[-0.28818,51.61239]],[[-0.29849,51.61797],[-0.29823,51.61802],[-0.2994,51.61798],[-0.29849,51.61797]]]}},{"type":"Feature","properties":{"n":"Havering"},"geometry":{"type":"Polygon","coordinates":[[[0.1741,51.50799],[0.17221,51.50833],[0.1662,51.51067],[0.165,51.51165],[0.16386,51.51164],[0.16361,51.51192],[0.16253,51.51163],[0.15994,51.51176],[0.15953,51.51192],[0.15958,51.51242],[0.15869,51.51224],[0.15897,51.51359],[0.16456,51.52717],[0.16601,51.5288],[0.16994,51.53207],[0.17174,51.53389],[0.17197,51.53494],[0.17452,51.53814],[0.17898,51.54017],[0.17953,51.54096],[0.17967,51.54264],[0.18048,51.54412],[0.18235,51.54566],[0.18561,51.54716],[0.18602,51.54754],[0.18751,51.5502],[0.1896,51.55149],[0.19115,51.55395],[0.19021,51.55268],[0.18791,51.55408],[0.1874,51.55535],[0.18571,51.55638],[0.18477,51.55643],[0.18505,51.55682],[0.18443,51.55796],[0.1848,51.55929],[0.18458,51.5602],[0.18273,51.56127],[0.18403,51.56391],[0.18621,51.56561],[0.18511,51.5648],[0.18516,51.56552],[0.18338,51.56466],[0.17905,51.5649],[0.17686,51.5648],[0.17342,51.5651],[0.16993,51.56413],[0.17059,51.56455],[0.16835,51.56353],[0.16629,51.56321],[0.16188,51.5616],[0.1515,51.56798],[0.15078,51.56778],[0.14931,51.56816],[0.14877,51.56862],[0.14679,51.56877],[0.14667,51.56942],[0.14978,51.5697],[0.14932,51.57027],[0.14899,51.57323],[0.14793,51.57313],[0.14814,51.57562],[0.14701,51.57568],[0.14748,51.58079],[0.14841,51.58076],[0.15065,51.58306],[0.15105,51.58589],[0.15117,51.5898],[0.15063,51.59195],[0.15106,51.59555],[0.14984,51.59701],[0.14809,51.5964],[0.14811,51.59678],[0.1476,51.59681],[0.1495,51.60288],[0.14861,51.60414],[0.14841,51.60616],[0.1487,51.60732],[0.14866,51.60866],[0.14735,51.61256],[0.14541,51.61465],[0.14443,51.61679],[0.13818,51.62354],[0.15107,51.62325],[0.15591,51.62332],[0.16498,51.6225],[0.1689,51.62142],[0.1753,51.62359],[0.18029,51.62445],[0.18052,51.6257],[0.18124,51.62583],[0.18267,51.62573],[0.18584,51.62436],[0.18624,51.62453],[0.186,51.62552],[0.18837,51.62541],[0.1894,51.62449],[0.18971,51.62506],[0.19478,51.62571],[0.19699,51.62557],[0.20031,51.62494],[0.20361,51.62517],[0.20846,51.62668],[0.21225,51.62698],[0.21211,51.62719],[0.21755,51.62909],[0.22208,51.63013],[0.22409,51.63174],[0.23732,51.62406],[0.23803,51.62398],[0.25276,51.61745],[0.25769,51.61418],[0.2583,51.61298],[0.2627,51.60938],[0.26448,51.60842],[0.26433,51.60783],[0.26312,51.60732],[0.26162,51.60745],[0.25808,51.60651],[0.258,51.60491],[0.25716,51.60493],[0.25663,51.60361],[0.25516,51.60267],[0.2547,51.60273],[0.25393,51.60198],[0.25401,51.6016],[0.25489,51.60132],[0.25791,51.60127],[0.25825,51.60092],[0.26455,51.59981],[0.26988,51.59957],[0.27034,51.59731],[0.26934,51.59527],[0.27013,51.59152],[0.27093,51.59029],[0.2721,51.58775],[0.27384,51.58686],[0.28203,51.57883],[0.28509,51.57413],[0.28666,51.57358],[0.28717,51.57258],[0.28669,51.57154],[0.28846,51.56843],[0.29029,51.5643],[0.31304,51.56582],[0.3153,51.55784],[0.3165,51.55769],[0.31843,51.55678],[0.3189,51.55519],[0.32205,51.5542],[0.32231,51.55278],[0.32516,51.55306],[0.32782,51.55099],[0.32798,51.54856],[0.32947,51.54656],[0.3289,51.54584],[0.33144,51.54594],[0.3339,51.54249],[0.33333,51.54126],[0.33383,51.54117],[0.33402,51.5405],[0.33143,51.54005],[0.33159,51.5408],[0.32244,51.54052],[0.31053,51.53965],[0.31051,51.53935],[0.31004,51.53929],[0.30072,51.53876],[0.30086,51.53814],[0.29721,51.53766],[0.29776,51.53532],[0.28176,51.53394],[0.27634,51.53293],[0.27622,51.53318],[0.27496,51.53294],[0.27071,51.53309],[0.26535,51.53215],[0.26539,51.52496],[0.26567,51.52461],[0.26675,51.52451],[0.26664,51.52296],[0.26501,51.5229],[0.26426,51.52164],[0.26368,51.51787],[0.26201,51.51793],[0.2603,51.51837],[0.25893,51.51776],[0.25383,51.51789],[0.25233,51.52479],[0.25154,51.52597],[0.25085,51.52882],[0.24897,51.52867],[0.24888,51.52741],[0.24829,51.52755],[0.24632,51.52653],[0.24709,51.52509],[0.24584,51.52352],[0.24286,51.52439],[0.24104,51.52261],[0.24072,51.52121],[0.2443,51.52047],[0.24467,51.52015],[0.24423,51.51976],[0.24494,51.51879],[0.24394,51.51834],[0.23991,51.51939],[0.23718,51.51933],[0.24114,51.51374],[0.23999,51.51324],[0.24028,51.51089],[0.24059,51.51051],[0.24144,51.5105],[0.24202,51.50797],[0.2418,51.50813],[0.24179,51.50793],[0.24,51.50771],[0.23984,51.50725],[0.23344,51.50667],[0.22896,51.5068],[0.22663,51.50658],[0.22603,51.50575],[0.22997,51.49937],[0.22791,51.49886],[0.22539,51.49758],[0.22429,51.49731],[0.22361,51.49791],[0.22165,51.49781],[0.21703,51.49658],[0.21549,51.49662],[0.21416,51.49604],[0.21354,51.49501],[0.21308,51.49502],[0.21193,51.49104],[0.21069,51.49018],[0.20964,51.48977],[0.20887,51.48986],[0.20931,51.49042],[0.20837,51.48967],[0.20105,51.48915],[0.19631,51.48816],[0.1916,51.48809],[0.18917,51.48771],[0.18766,51.48789],[0.18748,51.48857],[0.18479,51.49071],[0.18387,51.49224],[0.18332,51.49537],[0.18256,51.49594],[0.18249,51.49652],[0.18375,51.49715],[0.18287,51.49791],[0.18292,51.49865],[0.18226,51.4991],[0.18252,51.4994],[0.18018,51.50136],[0.18027,51.50217],[0.1786,51.50515],[0.1741,51.50799]],[[0.17385,51.60972],[0.17374,51.60921],[0.17401,51.61015],[0.17385,51.60972]],[[0.16692,51.6092],[0.17172,51.60956],[0.17385,51.60972],[0.16692,51.6092]],[[0.17116,51.60083],[0.17356,51.60171],[0.17294,51.60156],[0.17116,51.60083]],[[0.18922,51.60287],[0.18925,51.60287],[0.18477,51.603],[0.18922,51.60287]],[[0.20961,51.60401],[0.20929,51.60484],[0.20902,51.60551],[0.20961,51.60401]],[[0.21155,51.59867],[0.21113,51.60009],[0.21141,51.59904],[0.21155,51.59867]],[[0.21271,51.59537],[0.21204,51.59737],[0.21211,51.59709],[0.21172,51.5982],[0.21271,51.59537]],[[0.21238,51.59277],[0.2084,51.59322],[0.2127,51.59263],[0.21243,51.59277],[0.21279,51.593],[0.21238,51.59277]],[[0.20705,51.5887],[0.20826,51.58951],[0.21005,51.59109],[0.20705,51.5887]],[[0.20401,51.5878],[0.20378,51.587],[0.20401,51.5878],[0.20401,51.5878]],[[0.20906,51.58311],[0.2145,51.58527],[0.20785,51.58265],[0.20906,51.58311]],[[0.2101,51.5788],[0.21002,51.57835],[0.21033,51.57957],[0.2101,51.5788]],[[0.20415,51.57469],[0.2057,51.5754],[0.20572,51.57543],[0.20415,51.57469]],[[0.20153,51.57434],[0.20158,51.57434],[0.20415,51.57469],[0.20153,51.57434]],[[0.20935,51.57136],[0.2129,51.57049],[0.21969,51.56883],[0.20935,51.57136]],[[0.19916,51.55663],[0.20266,51.55628],[0.20363,51.55635],[0.19916,51.55663]],[[0.19537,51.55608],[0.19839,51.55643],[0.19916,51.55663],[0.19537,51.55608]],[[0.20802,51.55156],[0.21103,51.5522],[0.2071,51.55137],[0.20802,51.55156]],[[0.21073,51.55105],[0.2125,51.5557],[0.21103,51.5522],[0.21073,51.55105]],[[0.20095,51.54655],[0.20096,51.54653],[0.20295,51.54559],[0.20095,51.54655]],[[0.20065,51.54609],[0.2016,51.54539],[0.20039,51.54638],[0.20065,51.54609]],[[0.19815,51.5366],[0.19929,51.53713],[0.20001,51.53767],[0.19815,51.5366]],[[0.20034,51.53669],[0.2014,51.53633],[0.19929,51.53713],[0.20034,51.53669]],[[0.20647,51.52832],[0.21046,51.53054],[0.20941,51.53004],[0.20647,51.52832]],[[0.20123,51.52525],[0.19978,51.52433],[0.20225,51.52584],[0.20123,51.52525]],[[0.20296,51.51611],[0.20186,51.51565],[0.20355,51.51614],[0.20296,51.51611]],[[0.20472,51.50841],[0.19484,51.51427],[0.18752,51.51851],[0.20472,51.50841]],[[0.17685,51.52396],[0.18018,51.52324],[0.18136,51.52299],[0.17685,51.52396]],[[0.1632,51.61053],[0.16219,51.61008],[0.16379,51.61073],[0.1632,51.61053]],[[0.17812,51.58907],[0.17901,51.58851],[0.17784,51.5893],[0.17812,51.58907]],[[0.19654,51.58605],[0.19118,51.58367],[0.19042,51.58333],[0.19654,51.58605]],[[0.18598,51.58122],[0.18853,51.58247],[0.18474,51.5808],[0.18598,51.58122]],[[0.18395,51.58054],[0.18426,51.58064],[0.18157,51.58057],[0.18395,51.58054]],[[0.18036,51.57708],[0.18006,51.57741],[0.17931,51.57775],[0.18036,51.57708]],[[0.18696,51.57657],[0.18462,51.57566],[0.18557,51.57602],[0.18696,51.57657]],[[0.17367,51.57253],[0.1789,51.57368],[0.17996,51.57395],[0.17367,51.57253]],[[0.18668,51.56708],[0.18668,51.5667],[0.18684,51.56599],[0.18668,51.56708]],[[0.17293,51.58661],[0.16929,51.5844],[0.16351,51.58111],[0.16574,51.58225],[0.17272,51.58635],[0.17293,51.58661]],[[0.17417,51.58424],[0.17317,51.58375],[0.17421,51.58421],[0.17417,51.58424]],[[0.17461,51.58386],[0.17587,51.58269],[0.17534,51.58324],[0.17461,51.58386]],[[0.17034,51.56901],[0.16998,51.57071],[0.17017,51.56977],[0.17034,51.56901]],[[0.16111,51.58047],[0.14879,51.58074],[0.15689,51.58045],[0.16111,51.58047]],[[0.15553,51.58047],[0.15691,51.58042],[0.15946,51.57943],[0.15689,51.58045],[0.15553,51.58047]],[[0.16954,51.57908],[0.16937,51.5788],[0.16987,51.57952],[0.16954,51.57908]],[[0.17805,51.57984],[0.17727,51.57874],[0.17722,51.57841],[0.17805,51.57984]],[[0.17282,51.59527],[0.17473,51.59655],[0.17555,51.59784],[0.17474,51.59666],[0.17282,51.59527]],[[0.16536,51.5936],[0.17211,51.59504],[0.17282,51.59527],[0.16536,51.5936]],[[0.16686,51.59004],[0.16847,51.58932],[0.16679,51.59021],[0.16686,51.59004]],[[0.16075,51.59362],[0.16063,51.59327],[0.16095,51.59404],[0.16074,51.59362],[0.15904,51.59383],[0.16075,51.59362]],[[0.16631,51.60553],[0.16783,51.60571],[0.16859,51.60595],[0.16631,51.60553]],[[0.19488,51.56127],[0.19237,51.56144],[0.19237,51.56143],[0.19338,51.56127],[0.19488,51.56127]],[[0.19247,51.53421],[0.19262,51.53427],[0.19199,51.5344],[0.19247,51.53421]],[[0.20078,51.54689],[0.19938,51.54982],[0.19931,51.54998],[0.19992,51.54858],[0.20078,51.54689]],[[0.19579,51.57852],[0.19392,51.57796],[0.19213,51.57735],[0.19579,51.57852]],[[0.20416,51.58119],[0.20474,51.58142],[0.20346,51.58097],[0.20416,51.58119]],[[0.1967,51.57727],[0.19546,51.57754],[0.19798,51.57675],[0.1967,51.57727]],[[0.19729,51.56933],[0.19779,51.56815],[0.19714,51.56981],[0.19729,51.56933]],[[0.20238,51.58274],[0.20194,51.58326],[0.20257,51.58249],[0.20238,51.58274]],[[0.19498,51.59339],[0.19399,51.59515],[0.19298,51.59648],[0.19498,51.59339]],[[0.18953,51.58789],[0.18983,51.58769],[0.1871,51.58979],[0.18953,51.58789]],[[0.21824,51.611],[0.2176,51.6109],[0.21584,51.61001],[0.21759,51.6108],[0.21824,51.611]],[[0.21871,51.61043],[0.21825,51.61108],[0.21824,51.611],[0.21871,51.61043]],[[0.22619,51.60892],[0.22252,51.60833],[0.22882,51.60916],[0.22619,51.60892]],[[0.22525,51.60564],[0.22417,51.6066],[0.22446,51.6062],[0.22525,51.60564]],[[0.22756,51.60435],[0.22727,51.60472],[0.22785,51.60393],[0.22756,51.60435]],[[0.22422,51.59133],[0.22597,51.5914],[0.22586,51.59218],[0.22587,51.5914],[0.22422,51.59133]],[[0.21926,51.5893],[0.22413,51.58694],[0.21772,51.5901],[0.21926,51.5893]],[[0.22929,51.57016],[0.23341,51.5702],[0.22413,51.57028],[0.22929,51.57016]],[[0.20778,51.61009],[0.20699,51.61205],[0.20712,51.61159],[0.20778,51.61009]],[[0.227,51.58067],[0.22351,51.58211],[0.22532,51.5813],[0.227,51.58067]],[[0.21199,51.60929],[0.21266,51.60807],[0.21288,51.60776],[0.21199,51.60929]],[[0.21428,51.58826],[0.21479,51.58861],[0.21364,51.58812],[0.21428,51.58826]],[[0.21749,51.57361],[0.21834,51.57501],[0.21835,51.57508],[0.21749,51.57361]],[[0.2124,51.60188],[0.213,51.60042],[0.2127,51.60138],[0.2124,51.60188]],[[0.22172,51.60034],[0.2198,51.60086],[0.22172,51.60034],[0.22172,51.60034]],[[0.22573,51.60332],[0.22264,51.6018],[0.22575,51.60332],[0.22573,51.60332]],[[0.22152,51.60004],[0.22166,51.60025],[0.22057,51.59924],[0.22152,51.60004]],[[0.21574,51.60368],[0.21373,51.60586],[0.21372,51.60585],[0.21574,51.60368]],[[0.21382,51.60591],[0.21444,51.6058],[0.21382,51.60591],[0.21382,51.60591]],[[0.23659,51.56097],[0.23338,51.56254],[0.22404,51.56706],[0.22987,51.56422],[0.23659,51.56097]],[[0.23716,51.56511],[0.2343,51.56319],[0.23338,51.56254],[0.23716,51.56511]],[[0.23508,51.55829],[0.23222,51.55742],[0.22902,51.5563],[0.23508,51.55829]],[[0.22367,51.55497],[0.22545,51.55536],[0.22902,51.5563],[0.22367,51.55497]],[[0.22838,51.55273],[0.22521,51.55292],[0.22711,51.55276],[0.22838,51.55273]],[[0.22841,51.54923],[0.2275,51.54884],[0.22368,51.54704],[0.22841,51.54923]],[[0.21697,51.54216],[0.2177,51.54211],[0.21243,51.54324],[0.21697,51.54216]],[[0.21482,51.52269],[0.21524,51.52306],[0.21482,51.52269],[0.21482,51.52269]],[[0.21024,51.54689],[0.21026,51.5469],[0.21056,51.54725],[0.21024,51.54689]],[[0.21458,51.52266],[0.2139,51.52265],[0.2131,51.52245],[0.21458,51.52266]],[[0.22057,51.55978],[0.21988,51.55921],[0.22057,51.55964],[0.22057,51.55978]],[[0.22247,51.55673],[0.22245,51.55701],[0.22247,51.55673],[0.22247,51.55673]],[[0.22094,51.55669],[0.22137,51.5567],[0.22043,51.55677],[0.22094,51.55669]],[[0.22593,51.61271],[0.2266,51.61268],[0.22598,51.61282],[0.22593,51.61271]],[[0.24675,51.568],[0.24856,51.56741],[0.24675,51.568],[0.24675,51.568]],[[0.26719,51.56528],[0.26693,51.56465],[0.26766,51.56588],[0.26719,51.56528]],[[0.2684,51.56534],[0.26963,51.56531],[0.27036,51.56547],[0.2684,51.56534]],[[0.27151,51.56185],[0.27163,51.56123],[0.27163,51.56123],[0.27151,51.56185]],[[0.23534,51.55164],[0.23588,51.55195],[0.23417,51.5513],[0.23534,51.55164]],[[0.23741,51.55442],[0.23777,51.55516],[0.23653,51.55278],[0.23741,51.55442]],[[0.24811,51.55213],[0.24811,51.55213],[0.24725,51.55237],[0.24811,51.55213]],[[0.24822,51.55053],[0.24815,51.55192],[0.24813,51.55202],[0.24822,51.55053]],[[0.27615,51.54751],[0.2771,51.55394],[0.2759,51.54633],[0.27615,51.54751]],[[0.26808,51.56057],[0.25881,51.55907],[0.26699,51.56036],[0.26808,51.56057]],[[0.25034,51.55892],[0.25054,51.55892],[0.23951,51.55907],[0.25034,51.55892]],[[0.25385,51.5559],[0.25313,51.55668],[0.25205,51.55596],[0.25309,51.55655],[0.25385,51.5559]],[[0.23212,51.59161],[0.23215,51.59161],[0.23167,51.59155],[0.23212,51.59161]],[[0.22997,51.58845],[0.23025,51.5881],[0.22997,51.58845],[0.22997,51.58845]],[[0.23783,51.57398],[0.23628,51.57388],[0.23913,51.57386],[0.23783,51.57398]],[[0.27162,51.57169],[0.27092,51.57161],[0.27308,51.57161],[0.27162,51.57169]],[[0.23478,51.60136],[0.23516,51.60108],[0.23698,51.59991],[0.23478,51.60136]],[[0.23555,51.5942],[0.23605,51.59387],[0.23571,51.59419],[0.23555,51.5942]],[[0.23711,51.60451],[0.23757,51.60382],[0.23743,51.6042],[0.23711,51.60451]],[[0.2376,51.6073],[0.23757,51.60766],[0.23759,51.60735],[0.2376,51.6073]],[[0.23781,51.60555],[0.23821,51.60429],[0.23777,51.60587],[0.23781,51.60555]]]}},{"type":"Feature","properties":{"n":"Hillingdon"},"geometry":{"type":"Polygon","coordinates":[[[-0.43476,51.46059],[-0.43661,51.45768],[-0.43466,51.45707],[-0.4349,51.45684],[-0.44146,51.45681],[-0.44398,51.45327],[-0.4502,51.45399],[-0.45388,51.45486],[-0.45394,51.45553],[-0.45509,51.45563],[-0.45576,51.45525],[-0.46102,51.45717],[-0.47091,51.45815],[-0.47388,51.45875],[-0.47629,51.4606],[-0.4759,51.4607],[-0.47619,51.46101],[-0.47758,51.4614],[-0.48532,51.46128],[-0.48972,51.46182],[-0.49034,51.46234],[-0.49221,51.46297],[-0.49362,51.46271],[-0.49699,51.46588],[-0.49938,51.46686],[-0.50328,51.46765],[-0.50546,51.46778],[-0.50656,51.46762],[-0.5072,51.46692],[-0.50884,51.46707],[-0.51028,51.46776],[-0.5097,51.46918],[-0.50848,51.46949],[-0.50701,51.47081],[-0.50502,51.4749],[-0.50419,51.47896],[-0.50316,51.48108],[-0.50171,51.48313],[-0.49888,51.4857],[-0.49896,51.48667],[-0.49967,51.48684],[-0.49902,51.48786],[-0.49917,51.48857],[-0.49834,51.48844],[-0.49798,51.48882],[-0.49863,51.48926],[-0.49738,51.48988],[-0.49704,51.48971],[-0.49653,51.4899],[-0.49697,51.49022],[-0.49676,51.49049],[-0.49599,51.49054],[-0.49494,51.49132],[-0.49535,51.49205],[-0.4948,51.49268],[-0.49148,51.49305],[-0.49012,51.49458],[-0.48964,51.49548],[-0.48867,51.49598],[-0.48859,51.49677],[-0.48947,51.49758],[-0.48884,51.49854],[-0.48957,51.49862],[-0.48974,51.49897],[-0.48874,51.50021],[-0.48746,51.50035],[-0.48731,51.50097],[-0.48617,51.50091],[-0.48624,51.50183],[-0.48516,51.5026],[-0.48465,51.50361],[-0.48516,51.50393],[-0.48504,51.50507],[-0.48465,51.50562],[-0.4839,51.50564],[-0.48325,51.5066],[-0.48321,51.50724],[-0.48398,51.50765],[-0.48348,51.50805],[-0.48402,51.50826],[-0.48582,51.5098],[-0.48554,51.51003],[-0.48979,51.51153],[-0.48992,51.51341],[-0.48956,51.51408],[-0.4912,51.51526],[-0.49233,51.51708],[-0.49165,51.51886],[-0.4904,51.52001],[-0.49039,51.52062],[-0.49117,51.52128],[-0.49052,51.52248],[-0.49026,51.52459],[-0.49086,51.52623],[-0.4906,51.52685],[-0.48982,51.52724],[-0.48898,51.5291],[-0.48971,51.53013],[-0.49044,51.53235],[-0.4912,51.53338],[-0.49049,51.53417],[-0.49121,51.53433],[-0.4916,51.53492],[-0.49333,51.53584],[-0.49547,51.53833],[-0.49359,51.541],[-0.49181,51.54157],[-0.4921,51.54245],[-0.49078,51.54504],[-0.49156,51.54533],[-0.49135,51.54612],[-0.48948,51.54627],[-0.48951,51.54718],[-0.48801,51.5476],[-0.48704,51.54966],[-0.48436,51.55138],[-0.48266,51.55152],[-0.47888,51.55484],[-0.47849,51.55466],[-0.47732,51.5553],[-0.4766,51.55803],[-0.47699,51.55963],[-0.47751,51.56028],[-0.48113,51.56076],[-0.48075,51.56178],[-0.48279,51.56282],[-0.48225,51.56392],[-0.48322,51.56514],[-0.48258,51.56573],[-0.48351,51.56643],[-0.48467,51.56675],[-0.48401,51.5712],[-0.48506,51.5723],[-0.48553,51.57384],[-0.48454,51.5743],[-0.48403,51.57513],[-0.48772,51.57624],[-0.48921,51.57776],[-0.48946,51.57838],[-0.48855,51.57962],[-0.4896,51.58177],[-0.49104,51.58282],[-0.49454,51.58446],[-0.49507,51.58523],[-0.49494,51.58655],[-0.49574,51.58812],[-0.49721,51.58934],[-0.49782,51.59099],[-0.49882,51.59122],[-0.49854,51.59189],[-0.49953,51.59212],[-0.49878,51.59308],[-0.49857,51.59444],[-0.4994,51.59532],[-0.50088,51.60018],[-0.50033,51.60125],[-0.4991,51.60138],[-0.49764,51.60088],[-0.495,51.60223],[-0.49665,51.60147],[-0.49631,51.60248],[-0.49721,51.60342],[-0.49726,51.6049],[-0.49857,51.6083],[-0.49922,51.6088],[-0.49832,51.60951],[-0.49898,51.61015],[-0.49894,51.61115],[-0.49789,51.61324],[-0.49776,51.61454],[-0.49707,51.61488],[-0.4954,51.61885],[-0.49696,51.62055],[-0.49919,51.62102],[-0.50007,51.6219],[-0.50002,51.62368],[-0.49884,51.62456],[-0.49782,51.62584],[-0.49765,51.62678],[-0.50031,51.62892],[-0.49971,51.62934],[-0.49926,51.63048],[-0.49723,51.63166],[-0.49613,51.6317],[-0.49553,51.63116],[-0.49415,51.63105],[-0.49355,51.63056],[-0.49154,51.63077],[-0.48903,51.62759],[-0.48786,51.62676],[-0.47835,51.62237],[-0.47673,51.62194],[-0.46917,51.61683],[-0.46203,51.61393],[-0.45713,51.61229],[-0.45535,51.6127],[-0.44917,51.61516],[-0.44811,51.61592],[-0.4457,51.61953],[-0.44512,51.61973],[-0.44249,51.61961],[-0.4405,51.62009],[-0.43786,51.61975],[-0.43373,51.61867],[-0.42761,51.61745],[-0.42634,51.61699],[-0.41976,51.61684],[-0.41601,51.61623],[-0.41109,51.61384],[-0.40405,51.61318],[-0.40344,51.60983],[-0.40182,51.60661],[-0.40235,51.6061],[-0.40256,51.60292],[-0.40134,51.59981],[-0.39995,51.59822],[-0.40019,51.59744],[-0.39775,51.59706],[-0.39644,51.59501],[-0.39548,51.58992],[-0.39547,51.5902],[-0.39445,51.59045],[-0.39199,51.58816],[-0.39117,51.584],[-0.39103,51.58173],[-0.39152,51.58163],[-0.38839,51.57726],[-0.38749,51.57529],[-0.38805,51.57496],[-0.38569,51.57215],[-0.38644,51.57155],[-0.38591,51.57097],[-0.38335,51.56736],[-0.38195,51.56307],[-0.38236,51.5629],[-0.38033,51.56054],[-0.38009,51.55958],[-0.38027,51.55911],[-0.37823,51.55582],[-0.37775,51.55469],[-0.38525,51.55117],[-0.39392,51.5487],[-0.39497,51.54876],[-0.39492,51.54766],[-0.39871,51.54796],[-0.39789,51.54571],[-0.3965,51.546],[-0.39544,51.54372],[-0.39529,51.5426],[-0.39751,51.54237],[-0.40483,51.54251],[-0.41613,51.54027],[-0.41851,51.54025],[-0.41931,51.54044],[-0.41951,51.54002],[-0.41822,51.53912],[-0.41964,51.5386],[-0.41923,51.53822],[-0.41748,51.53782],[-0.41752,51.53671],[-0.41538,51.53666],[-0.41476,51.53601],[-0.4139,51.53584],[-0.41349,51.53476],[-0.41225,51.53457],[-0.41184,51.53413],[-0.4111,51.53433],[-0.38984,51.53094],[-0.38715,51.52956],[-0.3867,51.53038],[-0.37636,51.52884],[-0.37599,51.52514],[-0.3823,51.51815],[-0.38379,51.51797],[-0.38291,51.51795],[-0.38518,51.51629],[-0.38923,51.51462],[-0.39055,51.51322],[-0.39258,51.50851],[-0.39387,51.5068],[-0.39985,51.50443],[-0.40276,51.50364],[-0.40387,51.50292],[-0.40689,51.49969],[-0.40927,51.50032],[-0.41064,51.4982],[-0.41055,51.49622],[-0.41139,51.49499],[-0.41262,51.48858],[-0.41334,51.48725],[-0.41391,51.48723],[-0.41452,51.48652],[-0.41459,51.4862],[-0.41399,51.4861],[-0.41512,51.4849],[-0.41619,51.48303],[-0.41683,51.48238],[-0.41646,51.48212],[-0.41672,51.48043],[-0.41535,51.47788],[-0.41493,51.47605],[-0.4158,51.47396],[-0.41473,51.47339],[-0.41117,51.46987],[-0.41966,51.4673],[-0.42038,51.46675],[-0.42202,51.46658],[-0.43302,51.46196],[-0.43476,51.46059]],[[-0.39294,51.57709],[-0.39295,51.57709],[-0.38839,51.57726],[-0.39294,51.57709]],[[-0.38805,51.56956],[-0.38906,51.56876],[-0.38591,51.57097],[-0.38805,51.56956]],[[-0.39098,51.57029],[-0.39281,51.57069],[-0.38805,51.56956],[-0.39098,51.57029]],[[-0.41966,51.53409],[-0.41947,51.53403],[-0.4139,51.53584],[-0.41966,51.53409]],[[-0.43371,51.61309],[-0.43181,51.61344],[-0.43519,51.613],[-0.43371,51.61309]],[[-0.43695,51.61131],[-0.43426,51.60988],[-0.43732,51.61152],[-0.43695,51.61131]],[[-0.43368,51.5942],[-0.42563,51.59458],[-0.42744,51.59451],[-0.43368,51.5942]],[[-0.43752,51.57815],[-0.43653,51.57786],[-0.43798,51.5785],[-0.43752,51.57815]],[[-0.44203,51.57556],[-0.44248,51.57488],[-0.44115,51.57637],[-0.44203,51.57556]],[[-0.4427,51.56604],[-0.44341,51.56583],[-0.44266,51.56602],[-0.44311,51.56636],[-0.4427,51.56604]],[[-0.45404,51.55453],[-0.44789,51.55402],[-0.44794,51.55403],[-0.45404,51.55453]],[[-0.44228,51.54612],[-0.44262,51.54562],[-0.44115,51.54705],[-0.44228,51.54612]],[[-0.4375,51.53747],[-0.44146,51.53658],[-0.43725,51.53738],[-0.43852,51.5385],[-0.4375,51.53747]],[[-0.4251,51.52878],[-0.4225,51.52909],[-0.4251,51.52878],[-0.4251,51.52878]],[[-0.42564,51.51962],[-0.42448,51.51926],[-0.42636,51.51991],[-0.42564,51.51962]],[[-0.42001,51.51318],[-0.42001,51.51318],[-0.42029,51.51403],[-0.42001,51.51318]],[[-0.4247,51.51335],[-0.42268,51.5132],[-0.42204,51.51319],[-0.4247,51.51335]],[[-0.43236,51.50404],[-0.42955,51.50368],[-0.4215,51.50298],[-0.43236,51.50404]],[[-0.42139,51.49662],[-0.42102,51.49693],[-0.41943,51.49872],[-0.42139,51.49662]],[[-0.45443,51.57343],[-0.4479,51.57245],[-0.45252,51.57319],[-0.45443,51.57343]],[[-0.43637,51.52567],[-0.42807,51.52406],[-0.43219,51.52492],[-0.43637,51.52567]],[[-0.45727,51.55502],[-0.46142,51.55648],[-0.46221,51.55669],[-0.45727,51.55502]],[[-0.46268,51.54976],[-0.46097,51.5503],[-0.46681,51.54853],[-0.46268,51.54976]],[[-0.46092,51.54843],[-0.46173,51.54835],[-0.46349,51.54806],[-0.46092,51.54843]],[[-0.46215,51.54413],[-0.46115,51.54598],[-0.46231,51.54385],[-0.46215,51.54413]],[[-0.47252,51.54261],[-0.47314,51.54351],[-0.47314,51.54351],[-0.47252,51.54261]],[[-0.46052,51.53525],[-0.4631,51.5353],[-0.46132,51.53516],[-0.46052,51.53525]],[[-0.45805,51.53018],[-0.45918,51.53038],[-0.46026,51.53045],[-0.45805,51.53018]],[[-0.45679,51.51862],[-0.45751,51.51852],[-0.45687,51.51852],[-0.45679,51.51862]],[[-0.43531,51.52509],[-0.43714,51.52487],[-0.43837,51.52453],[-0.43531,51.52509]],[[-0.44474,51.51185],[-0.44601,51.51161],[-0.4467,51.5114],[-0.44474,51.51185]],[[-0.45036,51.50725],[-0.45073,51.50732],[-0.45828,51.50849],[-0.45036,51.50725]],[[-0.44954,51.5071],[-0.4368,51.50463],[-0.43552,51.50446],[-0.44954,51.5071]],[[-0.43694,51.50069],[-0.4359,51.50052],[-0.43698,51.50071],[-0.437,51.50134],[-0.43713,51.49907],[-0.43694,51.50069]],[[-0.44121,51.49281],[-0.44282,51.49481],[-0.44282,51.49481],[-0.44121,51.49281]],[[-0.43741,51.48597],[-0.43944,51.48729],[-0.43811,51.4864],[-0.43741,51.48597]],[[-0.43253,51.48066],[-0.44317,51.48117],[-0.44052,51.48094],[-0.43253,51.48066]],[[-0.42752,51.47939],[-0.43919,51.47952],[-0.45283,51.47956],[-0.42752,51.47939]],[[-0.48416,51.54219],[-0.48615,51.54255],[-0.48546,51.54236],[-0.48416,51.54219]],[[-0.47265,51.54264],[-0.47314,51.54351],[-0.47322,51.54344],[-0.47265,51.54264]],[[-0.47949,51.54631],[-0.47705,51.54505],[-0.47322,51.54344],[-0.47949,51.54631]],[[-0.46856,51.5136],[-0.46922,51.51374],[-0.47006,51.51364],[-0.46856,51.5136]],[[-0.47031,51.51233],[-0.47022,51.51209],[-0.47006,51.51364],[-0.47031,51.51233]],[[-0.46717,51.50939],[-0.46891,51.50956],[-0.4742,51.50989],[-0.46717,51.50939]],[[-0.46479,51.50915],[-0.4658,51.50839],[-0.46479,51.50915],[-0.46479,51.50915]],[[-0.46553,51.50583],[-0.46548,51.50553],[-0.46465,51.50444],[-0.46553,51.50583]],[[-0.46424,51.5001],[-0.46347,51.49925],[-0.46298,51.49884],[-0.46424,51.5001]],[[-0.47622,51.53489],[-0.47616,51.53695],[-0.47628,51.53763],[-0.47622,51.53489]],[[-0.48701,51.51875],[-0.48682,51.51882],[-0.49124,51.51848],[-0.48701,51.51875]],[[-0.47889,51.51684],[-0.48285,51.52009],[-0.48285,51.52009],[-0.47889,51.51684]],[[-0.47348,51.51411],[-0.47276,51.51404],[-0.47348,51.51411],[-0.47348,51.51411]],[[-0.47621,51.50399],[-0.4756,51.50465],[-0.47775,51.50243],[-0.47621,51.50399]],[[-0.47833,51.49458],[-0.47733,51.49463],[-0.46896,51.49546],[-0.47833,51.49458]],[[-0.47385,51.50792],[-0.47516,51.50688],[-0.47324,51.50822],[-0.47385,51.50792]],[[-0.478,51.52675],[-0.48178,51.52672],[-0.47848,51.52663],[-0.478,51.52675]],[[-0.482,51.52353],[-0.47827,51.52391],[-0.48025,51.52382],[-0.482,51.52353]],[[-0.47922,51.5431],[-0.4786,51.54213],[-0.47989,51.54446],[-0.47922,51.5431]],[[-0.47648,51.54926],[-0.47615,51.5489],[-0.47525,51.54832],[-0.47648,51.54926]],[[-0.47901,51.60926],[-0.47833,51.61004],[-0.47715,51.61164],[-0.47901,51.60926]],[[-0.45997,51.50563],[-0.45997,51.50563],[-0.45996,51.50585],[-0.45997,51.50563]],[[-0.46349,51.50841],[-0.46339,51.50901],[-0.46339,51.50901],[-0.46349,51.50841]],[[-0.45343,51.50129],[-0.45595,51.50155],[-0.45917,51.50181],[-0.45343,51.50129]],[[-0.44403,51.52856],[-0.43835,51.52644],[-0.44611,51.52952],[-0.44403,51.52856]],[[-0.44754,51.5229],[-0.44941,51.52485],[-0.4512,51.52656],[-0.44754,51.5229]],[[-0.45194,51.53242],[-0.45823,51.5352],[-0.44688,51.52988],[-0.45194,51.53242]],[[-0.4436,51.53794],[-0.44284,51.53631],[-0.44359,51.53802],[-0.44506,51.53864],[-0.4436,51.53794]],[[-0.45474,51.52432],[-0.45501,51.52369],[-0.45525,51.52245],[-0.45474,51.52432]],[[-0.45703,51.52171],[-0.45664,51.52274],[-0.45664,51.52274],[-0.45703,51.52171]],[[-0.45527,51.54184],[-0.4552,51.54151],[-0.45544,51.5439],[-0.45527,51.54184]],[[-0.45239,51.54023],[-0.45159,51.53962],[-0.45159,51.53962],[-0.45239,51.54023]],[[-0.44732,51.56143],[-0.44776,51.56158],[-0.44934,51.56188],[-0.44732,51.56143]],[[-0.44046,51.61358],[-0.4458,51.61391],[-0.44046,51.6135],[-0.44046,51.61358]],[[-0.43484,51.49415],[-0.42864,51.49363],[-0.42786,51.49358],[-0.43484,51.49415]],[[-0.43197,51.48445],[-0.43169,51.4852],[-0.42864,51.49363],[-0.43197,51.48445]],[[-0.42651,51.51591],[-0.4271,51.5155],[-0.42651,51.51591],[-0.42651,51.51591]],[[-0.43604,51.52264],[-0.43554,51.52255],[-0.43475,51.52255],[-0.43604,51.52264]],[[-0.42329,51.58841],[-0.42405,51.58826],[-0.42317,51.58842],[-0.4262,51.59357],[-0.42329,51.58841]],[[-0.41778,51.57853],[-0.42222,51.5782],[-0.42288,51.57804],[-0.41778,51.57853]],[[-0.41111,51.5818],[-0.41525,51.57846],[-0.41252,51.58061],[-0.41111,51.5818]],[[-0.40312,51.57768],[-0.40745,51.57678],[-0.40821,51.57654],[-0.40312,51.57768]],[[-0.40956,51.5784],[-0.40759,51.57564],[-0.40821,51.57654],[-0.40956,51.5784]],[[-0.40474,51.56929],[-0.40635,51.57277],[-0.4053,51.57033],[-0.40474,51.56929]],[[-0.40379,51.56821],[-0.40377,51.56819],[-0.40474,51.56929],[-0.40379,51.56821]],[[-0.40862,51.56183],[-0.411,51.56491],[-0.40862,51.56183],[-0.40862,51.56183]],[[-0.40571,51.5627],[-0.40816,51.56193],[-0.40666,51.56227],[-0.40571,51.5627]],[[-0.40363,51.56375],[-0.40424,51.56335],[-0.40423,51.56336],[-0.40363,51.56375]],[[-0.40907,51.55858],[-0.40497,51.55499],[-0.40545,51.55554],[-0.40907,51.55858]],[[-0.41163,51.548],[-0.41578,51.54833],[-0.43239,51.54939],[-0.41163,51.548]],[[-0.41747,51.5412],[-0.41811,51.54174],[-0.41917,51.54238],[-0.41747,51.5412]],[[-0.40925,51.51921],[-0.40925,51.51921],[-0.40902,51.51879],[-0.40925,51.51921]],[[-0.40695,51.51786],[-0.40785,51.51801],[-0.40762,51.51794],[-0.40695,51.51786]],[[-0.41084,51.51097],[-0.40484,51.50843],[-0.40964,51.51065],[-0.41084,51.51097]],[[-0.41232,51.50824],[-0.41108,51.5094],[-0.41166,51.50895],[-0.41232,51.50824]],[[-0.41234,51.50159],[-0.41192,51.50192],[-0.41234,51.50159],[-0.41234,51.50159]],[[-0.41891,51.57526],[-0.41919,51.57454],[-0.41891,51.57526],[-0.41891,51.57526]],[[-0.41694,51.56858],[-0.41634,51.56883],[-0.41421,51.57014],[-0.41694,51.56858]],[[-0.42025,51.56483],[-0.42076,51.56423],[-0.42076,51.56423],[-0.42025,51.56483]],[[-0.42756,51.54035],[-0.43145,51.53908],[-0.43101,51.53918],[-0.42756,51.54035]],[[-0.42672,51.56946],[-0.42869,51.56862],[-0.42225,51.57118],[-0.42672,51.56946]],[[-0.43121,51.57217],[-0.43038,51.57008],[-0.43117,51.57212],[-0.43197,51.57318],[-0.43121,51.57217]],[[-0.4283,51.57703],[-0.42709,51.57699],[-0.42794,51.57709],[-0.4283,51.57703]],[[-0.43189,51.58319],[-0.43605,51.58778],[-0.43312,51.58442],[-0.43189,51.58319]],[[-0.41905,51.50529],[-0.42004,51.50571],[-0.41908,51.50528],[-0.41953,51.50469],[-0.41905,51.50529]],[[-0.41863,51.5042],[-0.41615,51.50317],[-0.41953,51.50469],[-0.41863,51.5042]],[[-0.41772,51.49848],[-0.41681,51.49873],[-0.41688,51.49875],[-0.41772,51.49848]],[[-0.42187,51.52284],[-0.42206,51.52292],[-0.4225,51.523],[-0.42187,51.52284]],[[-0.41902,51.52562],[-0.41889,51.5261],[-0.41889,51.5261],[-0.41902,51.52562]],[[-0.41801,51.52581],[-0.41801,51.52581],[-0.41902,51.52562],[-0.41801,51.52581]],[[-0.41773,51.52517],[-0.41798,51.52581],[-0.41798,51.52581],[-0.41773,51.52517]],[[-0.41426,51.52461],[-0.4144,51.52547],[-0.41426,51.52461],[-0.41426,51.52461]],[[-0.41918,51.51439],[-0.41991,51.51318],[-0.41983,51.51318],[-0.41918,51.51439]],[[-0.41899,51.51736],[-0.41853,51.51732],[-0.41691,51.51747],[-0.41899,51.51736]],[[-0.41185,51.51603],[-0.41247,51.51562],[-0.41265,51.51534],[-0.41185,51.51603]],[[-0.41471,51.52595],[-0.41514,51.52545],[-0.41434,51.52637],[-0.41471,51.52595]],[[-0.41126,51.56993],[-0.41052,51.57068],[-0.41122,51.57072],[-0.41077,51.57061],[-0.41126,51.56993]],[[-0.41022,51.57037],[-0.41184,51.57282],[-0.41052,51.57068],[-0.41022,51.57037]],[[-0.42546,51.61238],[-0.428,51.6127],[-0.42698,51.61252],[-0.42546,51.61238]],[[-0.42443,51.61226],[-0.42443,51.61226],[-0.42471,51.61165],[-0.42443,51.61226]],[[-0.40383,51.606],[-0.40868,51.60345],[-0.40922,51.60312],[-0.40383,51.606]],[[-0.4057,51.59895],[-0.40608,51.59898],[-0.40511,51.59872],[-0.4057,51.59895]],[[-0.40795,51.59705],[-0.40847,51.59758],[-0.40793,51.59698],[-0.40795,51.59705]],[[-0.41377,51.60978],[-0.41624,51.61057],[-0.41764,51.61101],[-0.41445,51.60998],[-0.41377,51.60978]],[[-0.41508,51.60418],[-0.41726,51.60477],[-0.41855,51.60504],[-0.41508,51.60418]],[[-0.39808,51.56733],[-0.39785,51.56739],[-0.40045,51.56827],[-0.39808,51.56733]],[[-0.38716,51.55752],[-0.39025,51.55642],[-0.38662,51.55769],[-0.38716,51.55752]],[[-0.38551,51.55985],[-0.38822,51.55874],[-0.38449,51.56015],[-0.38551,51.55985]],[[-0.38966,51.56476],[-0.38948,51.56444],[-0.38948,51.56444],[-0.38966,51.56476]],[[-0.39282,51.56297],[-0.39267,51.56282],[-0.39247,51.56265],[-0.39282,51.56297]],[[-0.39705,51.58216],[-0.39725,51.58235],[-0.39594,51.58087],[-0.39705,51.58216]],[[-0.39273,51.57658],[-0.39297,51.57709],[-0.39297,51.57709],[-0.39273,51.57658]],[[-0.39605,51.57669],[-0.39605,51.57669],[-0.39609,51.57557],[-0.39605,51.57669]],[[-0.39466,51.52875],[-0.39418,51.52933],[-0.39443,51.52904],[-0.39466,51.52875]],[[-0.38558,51.52611],[-0.38526,51.52711],[-0.38548,51.5266],[-0.38558,51.52611]],[[-0.40816,51.51941],[-0.40895,51.51927],[-0.40709,51.51931],[-0.40816,51.51941]],[[-0.40057,51.5235],[-0.39995,51.52204],[-0.40057,51.5235],[-0.40057,51.5235]],[[-0.3993,51.51828],[-0.39541,51.52173],[-0.39423,51.5225],[-0.39545,51.5217],[-0.3993,51.51828]],[[-0.38711,51.52348],[-0.38825,51.52452],[-0.38711,51.52348],[-0.38711,51.52348]],[[-0.39592,51.51538],[-0.3943,51.51506],[-0.39633,51.51562],[-0.39592,51.51538]]]}},{"type":"Feature","properties":{"n":"Hounslow"},"geometry":{"type":"MultiPolygon","coordinates":[[[[-0.38713,51.42818],[-0.38836,51.428],[-0.38409,51.42267],[-0.38491,51.42127],[-0.3855,51.42075],[-0.39184,51.42328],[-0.39275,51.42347],[-0.39289,51.42328],[-0.39135,51.42233],[-0.39547,51.42338],[-0.40055,51.42346],[-0.40536,51.42248],[-0.40844,51.42383],[-0.40901,51.42545],[-0.41102,51.42742],[-0.41309,51.42786],[-0.41245,51.42878],[-0.41435,51.4293],[-0.41381,51.43008],[-0.4179,51.43103],[-0.41729,51.43192],[-0.41836,51.43187],[-0.41908,51.43236],[-0.4215,51.43206],[-0.42358,51.43116],[-0.4235,51.43088],[-0.42741,51.43083],[-0.42783,51.42925],[-0.42942,51.42939],[-0.42975,51.4288],[-0.43434,51.4293],[-0.43998,51.43063],[-0.43975,51.43462],[-0.44772,51.435],[-0.44629,51.44],[-0.45422,51.43841],[-0.45648,51.43822],[-0.45539,51.44212],[-0.45718,51.44289],[-0.45756,51.44918],[-0.46148,51.44899],[-0.46132,51.45239],[-0.45984,51.45224],[-0.4593,51.45272],[-0.45864,51.45632],[-0.45576,51.45525],[-0.45509,51.45563],[-0.45394,51.45553],[-0.45388,51.45486],[-0.4502,51.45399],[-0.44398,51.45327],[-0.44146,51.45681],[-0.43491,51.45684],[-0.43466,51.45707],[-0.43661,51.45768],[-0.4365,51.45809],[-0.43476,51.46059],[-0.43302,51.46196],[-0.42208,51.46655],[-0.42038,51.46675],[-0.41966,51.4673],[-0.41123,51.46986],[-0.41473,51.47339],[-0.4158,51.47396],[-0.41493,51.47605],[-0.41535,51.47788],[-0.41672,51.48043],[-0.41646,51.48212],[-0.41683,51.48238],[-0.41619,51.48303],[-0.41512,51.4849],[-0.41399,51.4861],[-0.41459,51.4862],[-0.41452,51.48652],[-0.41391,51.48723],[-0.41334,51.48725],[-0.41262,51.48858],[-0.41139,51.49499],[-0.41055,51.49622],[-0.41064,51.4982],[-0.40927,51.50032],[-0.38753,51.49484],[-0.3844,51.49471],[-0.3829,51.49495],[-0.37763,51.49663],[-0.37786,51.49545],[-0.37578,51.49521],[-0.37376,51.49189],[-0.37171,51.49093],[-0.37181,51.49053],[-0.36789,51.49181],[-0.36829,51.49226],[-0.36699,51.49276],[-0.36573,51.49369],[-0.36529,51.4934],[-0.36386,51.4946],[-0.36314,51.49582],[-0.35787,51.49781],[-0.35017,51.49911],[-0.34209,51.49604],[-0.33545,51.49621],[-0.33111,51.49551],[-0.32995,51.49508],[-0.3274,51.49604],[-0.32614,51.49503],[-0.32485,51.49593],[-0.32341,51.4959],[-0.31924,51.49431],[-0.31586,51.49591],[-0.31536,51.4956],[-0.31567,51.49538],[-0.31449,51.49436],[-0.31507,51.49398],[-0.31371,51.49343],[-0.31187,51.49199],[-0.3129,51.49141],[-0.30964,51.49309],[-0.30571,51.49449],[-0.30559,51.49482],[-0.30587,51.49621],[-0.30133,51.49523],[-0.30109,51.49442],[-0.29762,51.49493],[-0.3,51.49786],[-0.3007,51.49935],[-0.29442,51.50147],[-0.2934,51.50159],[-0.28723,51.50074],[-0.28509,51.50091],[-0.28071,51.5028],[-0.27924,51.50137],[-0.27819,51.4998],[-0.27657,51.49845],[-0.27246,51.49615],[-0.27214,51.49543],[-0.27163,51.49496],[-0.26993,51.49416],[-0.26756,51.49392],[-0.26214,51.49453],[-0.25541,51.49491],[-0.25559,51.49627],[-0.25521,51.49634],[-0.25276,51.50008],[-0.25306,51.5014],[-0.25217,51.50064],[-0.24934,51.497],[-0.25128,51.49656],[-0.24866,51.49712],[-0.24536,51.49837],[-0.24446,51.49795],[-0.24468,51.49707],[-0.24461,51.49589],[-0.24521,51.4934],[-0.24553,51.48993],[-0.24519,51.48922],[-0.2445,51.48871],[-0.24764,51.48734],[-0.24971,51.48569],[-0.24943,51.48556],[-0.2514,51.48218],[-0.25153,51.47733],[-0.2527,51.47506],[-0.25465,51.47291],[-0.25807,51.47166],[-0.26214,51.47136],[-0.26568,51.47192],[-0.26913,51.47355],[-0.27306,51.47697],[-0.27689,51.48344],[-0.28157,51.48629],[-0.28644,51.4875],[-0.28725,51.48793],[-0.28747,51.48761],[-0.29246,51.48746],[-0.29885,51.4853],[-0.2992,51.48555],[-0.29901,51.48531],[-0.3004,51.48398],[-0.29997,51.48414],[-0.29972,51.48326],[-0.30051,51.48379],[-0.30142,51.48338],[-0.30036,51.48351],[-0.30018,51.48317],[-0.30339,51.48259],[-0.30421,51.48322],[-0.30509,51.48267],[-0.30627,51.48279],[-0.30486,51.4823],[-0.30402,51.48296],[-0.30438,51.48217],[-0.30009,51.4827],[-0.30144,51.48135],[-0.30355,51.47989],[-0.30412,51.47961],[-0.30467,51.47992],[-0.30428,51.4796],[-0.30465,51.4796],[-0.30446,51.47913],[-0.30521,51.47827],[-0.30575,51.47834],[-0.30536,51.47814],[-0.30618,51.47696],[-0.30707,51.47704],[-0.30626,51.47687],[-0.30693,51.47621],[-0.30807,51.47564],[-0.30804,51.47586],[-0.30875,51.47588],[-0.30823,51.47558],[-0.30931,51.47502],[-0.30959,51.47524],[-0.30935,51.47497],[-0.30977,51.47517],[-0.30951,51.47491],[-0.3101,51.47492],[-0.30999,51.47467],[-0.31062,51.47493],[-0.31025,51.47453],[-0.31066,51.47469],[-0.31063,51.47438],[-0.31115,51.47472],[-0.31072,51.47433],[-0.31132,51.47456],[-0.31131,51.47414],[-0.31165,51.47445],[-0.31134,51.47409],[-0.31185,51.47434],[-0.31146,51.47401],[-0.31203,51.47422],[-0.31164,51.47392],[-0.31202,51.47375],[-0.31247,51.474],[-0.31217,51.47371],[-0.31271,51.47388],[-0.31247,51.47367],[-0.31296,51.47375],[-0.3129,51.47351],[-0.31345,51.4739],[-0.3131,51.47345],[-0.31388,51.47347],[-0.31386,51.4732],[-0.31421,51.47346],[-0.31392,51.47319],[-0.3143,51.47326],[-0.31429,51.47305],[-0.31472,51.4734],[-0.31442,51.47297],[-0.316,51.47246],[-0.31625,51.47266],[-0.3162,51.4724],[-0.3202,51.4713],[-0.32145,51.47049],[-0.32253,51.47069],[-0.32249,51.47047],[-0.3215,51.4704],[-0.32223,51.46904],[-0.32177,51.46543],[-0.32319,51.46541],[-0.32409,51.465],[-0.32482,51.46437],[-0.32678,51.46164],[-0.32689,51.46116],[-0.32644,51.46086],[-0.32674,51.46005],[-0.32641,51.46066],[-0.32661,51.46021],[-0.32626,51.45982],[-0.32645,51.45936],[-0.3256,51.45798],[-0.32725,51.45698],[-0.32839,51.45795],[-0.32976,51.45797],[-0.33066,51.45774],[-0.33232,51.45638],[-0.3326,51.4557],[-0.33353,51.45526],[-0.336,51.45561],[-0.33696,51.45463],[-0.33739,51.45474],[-0.33777,51.45548],[-0.33869,51.45619],[-0.3391,51.45609],[-0.34061,51.45726],[-0.34005,51.45929],[-0.34384,51.45891],[-0.3415,51.45909],[-0.34266,51.45811],[-0.34502,51.45787],[-0.34564,51.45733],[-0.34667,51.45723],[-0.348,51.45676],[-0.35271,51.45689],[-0.35364,51.45821],[-0.35671,51.45841],[-0.36102,51.45805],[-0.36243,51.45768],[-0.36436,51.45757],[-0.36507,51.45777],[-0.36811,51.45717],[-0.36859,51.45687],[-0.3696,51.45694],[-0.37235,51.4572],[-0.37272,51.457],[-0.37303,51.45744],[-0.37474,51.45656],[-0.38377,51.44951],[-0.38455,51.44989],[-0.38778,51.44943],[-0.38633,51.44825],[-0.38625,51.44673],[-0.38414,51.44574],[-0.38285,51.44505],[-0.37977,51.44439],[-0.3795,51.4431],[-0.378,51.44244],[-0.37712,51.44248],[-0.37639,51.44303],[-0.37393,51.44302],[-0.37332,51.44361],[-0.3725,51.44354],[-0.36708,51.44171],[-0.37787,51.4368],[-0.37791,51.43639],[-0.37612,51.43554],[-0.38327,51.43214],[-0.38682,51.42971],[-0.38796,51.42864],[-0.38713,51.42818]],[[-0.25533,51.49271],[-0.2553,51.49484],[-0.25541,51.49491],[-0.25533,51.49271]],[[-0.29637,51.48724],[-0.29613,51.48674],[-0.29578,51.48634],[-0.29637,51.48724]],[[-0.35287,51.45989],[-0.35349,51.45867],[-0.35364,51.45821],[-0.35287,51.45989]],[[-0.36787,51.45842],[-0.36844,51.45802],[-0.3696,51.45694],[-0.36787,51.45842]],[[-0.38414,51.44574],[-0.38746,51.44235],[-0.38914,51.44057],[-0.38414,51.44574]],[[-0.3898,51.42976],[-0.39021,51.42999],[-0.38969,51.4297],[-0.38682,51.42971],[-0.3898,51.42976]],[[-0.38137,51.48935],[-0.38108,51.48721],[-0.38142,51.49209],[-0.38137,51.48935]],[[-0.36713,51.48692],[-0.36685,51.48753],[-0.36608,51.48925],[-0.36713,51.48692]],[[-0.36223,51.47965],[-0.36221,51.47928],[-0.36223,51.47994],[-0.36223,51.47965]],[[-0.35284,51.48053],[-0.35128,51.48079],[-0.36221,51.47928],[-0.35284,51.48053]],[[-0.36346,51.47759],[-0.36346,51.47759],[-0.36398,51.47766],[-0.36346,51.47759]],[[-0.36427,51.47278],[-0.36425,51.47273],[-0.36384,51.47339],[-0.36427,51.47278]],[[-0.3626,51.47155],[-0.36078,51.47196],[-0.36367,51.47141],[-0.3626,51.47155]],[[-0.36471,51.46634],[-0.36409,51.4656],[-0.36605,51.46799],[-0.36471,51.46634]],[[-0.36265,51.46166],[-0.36573,51.45992],[-0.36171,51.46214],[-0.36265,51.46166]],[[-0.39292,51.47978],[-0.39137,51.48397],[-0.39273,51.48033],[-0.39292,51.47978]],[[-0.39006,51.47876],[-0.39335,51.47897],[-0.39019,51.47869],[-0.39006,51.47876]],[[-0.39339,51.475],[-0.39391,51.47514],[-0.39401,51.47515],[-0.39339,51.475]],[[-0.39445,51.46777],[-0.39283,51.47484],[-0.39283,51.47484],[-0.39366,51.47154],[-0.39445,51.46777]],[[-0.39373,51.46754],[-0.39027,51.4672],[-0.39445,51.46777],[-0.39373,51.46754]],[[-0.38836,51.46282],[-0.39309,51.46131],[-0.39832,51.4596],[-0.38836,51.46282]],[[-0.40136,51.45901],[-0.40136,51.45901],[-0.39832,51.4596],[-0.40136,51.45901]],[[-0.3914,51.44199],[-0.39678,51.44429],[-0.39394,51.443],[-0.3914,51.44199]],[[-0.39827,51.43172],[-0.40234,51.43045],[-0.39248,51.43347],[-0.39827,51.43172]],[[-0.39045,51.45124],[-0.39839,51.45002],[-0.40158,51.44952],[-0.39045,51.45124]],[[-0.43634,51.45101],[-0.43571,51.45119],[-0.43689,51.45111],[-0.43634,51.45101]],[[-0.43486,51.45036],[-0.43345,51.4503],[-0.43346,51.45031],[-0.43486,51.45036]],[[-0.42741,51.45393],[-0.42776,51.45386],[-0.42723,51.45384],[-0.42008,51.45017],[-0.42741,51.45393]],[[-0.41504,51.44924],[-0.41349,51.44865],[-0.41474,51.44919],[-0.41504,51.44924]],[[-0.41532,51.44929],[-0.41654,51.44803],[-0.41689,51.44737],[-0.41635,51.44815],[-0.41532,51.44929]],[[-0.42274,51.44333],[-0.42205,51.44526],[-0.42161,51.44542],[-0.42205,51.44532],[-0.42274,51.44333]],[[-0.41286,51.44445],[-0.4123,51.44449],[-0.41305,51.44458],[-0.41286,51.44445]],[[-0.41456,51.441],[-0.41118,51.44412],[-0.41487,51.44082],[-0.41456,51.441]],[[-0.41725,51.43307],[-0.41883,51.43296],[-0.41792,51.43295],[-0.41725,51.43307]],[[-0.4198,51.44673],[-0.42269,51.44638],[-0.42182,51.44643],[-0.4198,51.44673]],[[-0.42594,51.44448],[-0.43086,51.44343],[-0.43179,51.44322],[-0.42594,51.44448]],[[-0.40136,51.45902],[-0.40136,51.45902],[-0.40105,51.46099],[-0.40136,51.45902]],[[-0.41837,51.45451],[-0.41895,51.45476],[-0.41527,51.45293],[-0.41837,51.45451]],[[-0.40727,51.45399],[-0.40691,51.45349],[-0.40461,51.45078],[-0.40727,51.45399]],[[-0.43051,51.45522],[-0.43215,51.45526],[-0.43128,51.45511],[-0.43051,51.45522]],[[-0.43554,51.45627],[-0.43495,51.45681],[-0.43705,51.45527],[-0.43554,51.45627]],[[-0.41936,51.45691],[-0.41517,51.4572],[-0.42043,51.4569],[-0.41936,51.45691]],[[-0.41091,51.47974],[-0.41168,51.47683],[-0.41149,51.47744],[-0.41091,51.47974]],[[-0.4069,51.47815],[-0.40778,51.47603],[-0.40756,51.4764],[-0.4069,51.47815]],[[-0.40393,51.47864],[-0.40403,51.47982],[-0.40406,51.47771],[-0.40393,51.47864]],[[-0.40178,51.47708],[-0.40022,51.4767],[-0.40406,51.47771],[-0.40178,51.47708]],[[-0.40543,51.47203],[-0.40534,51.47244],[-0.4044,51.47697],[-0.40543,51.47203]],[[-0.40415,51.48123],[-0.40415,51.4813],[-0.40484,51.48213],[-0.40415,51.48123]],[[-0.37138,51.46674],[-0.37439,51.46608],[-0.37522,51.4659],[-0.37173,51.46665],[-0.37138,51.46674]],[[-0.37677,51.45837],[-0.37887,51.46099],[-0.37784,51.45958],[-0.37677,51.45837]],[[-0.38095,51.46463],[-0.38455,51.46383],[-0.38546,51.46359],[-0.38095,51.46463]],[[-0.37876,51.46511],[-0.37876,51.46511],[-0.37854,51.46466],[-0.37876,51.46511]],[[-0.37582,51.46171],[-0.37796,51.46478],[-0.37537,51.46106],[-0.37582,51.46171]],[[-0.3709,51.46176],[-0.37194,51.46324],[-0.37262,51.46405],[-0.37122,51.46206],[-0.3709,51.46176]],[[-0.36829,51.46199],[-0.36721,51.46275],[-0.36679,51.46326],[-0.36829,51.46199]],[[-0.36963,51.45898],[-0.37024,51.45928],[-0.36696,51.4625],[-0.37025,51.45928],[-0.36963,51.45898]],[[-0.38571,51.47276],[-0.38781,51.47347],[-0.39219,51.47467],[-0.38571,51.47276]],[[-0.38401,51.47828],[-0.38533,51.47861],[-0.38575,51.47869],[-0.38401,51.47828]],[[-0.38313,51.47924],[-0.38075,51.47843],[-0.38261,51.47915],[-0.38313,51.47924]],[[-0.3774,51.47678],[-0.37786,51.47727],[-0.37829,51.47769],[-0.3774,51.47678]],[[-0.37249,51.47793],[-0.37239,51.48015],[-0.37255,51.47821],[-0.37249,51.47793]],[[-0.371,51.47717],[-0.37089,51.4762],[-0.37087,51.47814],[-0.371,51.47717]],[[-0.37854,51.47084],[-0.37868,51.47044],[-0.37868,51.47044],[-0.37854,51.47084]],[[-0.37669,51.46979],[-0.37524,51.46933],[-0.3745,51.46917],[-0.37669,51.46979]],[[-0.38656,51.474],[-0.38554,51.47383],[-0.38629,51.47408],[-0.38656,51.474]],[[-0.39256,51.48691],[-0.38966,51.48654],[-0.38893,51.48657],[-0.39256,51.48691]],[[-0.38127,51.4833],[-0.38933,51.48401],[-0.38627,51.48365],[-0.38127,51.4833]],[[-0.38972,51.47892],[-0.38955,51.479],[-0.38916,51.47969],[-0.38972,51.47892]],[[-0.38383,51.43703],[-0.38595,51.43799],[-0.38499,51.43747],[-0.38383,51.43703]],[[-0.38232,51.4344],[-0.38583,51.43678],[-0.38392,51.43543],[-0.38232,51.4344]],[[-0.38812,51.43017],[-0.38789,51.43034],[-0.38765,51.43058],[-0.38812,51.43017]],[[-0.38528,51.43491],[-0.38531,51.43503],[-0.38744,51.43442],[-0.38528,51.43491]],[[-0.34197,51.48496],[-0.34662,51.48585],[-0.34316,51.48515],[-0.34197,51.48496]],[[-0.33704,51.48314],[-0.33687,51.48284],[-0.33637,51.48206],[-0.33704,51.48314]],[[-0.31436,51.48458],[-0.31542,51.48566],[-0.31542,51.48566],[-0.31436,51.48458]],[[-0.35861,51.46996],[-0.35851,51.46968],[-0.35864,51.47031],[-0.35861,51.46996]],[[-0.35955,51.46944],[-0.35784,51.46982],[-0.35851,51.46968],[-0.35955,51.46944]],[[-0.35604,51.47019],[-0.35694,51.47],[-0.35661,51.46959],[-0.35684,51.46993],[-0.35604,51.47019]],[[-0.36122,51.46239],[-0.35031,51.46788],[-0.34875,51.4687],[-0.36122,51.46239]],[[-0.34733,51.46942],[-0.34657,51.46903],[-0.34733,51.46942],[-0.34733,51.46942]],[[-0.34231,51.46688],[-0.34106,51.46688],[-0.34134,51.4669],[-0.34231,51.46688]],[[-0.33803,51.47271],[-0.33759,51.47257],[-0.33803,51.47271],[-0.33803,51.47271]],[[-0.32758,51.46746],[-0.32619,51.46754],[-0.32664,51.46756],[-0.32758,51.46746]],[[-0.34768,51.46346],[-0.3402,51.46376],[-0.3402,51.46376],[-0.34415,51.46368],[-0.34768,51.46346]],[[-0.362,51.47722],[-0.36076,51.47693],[-0.35951,51.47547],[-0.36076,51.47706],[-0.362,51.47722]],[[-0.35711,51.47346],[-0.35833,51.47455],[-0.35951,51.47547],[-0.35711,51.47346]],[[-0.35343,51.47613],[-0.3502,51.47611],[-0.34594,51.47592],[-0.34961,51.47612],[-0.35343,51.47613]],[[-0.34138,51.47248],[-0.33821,51.4741],[-0.33415,51.47643],[-0.34138,51.47248]],[[-0.32199,51.47436],[-0.3203,51.47658],[-0.32216,51.47418],[-0.32199,51.47436]],[[-0.33011,51.4708],[-0.32787,51.47079],[-0.32845,51.47089],[-0.33011,51.4708]],[[-0.33567,51.47225],[-0.33762,51.4733],[-0.33616,51.47238],[-0.33567,51.47225]],[[-0.35433,51.47299],[-0.35449,51.47298],[-0.35527,51.47275],[-0.35433,51.47299]],[[-0.3317,51.47782],[-0.32984,51.47889],[-0.33365,51.47671],[-0.3317,51.47782]],[[-0.3452,51.47726],[-0.34556,51.47729],[-0.3452,51.47726],[-0.3452,51.47726]],[[-0.35108,51.48041],[-0.34979,51.48059],[-0.34941,51.48069],[-0.35108,51.48041]],[[-0.34784,51.48157],[-0.34754,51.48111],[-0.34881,51.48387],[-0.34784,51.48157]],[[-0.30388,51.49131],[-0.30368,51.49066],[-0.30388,51.49131],[-0.30388,51.49131]],[[-0.30308,51.49009],[-0.30231,51.48956],[-0.30368,51.49066],[-0.30308,51.49009]],[[-0.30062,51.48784],[-0.29993,51.48648],[-0.29967,51.48615],[-0.30062,51.48784]],[[-0.30894,51.48996],[-0.30804,51.48826],[-0.30804,51.48827],[-0.30894,51.48996]],[[-0.30832,51.48308],[-0.30637,51.48347],[-0.308,51.4832],[-0.30832,51.48308]],[[-0.30378,51.48407],[-0.30435,51.48465],[-0.3048,51.48512],[-0.30378,51.48407]],[[-0.28099,51.49094],[-0.27677,51.48926],[-0.276,51.48905],[-0.28099,51.49094]],[[-0.27484,51.48873],[-0.27364,51.4884],[-0.27404,51.48855],[-0.27484,51.48873]],[[-0.26968,51.48796],[-0.26813,51.48768],[-0.26763,51.48768],[-0.26968,51.48796]],[[-0.25862,51.4876],[-0.2588,51.4876],[-0.25314,51.48697],[-0.25862,51.4876]],[[-0.27239,51.48204],[-0.27427,51.48306],[-0.27504,51.48327],[-0.27239,51.48204]],[[-0.27034,51.48117],[-0.27034,51.48165],[-0.27043,51.48164],[-0.27034,51.48117]],[[-0.25757,51.48257],[-0.26016,51.47998],[-0.25776,51.48234],[-0.25592,51.48377],[-0.25757,51.48257]],[[-0.30061,51.49133],[-0.2993,51.49149],[-0.30282,51.49135],[-0.30061,51.49133]],[[-0.29755,51.49028],[-0.29602,51.4905],[-0.29812,51.49027],[-0.29755,51.49028]],[[-0.2928,51.4886],[-0.29362,51.48837],[-0.29459,51.48775],[-0.29332,51.48846],[-0.2928,51.4886]],[[-0.25065,51.49326],[-0.25013,51.49328],[-0.25198,51.49321],[-0.25065,51.49326]],[[-0.27076,51.49193],[-0.26791,51.4917],[-0.26799,51.49175],[-0.27076,51.49193]],[[-0.26318,51.49103],[-0.26318,51.49103],[-0.26418,51.49087],[-0.26318,51.49103]],[[-0.2556,51.49128],[-0.25617,51.49264],[-0.25574,51.4915],[-0.2556,51.49128]],[[-0.29814,51.49154],[-0.29858,51.49152],[-0.29367,51.49143],[-0.29814,51.49154]]],[[[-0.32681,51.46132],[-0.32682,51.46132],[-0.32681,51.46135],[-0.32681,51.46132]]],[[[-0.32647,51.46192],[-0.32595,51.46264],[-0.326,51.46255],[-0.32647,51.46192]]],[[[-0.3213,51.46687],[-0.32122,51.46956],[-0.32047,51.47047],[-0.31978,51.47068],[-0.32091,51.46598],[-0.3213,51.46687]]],[[[-0.29857,51.48411],[-0.29904,51.48467],[-0.29865,51.48452],[-0.29811,51.48485],[-0.29844,51.48504],[-0.29767,51.48522],[-0.29857,51.48411]]],[[[-0.29789,51.48523],[-0.29775,51.48528],[-0.29767,51.48522],[-0.29789,51.48523]]],[[[-0.24624,51.48759],[-0.24448,51.48827],[-0.24757,51.48654],[-0.24624,51.48759]]]]}},{"type":"Feature","properties":{"n":"Islington"},"geometry":{"type":"Polygon","coordinates":[[[-0.12494,51.54078],[-0.1259,51.54293],[-0.12699,51.54729],[-0.12944,51.54906],[-0.13069,51.55066],[-0.13098,51.55149],[-0.13309,51.55275],[-0.13603,51.5549],[-0.13734,51.55558],[-0.14101,51.56043],[-0.14077,51.56476],[-0.1411,51.56536],[-0.14159,51.56751],[-0.14239,51.56912],[-0.1404,51.56951],[-0.13337,51.57289],[-0.13097,51.57363],[-0.12719,51.57413],[-0.12508,51.57408],[-0.12256,51.57493],[-0.11956,51.57553],[-0.11898,51.5747],[-0.11946,51.57443],[-0.11756,51.57418],[-0.11565,51.57255],[-0.11607,51.57218],[-0.11538,51.57189],[-0.11563,51.57166],[-0.11517,51.57147],[-0.11506,51.57064],[-0.11068,51.56861],[-0.10488,51.56467],[-0.10448,51.56471],[-0.09856,51.56084],[-0.09583,51.5612],[-0.09168,51.56022],[-0.09054,51.55814],[-0.09038,51.55415],[-0.08928,51.55377],[-0.08868,51.55388],[-0.08763,51.55287],[-0.0854,51.55215],[-0.08002,51.55184],[-0.07902,51.55134],[-0.07661,51.54792],[-0.07635,51.54666],[-0.07681,51.54608],[-0.08381,51.54658],[-0.08362,51.54515],[-0.08655,51.5374],[-0.09387,51.53408],[-0.09701,51.53298],[-0.09783,51.53387],[-0.09507,51.52999],[-0.09538,51.5292],[-0.089,51.52754],[-0.08756,51.52602],[-0.08677,51.52579],[-0.08499,51.5262],[-0.08473,51.52544],[-0.08542,51.52451],[-0.08511,51.52393],[-0.0842,51.5239],[-0.08449,51.5221],[-0.08519,51.52034],[-0.08616,51.51874],[-0.08992,51.51998],[-0.08967,51.52069],[-0.09237,51.521],[-0.0925,51.52143],[-0.09431,51.52146],[-0.09507,51.52305],[-0.09644,51.52282],[-0.09676,51.52325],[-0.09769,51.52292],[-0.09727,51.52158],[-0.09762,51.52069],[-0.10532,51.51855],[-0.10594,51.52046],[-0.10702,51.52216],[-0.10824,51.52209],[-0.10893,51.52299],[-0.11221,51.52365],[-0.11348,51.52443],[-0.11418,51.52546],[-0.11291,51.52641],[-0.11531,51.52763],[-0.11591,51.52976],[-0.11613,51.52992],[-0.11982,51.53093],[-0.12253,51.53073],[-0.12239,51.53695],[-0.12332,51.53885],[-0.12494,51.54078]],[[-0.12133,51.54649],[-0.12038,51.54662],[-0.12639,51.54504],[-0.12133,51.54649]],[[-0.1286,51.54928],[-0.1237,51.55347],[-0.12902,51.54892],[-0.1286,51.54928]],[[-0.12091,51.55679],[-0.12215,51.55535],[-0.1237,51.55347],[-0.12091,51.55679]],[[-0.12706,51.57375],[-0.12695,51.57343],[-0.12719,51.57413],[-0.12706,51.57375]],[[-0.09861,51.55972],[-0.09854,51.55826],[-0.09856,51.56084],[-0.09861,51.55972]],[[-0.09799,51.55672],[-0.09796,51.55695],[-0.09854,51.55826],[-0.09799,51.55672]],[[-0.08076,51.54805],[-0.0825,51.54678],[-0.08275,51.54655],[-0.08076,51.54805]],[[-0.11896,51.57041],[-0.11791,51.57094],[-0.11897,51.57041],[-0.11896,51.57041]],[[-0.10953,51.55681],[-0.10971,51.55646],[-0.10886,51.55773],[-0.10953,51.55681]],[[-0.11102,51.5551],[-0.11061,51.55427],[-0.11128,51.55565],[-0.11102,51.5551]],[[-0.11018,51.55369],[-0.10789,51.55335],[-0.10731,51.5535],[-0.11018,51.55369]],[[-0.11215,51.55254],[-0.11127,51.55181],[-0.1088,51.54999],[-0.10949,51.55055],[-0.11215,51.55254]],[[-0.10984,51.54812],[-0.10817,51.5458],[-0.11081,51.54964],[-0.10984,51.54812]],[[-0.11121,51.54757],[-0.11304,51.54679],[-0.10984,51.54812],[-0.11121,51.54757]],[[-0.11471,51.54822],[-0.11294,51.54669],[-0.11304,51.54679],[-0.11471,51.54822]],[[-0.1141,51.54852],[-0.11714,51.54704],[-0.11471,51.54822],[-0.1141,51.54852]],[[-0.10835,51.54511],[-0.11364,51.54378],[-0.10786,51.54523],[-0.10835,51.54511]],[[-0.10714,51.54376],[-0.10774,51.54502],[-0.10786,51.54523],[-0.10714,51.54376]],[[-0.11338,51.54247],[-0.11294,51.54241],[-0.11338,51.54247],[-0.11338,51.54247]],[[-0.11003,51.54221],[-0.11003,51.54221],[-0.11292,51.54191],[-0.11003,51.54221]],[[-0.11109,51.53591],[-0.11048,51.5357],[-0.11109,51.53592],[-0.11109,51.53591]],[[-0.10949,51.53178],[-0.10627,51.5319],[-0.10912,51.53181],[-0.10949,51.53178]],[[-0.10582,51.53066],[-0.10626,51.53196],[-0.10627,51.5319],[-0.10582,51.53066]],[[-0.11003,51.53045],[-0.11131,51.53049],[-0.10999,51.5304],[-0.10946,51.53067],[-0.11003,51.53045]],[[-0.11131,51.52804],[-0.11006,51.52849],[-0.10956,51.52879],[-0.11131,51.52804]],[[-0.11785,51.5455],[-0.11764,51.54425],[-0.11754,51.54388],[-0.11785,51.5455]],[[-0.11711,51.5387],[-0.11749,51.53933],[-0.11684,51.53808],[-0.11711,51.5387]],[[-0.11542,51.57043],[-0.11716,51.56952],[-0.1166,51.5698],[-0.11542,51.57043]],[[-0.12125,51.56701],[-0.12045,51.56598],[-0.12147,51.56732],[-0.12125,51.56701]],[[-0.1218,51.56315],[-0.12271,51.56391],[-0.12292,51.56408],[-0.1218,51.56315]],[[-0.11851,51.56326],[-0.11831,51.56333],[-0.12403,51.56104],[-0.11851,51.56326]],[[-0.12403,51.56104],[-0.12567,51.56217],[-0.12336,51.5605],[-0.12403,51.56104]],[[-0.11753,51.56129],[-0.11673,51.56181],[-0.11721,51.56165],[-0.11807,51.56229],[-0.11712,51.56157],[-0.11753,51.56129]],[[-0.12108,51.5589],[-0.12214,51.55961],[-0.12197,51.55949],[-0.12108,51.5589]],[[-0.12221,51.54963],[-0.12342,51.55067],[-0.12221,51.54963],[-0.12221,51.54963]],[[-0.12249,51.54878],[-0.12295,51.54934],[-0.12244,51.54954],[-0.12302,51.54944],[-0.12249,51.54878]],[[-0.13687,51.56039],[-0.13687,51.56008],[-0.13582,51.56225],[-0.13687,51.56039]],[[-0.12796,51.55517],[-0.12923,51.55493],[-0.13026,51.5545],[-0.12796,51.55517]],[[-0.12485,51.55804],[-0.12822,51.55775],[-0.12546,51.55798],[-0.12485,51.55804]],[[-0.13161,51.5678],[-0.13231,51.56721],[-0.13316,51.56651],[-0.13161,51.5678]],[[-0.12899,51.56627],[-0.13123,51.56763],[-0.13173,51.56807],[-0.13161,51.5678],[-0.12899,51.56627]],[[-0.12915,51.56385],[-0.12679,51.56573],[-0.12736,51.5653],[-0.12915,51.56385]],[[-0.12313,51.56827],[-0.12441,51.56752],[-0.12304,51.5682],[-0.12393,51.56973],[-0.12313,51.56827]],[[-0.12681,51.56273],[-0.12658,51.56291],[-0.12681,51.56273],[-0.12681,51.56273]],[[-0.13621,51.56247],[-0.13675,51.56298],[-0.13653,51.5626],[-0.13621,51.56247]],[[-0.13339,51.57065],[-0.13339,51.57065],[-0.12994,51.57169],[-0.13339,51.57065]],[[-0.12899,51.57102],[-0.12941,51.57146],[-0.12994,51.57169],[-0.12899,51.57102]],[[-0.1286,51.56938],[-0.12912,51.56976],[-0.12912,51.56976],[-0.1286,51.56938]],[[-0.12577,51.5697],[-0.12712,51.57041],[-0.12597,51.56971],[-0.12577,51.5697]],[[-0.11377,51.53796],[-0.11377,51.53796],[-0.1152,51.53844],[-0.11377,51.53796]],[[-0.11229,51.546],[-0.11267,51.54554],[-0.11229,51.546],[-0.11229,51.546]],[[-0.11771,51.54136],[-0.1155,51.54196],[-0.11669,51.54165],[-0.11771,51.54136]],[[-0.11559,51.55679],[-0.11692,51.55612],[-0.11122,51.55842],[-0.11559,51.55679]],[[-0.11693,51.55612],[-0.1169,51.55611],[-0.11692,51.55612],[-0.11693,51.55612]],[[-0.11483,51.55199],[-0.11307,51.55323],[-0.11615,51.55113],[-0.11483,51.55199]],[[-0.11582,51.56496],[-0.11768,51.56387],[-0.11625,51.5647],[-0.11582,51.56496]],[[-0.11449,51.56554],[-0.11551,51.56506],[-0.1149,51.56533],[-0.11449,51.56554]],[[-0.11454,51.56508],[-0.11454,51.56508],[-0.1149,51.56533],[-0.11454,51.56508]],[[-0.11884,51.56715],[-0.11838,51.56722],[-0.11849,51.56732],[-0.11884,51.56715]],[[-0.1026,51.52362],[-0.10175,51.52169],[-0.1025,51.52349],[-0.1026,51.52362]],[[-0.10355,51.56166],[-0.10355,51.56167],[-0.10435,51.56145],[-0.10355,51.56166]],[[-0.0984,51.55322],[-0.09813,51.55421],[-0.09845,51.55323],[-0.0984,51.55322]],[[-0.10154,51.55265],[-0.09921,51.55243],[-0.10426,51.55304],[-0.10154,51.55265]],[[-0.10232,51.55043],[-0.10232,51.55043],[-0.10154,51.55265],[-0.10232,51.55043]],[[-0.09855,51.54682],[-0.09823,51.54806],[-0.09844,51.5473],[-0.09855,51.54682]],[[-0.0959,51.54065],[-0.09854,51.539],[-0.09426,51.54147],[-0.09583,51.54062],[-0.0983,51.54182],[-0.0959,51.54065]],[[-0.10039,51.53744],[-0.10024,51.53757],[-0.10046,51.5374],[-0.10039,51.53744]],[[-0.09822,51.53674],[-0.09822,51.53674],[-0.09919,51.53582],[-0.09822,51.53674]],[[-0.09937,51.53507],[-0.09875,51.53477],[-0.09814,51.53533],[-0.09879,51.53481],[-0.09937,51.53507]],[[-0.09842,51.53486],[-0.09663,51.53571],[-0.09875,51.53477],[-0.09842,51.53486]],[[-0.099,51.53156],[-0.09857,51.53151],[-0.09857,51.53151],[-0.099,51.53156]],[[-0.10626,51.53198],[-0.09751,51.52975],[-0.09674,51.52955],[-0.09897,51.53012],[-0.10626,51.53198]],[[-0.09963,51.52776],[-0.09846,51.52798],[-0.10059,51.52761],[-0.09963,51.52776]],[[-0.10102,51.52851],[-0.10011,51.52653],[-0.10059,51.52761],[-0.10102,51.52851]],[[-0.09634,51.52568],[-0.09646,51.5261],[-0.09683,51.52709],[-0.09634,51.52568]],[[-0.10683,51.53888],[-0.10684,51.53879],[-0.10613,51.54093],[-0.10683,51.53888]],[[-0.10088,51.53911],[-0.101,51.53889],[-0.10039,51.53962],[-0.10088,51.53911]],[[-0.10721,51.52796],[-0.10684,51.52838],[-0.10724,51.52793],[-0.10721,51.52796]],[[-0.10389,51.52633],[-0.10453,51.5245],[-0.10413,51.52552],[-0.10389,51.52633]],[[-0.10286,51.52455],[-0.10349,51.52587],[-0.10471,51.52778],[-0.10389,51.52633],[-0.10286,51.52455]],[[-0.10618,51.52589],[-0.10734,51.52579],[-0.10562,51.52575],[-0.10618,51.52589]],[[-0.1025,51.53316],[-0.10296,51.53323],[-0.10052,51.53289],[-0.1025,51.53316]],[[-0.10378,51.53557],[-0.10251,51.53609],[-0.10178,51.53656],[-0.10378,51.53557]],[[-0.1056,51.55222],[-0.10554,51.55228],[-0.10744,51.55176],[-0.1056,51.55222]],[[-0.11018,51.5425],[-0.10952,51.54244],[-0.10959,51.54257],[-0.11018,51.5425]],[[-0.10665,51.54272],[-0.10664,51.54271],[-0.10665,51.54272],[-0.10665,51.54272]],[[-0.1063,51.55753],[-0.10489,51.55291],[-0.10548,51.55501],[-0.1063,51.55753]],[[-0.10771,51.55757],[-0.10789,51.55751],[-0.1063,51.55753],[-0.10771,51.55757]],[[-0.10125,51.55695],[-0.10269,51.55652],[-0.10041,51.55716],[-0.10125,51.55695]],[[-0.09075,51.52528],[-0.09035,51.52424],[-0.09094,51.52601],[-0.09075,51.52528]],[[-0.09283,51.52655],[-0.09283,51.52655],[-0.09328,51.52756],[-0.09283,51.52655]],[[-0.09263,51.54551],[-0.09093,51.54486],[-0.09175,51.54528],[-0.09263,51.54551]],[[-0.08997,51.54395],[-0.08969,51.54437],[-0.09004,51.54389],[-0.08966,51.54354],[-0.08997,51.54395]],[[-0.08882,51.53787],[-0.08939,51.53825],[-0.09425,51.54147],[-0.08882,51.53787]],[[-0.09367,51.5382],[-0.09332,51.53912],[-0.09363,51.53852],[-0.09367,51.5382]],[[-0.08555,51.54153],[-0.08843,51.54219],[-0.09118,51.54281],[-0.09003,51.54251],[-0.08555,51.54153]],[[-0.0897,51.54939],[-0.09142,51.54931],[-0.09461,51.54891],[-0.0897,51.54939]],[[-0.09022,51.55014],[-0.09186,51.55039],[-0.09108,51.55024],[-0.09022,51.55014]],[[-0.08975,51.55077],[-0.08974,51.55092],[-0.09022,51.55014],[-0.08975,51.55077]],[[-0.08743,51.54878],[-0.08671,51.55002],[-0.08719,51.54929],[-0.08743,51.54878]],[[-0.08789,51.5481],[-0.08853,51.54818],[-0.09047,51.5479],[-0.08789,51.5481]],[[-0.09048,51.54698],[-0.09212,51.54713],[-0.09538,51.54726],[-0.09048,51.54698]],[[-0.09292,51.55381],[-0.09291,51.55339],[-0.09266,51.55188],[-0.09292,51.55381]],[[-0.09811,51.55802],[-0.09778,51.55814],[-0.0974,51.55851],[-0.09811,51.55802]]]}},{"type":"Feature","properties":{"n":"Kensington and Chelsea"},"geometry":{"type":"Polygon","coordinates":[[[-0.2099,51.49778],[-0.21407,51.50068],[-0.21702,51.5045],[-0.21789,51.5061],[-0.21592,51.50639],[-0.21613,51.50747],[-0.21518,51.50765],[-0.2156,51.50867],[-0.21578,51.50912],[-0.21686,51.50947],[-0.2172,51.51039],[-0.21803,51.51023],[-0.21786,51.50976],[-0.21919,51.50959],[-0.22235,51.51521],[-0.22468,51.51792],[-0.22828,51.5211],[-0.22671,51.52198],[-0.2266,51.5248],[-0.22531,51.52486],[-0.22718,51.52485],[-0.22743,51.52805],[-0.22862,51.53006],[-0.22848,51.53035],[-0.22776,51.53017],[-0.22767,51.52993],[-0.22542,51.53017],[-0.22364,51.52995],[-0.21601,51.52793],[-0.21549,51.52674],[-0.21233,51.52687],[-0.20729,51.52627],[-0.20582,51.52572],[-0.20422,51.52379],[-0.20357,51.52337],[-0.20156,51.52275],[-0.20149,51.52215],[-0.20057,51.52065],[-0.20104,51.5208],[-0.20365,51.52059],[-0.20146,51.5178],[-0.20075,51.51797],[-0.19991,51.51684],[-0.19919,51.51455],[-0.19505,51.51503],[-0.19404,51.51176],[-0.19308,51.51179],[-0.19212,51.50987],[-0.18791,51.51018],[-0.18424,51.5018],[-0.18031,51.50146],[-0.17954,51.49778],[-0.17409,51.49818],[-0.16877,51.49899],[-0.16809,51.49893],[-0.16775,51.4984],[-0.16578,51.49924],[-0.16556,51.49884],[-0.16292,51.50008],[-0.16121,51.50147],[-0.15847,51.50225],[-0.15848,51.50152],[-0.15785,51.49902],[-0.15602,51.49751],[-0.15568,51.49577],[-0.1553,51.49506],[-0.15613,51.49472],[-0.15581,51.49474],[-0.15599,51.4945],[-0.155,51.49386],[-0.15597,51.4932],[-0.15479,51.49196],[-0.15578,51.49146],[-0.15518,51.49005],[-0.15585,51.4896],[-0.15005,51.48584],[-0.14944,51.48579],[-0.14922,51.48552],[-0.15853,51.48443],[-0.15607,51.48466],[-0.17576,51.48162],[-0.17768,51.48035],[-0.17751,51.4801],[-0.17926,51.47799],[-0.18082,51.47792],[-0.18251,51.4774],[-0.18345,51.47742],[-0.18458,51.47805],[-0.18653,51.47987],[-0.18826,51.48096],[-0.19393,51.48608],[-0.19596,51.48737],[-0.19022,51.48949],[-0.19643,51.48721],[-0.19869,51.48848],[-0.20238,51.49169],[-0.2019,51.49192],[-0.20398,51.49406],[-0.20499,51.49484],[-0.20736,51.49615],[-0.20488,51.49702],[-0.20798,51.49602],[-0.2099,51.49778]],[[-0.20962,51.50609],[-0.20341,51.50777],[-0.21063,51.50587],[-0.21702,51.5045],[-0.20962,51.50609]],[[-0.21272,51.50925],[-0.2148,51.50885],[-0.2156,51.50867],[-0.21272,51.50925]],[[-0.21775,51.51342],[-0.21795,51.51335],[-0.22025,51.51173],[-0.21775,51.51342]],[[-0.1694,51.48622],[-0.17011,51.48696],[-0.16717,51.48307],[-0.1694,51.48622]],[[-0.17011,51.48696],[-0.16616,51.48854],[-0.17306,51.4858],[-0.17382,51.48544],[-0.17011,51.48696]],[[-0.19117,51.49081],[-0.19171,51.49129],[-0.19022,51.48949],[-0.19117,51.49081]],[[-0.19068,51.49096],[-0.18855,51.49164],[-0.19117,51.49081],[-0.19068,51.49096]],[[-0.20847,51.52329],[-0.2083,51.52245],[-0.20849,51.5241],[-0.20847,51.52329]],[[-0.19434,51.50609],[-0.19425,51.50584],[-0.19443,51.50651],[-0.19434,51.50609]],[[-0.19394,51.50074],[-0.19346,51.50091],[-0.19015,51.50216],[-0.19267,51.50123],[-0.19394,51.50074]],[[-0.19179,51.49897],[-0.19074,51.49924],[-0.19229,51.4989],[-0.19179,51.49897]],[[-0.19132,51.49842],[-0.19108,51.49814],[-0.19179,51.49897],[-0.19132,51.49842]],[[-0.19545,51.49551],[-0.1934,51.49583],[-0.19373,51.49581],[-0.19545,51.49551]],[[-0.1931,51.49474],[-0.19315,51.49538],[-0.1934,51.49583],[-0.1931,51.49474]],[[-0.19323,51.49473],[-0.19245,51.49474],[-0.1931,51.49474],[-0.19323,51.49473]],[[-0.19427,51.49156],[-0.19283,51.49197],[-0.1939,51.49177],[-0.19427,51.49156]],[[-0.20925,51.5024],[-0.21103,51.50455],[-0.21078,51.50423],[-0.20925,51.5024]],[[-0.20814,51.50063],[-0.20814,51.50063],[-0.20925,51.5024],[-0.20814,51.50063]],[[-0.21187,51.52063],[-0.21006,51.51755],[-0.21414,51.52454],[-0.21187,51.52063]],[[-0.20514,51.51654],[-0.20532,51.51686],[-0.20518,51.51586],[-0.20514,51.51654]],[[-0.20676,51.51295],[-0.20655,51.51267],[-0.20833,51.51513],[-0.20676,51.51295]],[[-0.20307,51.50787],[-0.20432,51.50966],[-0.20626,51.51227],[-0.20407,51.5093],[-0.20307,51.50787]],[[-0.21694,51.51498],[-0.21532,51.51479],[-0.21406,51.51478],[-0.21694,51.51498]],[[-0.21241,51.5126],[-0.2124,51.51221],[-0.2121,51.51114],[-0.21241,51.5126]],[[-0.21142,51.51311],[-0.21149,51.51225],[-0.21127,51.51333],[-0.21142,51.51311]],[[-0.21183,51.51367],[-0.21156,51.51329],[-0.21218,51.51336],[-0.21142,51.51311],[-0.21183,51.51367]],[[-0.21188,51.5072],[-0.21205,51.50702],[-0.21144,51.50729],[-0.21188,51.5072]],[[-0.21502,51.51357],[-0.21579,51.51343],[-0.21502,51.51357],[-0.21502,51.51357]],[[-0.21636,51.51588],[-0.21636,51.51628],[-0.21778,51.51735],[-0.21641,51.51632],[-0.21636,51.51588]],[[-0.21884,51.51921],[-0.22144,51.51961],[-0.22147,51.51962],[-0.21884,51.51921]],[[-0.2179,51.51904],[-0.21864,51.52028],[-0.21788,51.51869],[-0.2179,51.51904]],[[-0.22262,51.52323],[-0.22248,51.52299],[-0.22218,51.52253],[-0.22262,51.52323]],[[-0.20212,51.50466],[-0.20173,51.50392],[-0.19956,51.50054],[-0.2008,51.50251],[-0.20212,51.50466]],[[-0.19644,51.50275],[-0.19439,51.50058],[-0.19439,51.50058],[-0.19644,51.50275]],[[-0.19938,51.49314],[-0.2004,51.49277],[-0.20135,51.49219],[-0.19938,51.49314]],[[-0.19545,51.49454],[-0.19696,51.49401],[-0.19758,51.49379],[-0.19545,51.49454]],[[-0.1965,51.49573],[-0.1971,51.49568],[-0.19813,51.49534],[-0.1965,51.49573]],[[-0.19774,51.49258],[-0.1983,51.49245],[-0.19774,51.49258],[-0.19774,51.49258]],[[-0.19806,51.49293],[-0.19759,51.49309],[-0.19759,51.4931],[-0.19806,51.49293]],[[-0.20316,51.49763],[-0.19607,51.49998],[-0.1947,51.50047],[-0.20121,51.49835],[-0.20316,51.49763]],[[-0.19524,51.49862],[-0.19467,51.49772],[-0.19607,51.49998],[-0.19524,51.49862]],[[-0.19283,51.49839],[-0.19337,51.49829],[-0.19467,51.49772],[-0.19283,51.49839]],[[-0.19763,51.50885],[-0.20056,51.50858],[-0.19776,51.50882],[-0.19763,51.50885]],[[-0.19728,51.50971],[-0.19743,51.51052],[-0.1976,51.5111],[-0.19728,51.50971]],[[-0.20183,51.51652],[-0.20211,51.51649],[-0.20395,51.5161],[-0.20183,51.51652]],[[-0.20735,51.52261],[-0.20558,51.52174],[-0.20633,51.52212],[-0.20735,51.52261]],[[-0.18505,51.50191],[-0.185,51.50123],[-0.18505,51.50191],[-0.18505,51.50191]],[[-0.17892,51.48984],[-0.18008,51.49128],[-0.18082,51.49208],[-0.17892,51.48984]],[[-0.17571,51.48933],[-0.18641,51.48272],[-0.17956,51.48682],[-0.17571,51.48933]],[[-0.18046,51.48223],[-0.1813,51.48305],[-0.1813,51.48305],[-0.18046,51.48223]],[[-0.17947,51.48233],[-0.17967,51.48251],[-0.17947,51.48233],[-0.17947,51.48233]],[[-0.18036,51.48196],[-0.17983,51.48218],[-0.18418,51.48089],[-0.18036,51.48196]],[[-0.18004,51.48026],[-0.18098,51.48108],[-0.18046,51.48122],[-0.18105,51.48113],[-0.18004,51.48026]],[[-0.18794,51.49318],[-0.18663,51.49131],[-0.18602,51.49066],[-0.18729,51.49228],[-0.18794,51.49318]],[[-0.18366,51.49081],[-0.18306,51.49072],[-0.18195,51.49092],[-0.18366,51.49081]],[[-0.18209,51.48965],[-0.18103,51.48854],[-0.18306,51.49072],[-0.18209,51.48965]],[[-0.18822,51.48858],[-0.18936,51.48813],[-0.18907,51.48819],[-0.18822,51.48858]],[[-0.18391,51.49499],[-0.18844,51.4948],[-0.18594,51.49484],[-0.18391,51.49499]],[[-0.18183,51.49166],[-0.18214,51.49187],[-0.18183,51.49166],[-0.18183,51.49166]],[[-0.18977,51.49296],[-0.18977,51.49296],[-0.19107,51.49416],[-0.18977,51.49296]],[[-0.19041,51.49263],[-0.19058,51.49295],[-0.19027,51.49214],[-0.19041,51.49263]],[[-0.18802,51.49661],[-0.18902,51.4963],[-0.18862,51.49635],[-0.18802,51.49661]],[[-0.18478,51.49729],[-0.1849,51.4973],[-0.18442,51.49705],[-0.18478,51.49729]],[[-0.18415,51.49956],[-0.18368,51.49957],[-0.18485,51.49956],[-0.18415,51.49956]],[[-0.17369,51.4906],[-0.17288,51.48996],[-0.17369,51.4906],[-0.17369,51.4906]],[[-0.17599,51.48379],[-0.17694,51.48347],[-0.17706,51.48334],[-0.17599,51.48379]],[[-0.17394,51.48504],[-0.17416,51.48528],[-0.17416,51.48528],[-0.17394,51.48504]],[[-0.17344,51.48215],[-0.17123,51.48264],[-0.17157,51.48257],[-0.17344,51.48215]],[[-0.1609,51.49102],[-0.16407,51.48946],[-0.15839,51.49223],[-0.1609,51.49102]],[[-0.16077,51.49046],[-0.15957,51.48967],[-0.15862,51.48922],[-0.16077,51.49046]],[[-0.16315,51.48606],[-0.164,51.48554],[-0.16491,51.48592],[-0.16395,51.48543],[-0.16315,51.48606]],[[-0.17218,51.49324],[-0.17166,51.49246],[-0.17128,51.4921],[-0.17218,51.49324]],[[-0.16933,51.49326],[-0.16933,51.49326],[-0.16962,51.49359],[-0.16933,51.49326]],[[-0.16922,51.49334],[-0.16897,51.49354],[-0.16831,51.49367],[-0.16894,51.49362],[-0.16922,51.49334]],[[-0.16415,51.49655],[-0.16591,51.49545],[-0.16831,51.49367],[-0.16415,51.49655]],[[-0.16342,51.49627],[-0.16541,51.49735],[-0.16415,51.49655],[-0.16342,51.49627]],[[-0.16863,51.49297],[-0.16814,51.49355],[-0.16838,51.49331],[-0.16863,51.49297]],[[-0.16975,51.49034],[-0.17009,51.49025],[-0.168,51.49047],[-0.16975,51.49034]],[[-0.16676,51.49056],[-0.16714,51.49053],[-0.16576,51.4904],[-0.16676,51.49056]],[[-0.1662,51.49139],[-0.1662,51.49139],[-0.16676,51.49056],[-0.1662,51.49139]],[[-0.1675,51.49237],[-0.16741,51.49233],[-0.16735,51.4924],[-0.1675,51.49237]],[[-0.16107,51.49494],[-0.16184,51.49489],[-0.16183,51.49487],[-0.16107,51.49494]],[[-0.1739,51.49711],[-0.1739,51.49711],[-0.17616,51.49683],[-0.1739,51.49711]]]}},{"type":"Feature","properties":{"n":"Kingston upon Thames"},"geometry":{"type":"Polygon","coordinates":[[[-0.30619,51.33508],[-0.30761,51.33461],[-0.31093,51.33239],[-0.31312,51.33171],[-0.31896,51.32796],[-0.32401,51.32669],[-0.3273,51.32668],[-0.32757,51.32632],[-0.32829,51.32646],[-0.33012,51.32752],[-0.33066,51.32901],[-0.32909,51.33026],[-0.32961,51.33385],[-0.32889,51.34078],[-0.32769,51.34402],[-0.32815,51.34404],[-0.33051,51.34842],[-0.32792,51.35218],[-0.32373,51.35441],[-0.32024,51.3591],[-0.31827,51.36368],[-0.3184,51.36503],[-0.3179,51.3698],[-0.31748,51.37197],[-0.31667,51.37317],[-0.31432,51.37464],[-0.30867,51.37545],[-0.30783,51.37771],[-0.30787,51.37836],[-0.30737,51.37838],[-0.30849,51.3805],[-0.30925,51.38045],[-0.30981,51.38283],[-0.30853,51.38226],[-0.30989,51.38289],[-0.31064,51.38482],[-0.31176,51.38579],[-0.31085,51.38619],[-0.31313,51.38879],[-0.31597,51.38765],[-0.31679,51.38862],[-0.31411,51.39022],[-0.31663,51.39283],[-0.3177,51.39367],[-0.31296,51.39711],[-0.31219,51.39802],[-0.30923,51.40063],[-0.30869,51.40296],[-0.30907,51.40926],[-0.30842,51.41467],[-0.30683,51.41844],[-0.30663,51.4199],[-0.30601,51.42123],[-0.30624,51.42218],[-0.30798,51.42463],[-0.30975,51.42602],[-0.31445,51.42826],[-0.31294,51.43018],[-0.31064,51.43223],[-0.30974,51.43215],[-0.30808,51.43109],[-0.30853,51.43082],[-0.30641,51.43015],[-0.30638,51.43112],[-0.30581,51.43136],[-0.30178,51.43043],[-0.30146,51.43055],[-0.30205,51.43115],[-0.3016,51.43143],[-0.29762,51.42873],[-0.29544,51.42764],[-0.2953,51.42698],[-0.29475,51.42695],[-0.29505,51.42546],[-0.29485,51.42639],[-0.29342,51.42647],[-0.29295,51.42896],[-0.29068,51.42899],[-0.2866,51.42017],[-0.28076,51.42177],[-0.2709,51.42948],[-0.26631,51.432],[-0.25626,51.43632],[-0.2562,51.43661],[-0.25401,51.43724],[-0.25305,51.4353],[-0.25123,51.43417],[-0.25106,51.43256],[-0.25333,51.43092],[-0.25417,51.42981],[-0.25333,51.42774],[-0.25231,51.42595],[-0.25294,51.42333],[-0.25121,51.42247],[-0.24953,51.41814],[-0.24984,51.41691],[-0.24947,51.41487],[-0.2471,51.40953],[-0.24754,51.40905],[-0.24734,51.40833],[-0.24695,51.40784],[-0.24548,51.40735],[-0.24546,51.40655],[-0.24463,51.40386],[-0.24519,51.40187],[-0.24683,51.40055],[-0.2467,51.39921],[-0.24747,51.39765],[-0.24472,51.39479],[-0.2418,51.39397],[-0.23967,51.3893],[-0.23881,51.38608],[-0.24104,51.38487],[-0.24294,51.38294],[-0.24415,51.38349],[-0.24503,51.38003],[-0.24795,51.38016],[-0.25126,51.37915],[-0.25375,51.37878],[-0.25892,51.37908],[-0.26115,51.3796],[-0.26247,51.37725],[-0.26481,51.37556],[-0.26847,51.37383],[-0.27255,51.37226],[-0.27359,51.37153],[-0.27402,51.37066],[-0.27583,51.37001],[-0.27641,51.36892],[-0.27982,51.36782],[-0.28202,51.36611],[-0.28408,51.36514],[-0.2857,51.36405],[-0.28702,51.36267],[-0.28828,51.36208],[-0.28508,51.36121],[-0.28697,51.35937],[-0.28897,51.35871],[-0.29108,51.35656],[-0.29144,51.35476],[-0.29266,51.35361],[-0.29277,51.35265],[-0.29851,51.34878],[-0.30008,51.34749],[-0.30158,51.34504],[-0.30404,51.343],[-0.30542,51.33948],[-0.30493,51.33675],[-0.30619,51.33508]],[[-0.31583,51.36357],[-0.31005,51.36331],[-0.31827,51.36368],[-0.31583,51.36357]],[[-0.30068,51.41278],[-0.2994,51.41279],[-0.30848,51.41351],[-0.30068,51.41278]],[[-0.29584,51.42392],[-0.29667,51.42219],[-0.29505,51.42546],[-0.29584,51.42392]],[[-0.29876,51.42145],[-0.29451,51.42292],[-0.29667,51.42219],[-0.29876,51.42145]],[[-0.2549,51.39875],[-0.2564,51.3986],[-0.2467,51.39921],[-0.2549,51.39875]],[[-0.2584,51.39905],[-0.26034,51.39945],[-0.2564,51.3986],[-0.2584,51.39905]],[[-0.28566,51.41888],[-0.28421,51.41592],[-0.28612,51.41979],[-0.28566,51.41888]],[[-0.28877,51.41841],[-0.28852,51.4168],[-0.2884,51.41646],[-0.28877,51.41841]],[[-0.28951,51.41687],[-0.28886,51.41673],[-0.28852,51.4168],[-0.28951,51.41687]],[[-0.29128,51.41335],[-0.2861,51.41281],[-0.29123,51.41336],[-0.29128,51.41335]],[[-0.28923,51.40976],[-0.28667,51.4089],[-0.28794,51.40941],[-0.28923,51.40976]],[[-0.29131,51.40783],[-0.28963,51.40792],[-0.29031,51.408],[-0.29131,51.40783]],[[-0.29055,51.40378],[-0.28276,51.40331],[-0.28777,51.40362],[-0.29055,51.40378]],[[-0.29398,51.40142],[-0.29423,51.40079],[-0.29398,51.40142],[-0.29398,51.40142]],[[-0.29549,51.39577],[-0.29748,51.39511],[-0.29493,51.39593],[-0.29549,51.39577]],[[-0.29587,51.39275],[-0.29523,51.39277],[-0.29402,51.3929],[-0.29587,51.39275]],[[-0.29215,51.38842],[-0.29405,51.39164],[-0.29437,51.39218],[-0.29215,51.38842]],[[-0.29048,51.38876],[-0.28896,51.38912],[-0.28975,51.38901],[-0.29048,51.38876]],[[-0.28881,51.38329],[-0.28419,51.38197],[-0.2873,51.38287],[-0.28881,51.38329]],[[-0.29154,51.37846],[-0.29042,51.38007],[-0.29042,51.38007],[-0.29154,51.37846]],[[-0.29528,51.36902],[-0.28769,51.36907],[-0.29211,51.36909],[-0.29528,51.36902]],[[-0.29349,51.41312],[-0.29627,51.41282],[-0.29603,51.41283],[-0.29349,51.41312]],[[-0.30408,51.40718],[-0.30187,51.40586],[-0.3038,51.40715],[-0.30408,51.40718]],[[-0.30045,51.40045],[-0.29983,51.40047],[-0.3004,51.4006],[-0.30045,51.40045]],[[-0.29854,51.39471],[-0.30948,51.39027],[-0.30383,51.39248],[-0.29854,51.39471]],[[-0.30013,51.38658],[-0.29791,51.38787],[-0.29844,51.38764],[-0.30013,51.38658]],[[-0.29811,51.37976],[-0.30015,51.37998],[-0.29893,51.37972],[-0.29811,51.37976]],[[-0.29904,51.3794],[-0.29906,51.37941],[-0.30187,51.37985],[-0.29904,51.3794]],[[-0.29886,51.37427],[-0.29886,51.37434],[-0.30223,51.37469],[-0.29886,51.37427]],[[-0.30786,51.37437],[-0.30714,51.37568],[-0.30714,51.37568],[-0.30786,51.37437]],[[-0.30309,51.36333],[-0.29635,51.36369],[-0.30459,51.3633],[-0.30309,51.36333]],[[-0.29829,51.35811],[-0.2984,51.35838],[-0.2984,51.35838],[-0.29829,51.35811]],[[-0.30436,51.39084],[-0.30343,51.3904],[-0.30373,51.3906],[-0.30436,51.39084]],[[-0.30998,51.36737],[-0.30983,51.36759],[-0.31085,51.36626],[-0.30998,51.36737]],[[-0.30728,51.35985],[-0.30803,51.36001],[-0.30654,51.35944],[-0.30728,51.35985]],[[-0.3077,51.35714],[-0.30847,51.35619],[-0.30542,51.35943],[-0.3077,51.35714]],[[-0.30297,51.39904],[-0.30168,51.40011],[-0.30234,51.39958],[-0.30297,51.39904]],[[-0.30824,51.39202],[-0.30991,51.39155],[-0.30991,51.39155],[-0.30824,51.39202]],[[-0.29981,51.41974],[-0.29915,51.42005],[-0.30131,51.41937],[-0.29981,51.41974]],[[-0.3013,51.41717],[-0.29868,51.41797],[-0.30438,51.41637],[-0.3013,51.41717]],[[-0.30521,51.41489],[-0.30497,51.41526],[-0.30438,51.41637],[-0.30521,51.41489]],[[-0.30569,51.4146],[-0.30529,51.41366],[-0.30577,51.41492],[-0.30569,51.4146]],[[-0.28999,51.3645],[-0.29173,51.36487],[-0.29148,51.36481],[-0.28999,51.3645]],[[-0.28891,51.36523],[-0.28858,51.36548],[-0.28999,51.3645],[-0.28891,51.36523]],[[-0.29691,51.38721],[-0.29513,51.38501],[-0.29506,51.38509],[-0.29691,51.38721]],[[-0.29147,51.41109],[-0.29141,51.41112],[-0.29231,51.41164],[-0.29147,51.41109]],[[-0.29359,51.41065],[-0.29205,51.41084],[-0.29171,51.41099],[-0.29359,51.41065]],[[-0.29431,51.41817],[-0.29694,51.4174],[-0.29513,51.41792],[-0.29431,51.41817]],[[-0.27636,51.39844],[-0.27706,51.39979],[-0.27595,51.39714],[-0.27636,51.39844]],[[-0.26609,51.38344],[-0.26938,51.38558],[-0.26818,51.38467],[-0.26609,51.38344]],[[-0.29358,51.39631],[-0.29004,51.39712],[-0.2924,51.39664],[-0.29358,51.39631]],[[-0.28533,51.39476],[-0.2861,51.39489],[-0.28314,51.39433],[-0.28533,51.39476]],[[-0.28171,51.3929],[-0.28215,51.39081],[-0.28134,51.39425],[-0.28171,51.3929]],[[-0.28625,51.38812],[-0.28606,51.38817],[-0.28215,51.39081],[-0.28625,51.38812]],[[-0.27762,51.38122],[-0.27641,51.38223],[-0.27615,51.38267],[-0.27762,51.38122]],[[-0.27264,51.38255],[-0.27322,51.38205],[-0.27318,51.38204],[-0.27264,51.38255]],[[-0.27962,51.37808],[-0.27396,51.37292],[-0.2816,51.37998],[-0.27962,51.37808]],[[-0.26667,51.39584],[-0.26741,51.39798],[-0.26742,51.39797],[-0.26667,51.39584]],[[-0.26904,51.4143],[-0.27547,51.4132],[-0.27298,51.41355],[-0.26904,51.4143]],[[-0.28105,51.41063],[-0.28397,51.41226],[-0.28093,51.41055],[-0.277,51.40804],[-0.27406,51.40617],[-0.28105,51.41063]],[[-0.2644,51.39635],[-0.26256,51.39714],[-0.26222,51.3973],[-0.2644,51.39635]],[[-0.25327,51.3947],[-0.25341,51.39433],[-0.25293,51.39489],[-0.25327,51.3947]],[[-0.24905,51.38566],[-0.24578,51.38633],[-0.24854,51.38588],[-0.24905,51.38566]],[[-0.25957,51.38722],[-0.25914,51.38699],[-0.26219,51.38885],[-0.25957,51.38722]],[[-0.25689,51.40377],[-0.25721,51.40501],[-0.25782,51.40686],[-0.25689,51.40377]],[[-0.26177,51.40283],[-0.26534,51.40214],[-0.25689,51.40377],[-0.26177,51.40283]],[[-0.25479,51.40033],[-0.25496,51.40088],[-0.25546,51.40158],[-0.25479,51.40033]],[[-0.26162,51.41679],[-0.26015,51.41444],[-0.26158,51.41681],[-0.26465,51.41632],[-0.26162,51.41679]],[[-0.25871,51.40956],[-0.25992,51.41316],[-0.25866,51.4094],[-0.25871,51.40956]]]}},{"type":"Feature","properties":{"n":"Lambeth"},"geometry":{"type":"Polygon","coordinates":[[[-0.14286,51.41346],[-0.14262,51.41332],[-0.14469,51.41234],[-0.14507,51.41257],[-0.14803,51.41287],[-0.14705,51.41385],[-0.14411,51.41546],[-0.14495,51.41589],[-0.13783,51.4211],[-0.13867,51.42319],[-0.13886,51.42585],[-0.1384,51.43046],[-0.13532,51.43037],[-0.1366,51.4339],[-0.13375,51.43415],[-0.13802,51.43385],[-0.13968,51.43535],[-0.13997,51.43703],[-0.13782,51.43843],[-0.13741,51.44014],[-0.13576,51.44213],[-0.13697,51.44177],[-0.14362,51.44177],[-0.14558,51.44523],[-0.14554,51.44639],[-0.14491,51.44833],[-0.14384,51.44921],[-0.1423,51.45097],[-0.14772,51.45231],[-0.14743,51.45295],[-0.14814,51.45611],[-0.14925,51.45895],[-0.14965,51.46125],[-0.15059,51.46262],[-0.15121,51.46589],[-0.14955,51.46604],[-0.1506,51.46596],[-0.15059,51.46762],[-0.14308,51.47052],[-0.14265,51.47007],[-0.14147,51.47068],[-0.14174,51.47089],[-0.14039,51.47156],[-0.13909,51.47063],[-0.13984,51.47132],[-0.13934,51.47154],[-0.13956,51.47172],[-0.13885,51.47182],[-0.13689,51.47313],[-0.1365,51.47287],[-0.13551,51.47276],[-0.13477,51.47328],[-0.13433,51.47396],[-0.13488,51.4742],[-0.13471,51.47494],[-0.13403,51.47523],[-0.13396,51.47564],[-0.13186,51.47499],[-0.13395,51.47569],[-0.12991,51.48113],[-0.12752,51.48188],[-0.1263,51.48443],[-0.12299,51.48422],[-0.12819,51.48474],[-0.12853,51.48503],[-0.127,51.48582],[-0.12489,51.48786],[-0.1242,51.48785],[-0.12195,51.49246],[-0.12135,51.49437],[-0.11938,51.50381],[-0.11834,51.50563],[-0.11684,51.50695],[-0.11574,51.5074],[-0.111,51.50849],[-0.11069,51.50824],[-0.1089,51.50842],[-0.10878,51.50774],[-0.10816,51.50692],[-0.10885,51.50667],[-0.10734,51.50707],[-0.10647,51.50506],[-0.10637,51.50337],[-0.10999,51.50215],[-0.10739,51.50303],[-0.10673,51.50222],[-0.10611,51.50252],[-0.10598,51.5022],[-0.10608,51.50192],[-0.10807,51.50061],[-0.11027,51.49678],[-0.11142,51.49645],[-0.11093,51.49545],[-0.10484,51.49351],[-0.10382,51.49197],[-0.10305,51.49152],[-0.10383,51.49041],[-0.10988,51.4845],[-0.10843,51.48585],[-0.1063,51.48487],[-0.10712,51.48364],[-0.10563,51.48297],[-0.10606,51.4827],[-0.10449,51.48153],[-0.10407,51.48085],[-0.10833,51.48031],[-0.11067,51.48129],[-0.1036,51.47834],[-0.09997,51.47687],[-0.10041,51.47571],[-0.1005,51.47416],[-0.09935,51.47262],[-0.09601,51.46991],[-0.09644,51.46969],[-0.09407,51.47075],[-0.0936,51.47177],[-0.093,51.47201],[-0.09289,51.47066],[-0.09228,51.46914],[-0.09005,51.46609],[-0.09032,51.46467],[-0.09117,51.46246],[-0.09235,51.461],[-0.09509,51.4585],[-0.09639,51.457],[-0.10101,51.45401],[-0.10144,51.45211],[-0.10074,51.45031],[-0.09978,51.4502],[-0.09868,51.44861],[-0.09597,51.44662],[-0.09499,51.44501],[-0.09437,51.44324],[-0.09284,51.44106],[-0.09044,51.4361],[-0.08862,51.43001],[-0.08785,51.42909],[-0.08588,51.42852],[-0.08607,51.42786],[-0.08457,51.42644],[-0.08351,51.42419],[-0.0834,51.42296],[-0.08166,51.42331],[-0.08082,51.42184],[-0.07975,51.42213],[-0.07888,51.42157],[-0.07925,51.42086],[-0.07827,51.42057],[-0.07845,51.42004],[-0.07865,51.41983],[-0.08676,51.4194],[-0.09362,51.42276],[-0.10587,51.42257],[-0.11458,51.42347],[-0.11693,51.42357],[-0.11269,51.42323],[-0.11589,51.42047],[-0.12002,51.41862],[-0.12036,51.41779],[-0.12256,51.41503],[-0.12414,51.41464],[-0.12447,51.41331],[-0.12501,51.41328],[-0.12575,51.41269],[-0.12652,51.4129],[-0.12778,51.41232],[-0.12791,51.41198],[-0.13271,51.41234],[-0.13355,51.41258],[-0.13346,51.4129],[-0.13421,51.41105],[-0.13964,51.41221],[-0.14286,51.41346]],[[-0.13505,51.43008],[-0.13501,51.43008],[-0.13532,51.43037],[-0.13505,51.43008]],[[-0.13358,51.43436],[-0.13331,51.43486],[-0.13375,51.43415],[-0.13358,51.43436]],[[-0.13314,51.43934],[-0.13311,51.43933],[-0.13741,51.44014],[-0.13314,51.43934]],[[-0.1434,51.46123],[-0.14317,51.46123],[-0.14965,51.46125],[-0.1434,51.46123]],[[-0.12969,51.47286],[-0.13116,51.47444],[-0.13186,51.47499],[-0.12969,51.47286]],[[-0.11125,51.48548],[-0.11023,51.48474],[-0.10988,51.4845],[-0.11125,51.48548]],[[-0.11399,51.42504],[-0.11409,51.42485],[-0.11458,51.42347],[-0.11399,51.42504]],[[-0.12765,51.48142],[-0.12659,51.48149],[-0.1262,51.48153],[-0.12765,51.48142]],[[-0.12339,51.47806],[-0.12339,51.47806],[-0.12478,51.47801],[-0.12339,51.47806]],[[-0.11937,51.47429],[-0.1168,51.47289],[-0.12001,51.47469],[-0.11937,51.47429]],[[-0.11685,51.47759],[-0.11646,51.47802],[-0.12001,51.47469],[-0.11685,51.47759]],[[-0.12427,51.47291],[-0.12243,51.47232],[-0.12248,51.47238],[-0.12427,51.47291]],[[-0.12552,51.46969],[-0.12472,51.4703],[-0.12238,51.47227],[-0.12238,51.47227],[-0.12552,51.46969]],[[-0.12577,51.46974],[-0.12528,51.46957],[-0.12552,51.46969],[-0.12577,51.46974]],[[-0.12115,51.46798],[-0.12082,51.46784],[-0.12164,51.46821],[-0.12115,51.46798]],[[-0.1256,51.46741],[-0.1256,51.46741],[-0.1248,51.46774],[-0.1256,51.46741]],[[-0.12535,51.46562],[-0.12494,51.46576],[-0.12536,51.46563],[-0.12535,51.46562]],[[-0.12612,51.46336],[-0.12403,51.46334],[-0.12115,51.46369],[-0.12242,51.46354],[-0.12612,51.46336]],[[-0.1285,51.46391],[-0.12768,51.46361],[-0.12612,51.46336],[-0.1285,51.46391]],[[-0.12749,51.45973],[-0.12828,51.45968],[-0.1241,51.45964],[-0.12749,51.45973]],[[-0.11579,51.46117],[-0.12204,51.451],[-0.11937,51.45508],[-0.11579,51.46117]],[[-0.11557,51.46057],[-0.11569,51.4612],[-0.11578,51.46118],[-0.11557,51.46057]],[[-0.11535,51.46134],[-0.11565,51.46128],[-0.11286,51.46728],[-0.1125,51.46825],[-0.11254,51.47073],[-0.11259,51.46803],[-0.11477,51.46337],[-0.11738,51.46381],[-0.11481,51.46329],[-0.11569,51.4612],[-0.11535,51.46134]],[[-0.11531,51.45281],[-0.11601,51.45112],[-0.11531,51.45281],[-0.11531,51.45281]],[[-0.11291,51.44112],[-0.11217,51.44102],[-0.1132,51.44128],[-0.11291,51.44112]],[[-0.11866,51.4332],[-0.11628,51.43248],[-0.11783,51.43306],[-0.11866,51.4332]],[[-0.11455,51.42804],[-0.1144,51.42913],[-0.11432,51.43035],[-0.11455,51.42804]],[[-0.12434,51.44511],[-0.11897,51.44369],[-0.1162,51.4429],[-0.11896,51.44368],[-0.12434,51.44511]],[[-0.12577,51.43297],[-0.12712,51.43306],[-0.12465,51.43273],[-0.12577,51.43297]],[[-0.1187,51.43089],[-0.1195,51.43097],[-0.11918,51.43091],[-0.1187,51.43089]],[[-0.12972,51.42305],[-0.12699,51.42344],[-0.12778,51.42346],[-0.12972,51.42305]],[[-0.13105,51.42604],[-0.13462,51.42418],[-0.13104,51.426],[-0.12995,51.42339],[-0.12853,51.42082],[-0.12972,51.42305],[-0.13105,51.42604]],[[-0.12791,51.41921],[-0.12765,51.41883],[-0.12715,51.41817],[-0.12791,51.41921]],[[-0.12423,51.41592],[-0.12605,51.41758],[-0.12565,51.41718],[-0.12423,51.41592]],[[-0.13249,51.42972],[-0.13301,51.43002],[-0.13163,51.42914],[-0.13249,51.42972]],[[-0.13175,51.42003],[-0.135,51.41843],[-0.13561,51.41807],[-0.13175,51.42003]],[[-0.13466,51.4171],[-0.13302,51.41584],[-0.13561,51.41807],[-0.13466,51.4171]],[[-0.13273,51.41562],[-0.13222,51.41523],[-0.13295,51.41594],[-0.13273,51.41562]],[[-0.12434,51.42854],[-0.1234,51.42826],[-0.12732,51.42946],[-0.12434,51.42854]],[[-0.12845,51.42701],[-0.12626,51.4277],[-0.12434,51.42854],[-0.12845,51.42701]],[[-0.1354,51.47029],[-0.13405,51.47108],[-0.13459,51.47076],[-0.1354,51.47029]],[[-0.13072,51.46474],[-0.1307,51.46473],[-0.13483,51.46703],[-0.13072,51.46474]],[[-0.1314,51.46163],[-0.13179,51.46128],[-0.13225,51.46083],[-0.1314,51.46163]],[[-0.13384,51.45874],[-0.13348,51.45938],[-0.13406,51.45859],[-0.13384,51.45874]],[[-0.13207,51.45461],[-0.13211,51.45471],[-0.13383,51.45427],[-0.13207,51.45461]],[[-0.12948,51.45446],[-0.12943,51.45477],[-0.13076,51.45076],[-0.12948,51.45446]],[[-0.12847,51.44852],[-0.129,51.44974],[-0.12939,51.45057],[-0.12885,51.44939],[-0.12847,51.44852]],[[-0.1334,51.44283],[-0.13219,51.44311],[-0.13222,51.44314],[-0.1334,51.44283]],[[-0.1326,51.45356],[-0.13456,51.45205],[-0.135,51.4516],[-0.1326,51.45356]],[[-0.14268,51.45307],[-0.14171,51.45412],[-0.14335,51.45259],[-0.14268,51.45307]],[[-0.13893,51.45529],[-0.13715,51.45425],[-0.13912,51.45547],[-0.13893,51.45529]],[[-0.13611,51.45404],[-0.13674,51.45357],[-0.13493,51.45488],[-0.13611,51.45404]],[[-0.13762,51.448],[-0.13808,51.44801],[-0.14084,51.44799],[-0.13762,51.448]],[[-0.1389,51.44489],[-0.13876,51.44423],[-0.13871,51.44458],[-0.1389,51.44489]],[[-0.14697,51.46598],[-0.1475,51.46581],[-0.14693,51.46598],[-0.14536,51.46392],[-0.1476,51.46692],[-0.14697,51.46598]],[[-0.14312,51.46866],[-0.14223,51.469],[-0.14441,51.46834],[-0.14312,51.46866]],[[-0.14266,51.46802],[-0.14065,51.46811],[-0.14222,51.46813],[-0.14266,51.46802]],[[-0.13709,51.46876],[-0.13718,51.46884],[-0.13777,51.46852],[-0.13709,51.46876]],[[-0.14148,51.4595],[-0.1428,51.45784],[-0.14264,51.45803],[-0.14148,51.4595]],[[-0.12634,51.47273],[-0.12522,51.47216],[-0.12777,51.47355],[-0.12634,51.47273]],[[-0.12677,51.47459],[-0.12547,51.47459],[-0.12672,51.47467],[-0.12777,51.47355],[-0.12677,51.47459]],[[-0.12352,51.47483],[-0.12275,51.47463],[-0.12188,51.47465],[-0.12352,51.47483]],[[-0.12546,51.45592],[-0.12547,51.45592],[-0.12562,51.45561],[-0.12546,51.45592]],[[-0.12361,51.45348],[-0.12323,51.45187],[-0.12334,51.4526],[-0.12361,51.45348]],[[-0.12464,51.44188],[-0.12565,51.44158],[-0.12448,51.44186],[-0.12464,51.44188]],[[-0.1261,51.43909],[-0.12616,51.43902],[-0.12559,51.43902],[-0.1261,51.43909]],[[-0.12686,51.43817],[-0.12528,51.43785],[-0.12197,51.43733],[-0.12686,51.43817]],[[-0.12688,51.45026],[-0.12585,51.45034],[-0.1264,51.4503],[-0.12688,51.45026]],[[-0.13019,51.445],[-0.12932,51.44639],[-0.13042,51.44479],[-0.13019,51.445]],[[-0.1283,51.44677],[-0.12851,51.44685],[-0.12871,51.44693],[-0.1283,51.44677]],[[-0.12933,51.46208],[-0.12935,51.46315],[-0.12934,51.46241],[-0.12933,51.46208]],[[-0.13086,51.47597],[-0.12902,51.47867],[-0.12841,51.47963],[-0.13086,51.47597]],[[-0.12825,51.47495],[-0.12752,51.47616],[-0.12726,51.477],[-0.12825,51.47495]],[[-0.1187,51.44046],[-0.12109,51.44139],[-0.12181,51.44147],[-0.11959,51.4408],[-0.1187,51.44046]],[[-0.12274,51.43837],[-0.12258,51.43884],[-0.12247,51.4392],[-0.12274,51.43837]],[[-0.1186,51.45179],[-0.11702,51.45112],[-0.11852,51.45185],[-0.1186,51.45179]],[[-0.10961,51.47623],[-0.10953,51.4778],[-0.10961,51.47623],[-0.10961,51.47623]],[[-0.10416,51.47678],[-0.10612,51.47719],[-0.10599,51.47704],[-0.10416,51.47678]],[[-0.10458,51.47388],[-0.1052,51.47411],[-0.10664,51.47422],[-0.10458,51.47388]],[[-0.10422,51.46467],[-0.1067,51.46401],[-0.10322,51.46486],[-0.10422,51.46467]],[[-0.10342,51.46463],[-0.1034,51.46465],[-0.10689,51.46329],[-0.10342,51.46463]],[[-0.11048,51.46336],[-0.10884,51.46364],[-0.10889,51.46364],[-0.11048,51.46336]],[[-0.1123,51.46158],[-0.11061,51.46224],[-0.11161,51.46193],[-0.1123,51.46158]],[[-0.10939,51.46262],[-0.10999,51.46243],[-0.10828,51.46264],[-0.10939,51.46262]],[[-0.10571,51.45756],[-0.10714,51.45853],[-0.10666,51.45814],[-0.10571,51.45756]],[[-0.11,51.44578],[-0.10459,51.44683],[-0.11,51.44578],[-0.11,51.44578]],[[-0.11149,51.44485],[-0.10972,51.44525],[-0.11196,51.44479],[-0.11149,51.44485]],[[-0.10825,51.44151],[-0.10947,51.4425],[-0.10922,51.44221],[-0.10825,51.44151]],[[-0.10601,51.43894],[-0.10624,51.4402],[-0.10603,51.43894],[-0.10601,51.43894]],[[-0.10824,51.43773],[-0.10663,51.43852],[-0.10603,51.43894],[-0.10824,51.43773]],[[-0.10354,51.43347],[-0.0997,51.42707],[-0.10356,51.43364],[-0.10472,51.43647],[-0.10354,51.43347]],[[-0.10444,51.43351],[-0.10371,51.43346],[-0.1042,51.43336],[-0.10354,51.43347],[-0.10444,51.43351]],[[-0.10564,51.42709],[-0.10518,51.42848],[-0.10547,51.42773],[-0.10564,51.42709]],[[-0.11629,51.47743],[-0.11647,51.47615],[-0.11628,51.47708],[-0.11629,51.47743]],[[-0.11206,51.47377],[-0.11206,51.47377],[-0.11183,51.47506],[-0.11206,51.47377]],[[-0.11216,51.4726],[-0.11218,51.47239],[-0.11164,51.47086],[-0.11216,51.4726]],[[-0.11635,51.47023],[-0.11742,51.46997],[-0.11606,51.47025],[-0.11633,51.47021],[-0.11677,51.47185],[-0.11635,51.47023]],[[-0.12051,51.47019],[-0.12088,51.46996],[-0.12051,51.47019],[-0.12051,51.47019]],[[-0.11811,51.46754],[-0.11693,51.46635],[-0.11889,51.46843],[-0.11811,51.46754]],[[-0.11188,51.45101],[-0.11115,51.45006],[-0.11203,51.45134],[-0.11188,51.45101]],[[-0.1124,51.45239],[-0.11272,51.45282],[-0.11241,51.45216],[-0.1124,51.45239]],[[-0.11129,51.45247],[-0.11094,51.45268],[-0.11178,51.45243],[-0.11129,51.45247]],[[-0.11164,51.45491],[-0.11187,51.45536],[-0.11094,51.45268],[-0.11164,51.45491]],[[-0.11121,51.46013],[-0.11135,51.46039],[-0.11109,51.45988],[-0.11121,51.46013]],[[-0.1106,51.46621],[-0.10966,51.46767],[-0.10986,51.46737],[-0.1106,51.46621]],[[-0.11686,51.49518],[-0.1181,51.4951],[-0.11693,51.49505],[-0.11686,51.49518]],[[-0.11579,51.49092],[-0.1162,51.49076],[-0.11568,51.49123],[-0.11624,51.49074],[-0.11579,51.49092]],[[-0.11258,51.48906],[-0.11234,51.48911],[-0.11452,51.48933],[-0.11258,51.48906]],[[-0.11569,51.4886],[-0.11601,51.48828],[-0.11555,51.48841],[-0.11587,51.48841],[-0.11569,51.4886]],[[-0.11648,51.48876],[-0.11852,51.48881],[-0.11569,51.4886],[-0.11648,51.48876]],[[-0.11278,51.48713],[-0.11453,51.48697],[-0.11556,51.48686],[-0.11278,51.48713]],[[-0.11729,51.48614],[-0.11753,51.48666],[-0.11753,51.48666],[-0.11729,51.48614]],[[-0.11436,51.48063],[-0.11458,51.48074],[-0.11763,51.48224],[-0.11436,51.48063]],[[-0.12143,51.47988],[-0.11938,51.47913],[-0.11712,51.47827],[-0.11978,51.47928],[-0.12143,51.47988]],[[-0.11993,51.48103],[-0.12035,51.48056],[-0.1197,51.48128],[-0.11993,51.48103]],[[-0.11821,51.48259],[-0.1184,51.4826],[-0.12073,51.48206],[-0.11821,51.48259]],[[-0.11802,51.4914],[-0.11636,51.49069],[-0.11635,51.49069],[-0.11802,51.4914]],[[-0.11917,51.48986],[-0.11917,51.48986],[-0.11947,51.48913],[-0.11917,51.48986]],[[-0.11137,51.49048],[-0.11191,51.49058],[-0.11226,51.49044],[-0.11137,51.49048]],[[-0.10205,51.45716],[-0.1019,51.4573],[-0.10245,51.45699],[-0.10205,51.45716]],[[-0.09786,51.46016],[-0.09873,51.46124],[-0.09854,51.46092],[-0.09786,51.46016]],[[-0.10192,51.46913],[-0.10208,51.4687],[-0.10225,51.46739],[-0.10192,51.46913]],[[-0.10379,51.45963],[-0.10313,51.45957],[-0.10313,51.45957],[-0.10379,51.45963]],[[-0.10227,51.44845],[-0.10152,51.44798],[-0.10189,51.44821],[-0.10227,51.44845]],[[-0.09478,51.43079],[-0.09477,51.43188],[-0.09487,51.43244],[-0.09478,51.43079]],[[-0.08901,51.42626],[-0.08722,51.42564],[-0.09033,51.42664],[-0.08901,51.42626]],[[-0.08946,51.42232],[-0.08782,51.42341],[-0.08755,51.42379],[-0.08946,51.42232]],[[-0.08962,51.42857],[-0.08773,51.42767],[-0.08988,51.42881],[-0.08962,51.42857]],[[-0.10282,51.43375],[-0.09588,51.4348],[-0.09551,51.43495],[-0.10282,51.43375]],[[-0.09523,51.43717],[-0.09648,51.43949],[-0.09579,51.43806],[-0.09523,51.43717]]]}},{"type":"Feature","properties":{"n":"Lewisham"},"geometry":{"type":"Polygon","coordinates":[[[-0.05184,51.42357],[-0.05485,51.42361],[-0.05512,51.423],[-0.05736,51.42305],[-0.0614,51.42451],[-0.06143,51.4248],[-0.06221,51.4251],[-0.06437,51.42531],[-0.0645,51.42499],[-0.06491,51.42521],[-0.06595,51.42515],[-0.06864,51.42599],[-0.06885,51.42561],[-0.0702,51.42608],[-0.07217,51.42628],[-0.07392,51.42615],[-0.07419,51.42719],[-0.07507,51.42879],[-0.07467,51.42999],[-0.0726,51.43229],[-0.06895,51.43286],[-0.06648,51.43406],[-0.06574,51.43476],[-0.06453,51.43681],[-0.06343,51.43762],[-0.06368,51.43796],[-0.06404,51.44085],[-0.06498,51.44118],[-0.06385,51.44253],[-0.06372,51.44406],[-0.0622,51.44735],[-0.06039,51.44868],[-0.05754,51.45034],[-0.05392,51.44873],[-0.04987,51.44986],[-0.04801,51.45008],[-0.04573,51.44978],[-0.04613,51.44987],[-0.04162,51.45499],[-0.04126,51.45489],[-0.04472,51.4566],[-0.04614,51.45696],[-0.04541,51.45869],[-0.04519,51.46113],[-0.04529,51.46223],[-0.04618,51.4641],[-0.04712,51.46488],[-0.04858,51.46558],[-0.04816,51.46611],[-0.04834,51.46594],[-0.05093,51.46662],[-0.0506,51.46675],[-0.05129,51.46737],[-0.05092,51.46756],[-0.05226,51.46921],[-0.05169,51.46972],[-0.05273,51.47297],[-0.05268,51.47799],[-0.0543,51.47861],[-0.05339,51.48032],[-0.05283,51.48269],[-0.05301,51.48457],[-0.05351,51.48578],[-0.05301,51.48586],[-0.05287,51.48666],[-0.05399,51.48797],[-0.05255,51.48755],[-0.05212,51.48782],[-0.05057,51.48783],[-0.05003,51.48831],[-0.04914,51.48795],[-0.05193,51.48914],[-0.04655,51.49074],[-0.04654,51.49034],[-0.04581,51.49016],[-0.04477,51.49044],[-0.04454,51.49014],[-0.0422,51.49004],[-0.03776,51.48766],[-0.04248,51.49024],[-0.04032,51.49106],[-0.04103,51.49183],[-0.04005,51.49217],[-0.03878,51.49066],[-0.04052,51.49278],[-0.03888,51.49285],[-0.03797,51.49235],[-0.03724,51.49223],[-0.03237,51.49303],[-0.02939,51.48894],[-0.02943,51.48855],[-0.03041,51.48814],[-0.02911,51.48862],[-0.02748,51.48717],[-0.02468,51.48547],[-0.0252,51.48486],[-0.02555,51.48343],[-0.02638,51.48151],[-0.02315,51.48074],[-0.02302,51.47963],[-0.02034,51.47994],[-0.02007,51.48034],[-0.0187,51.48078],[-0.01785,51.48088],[-0.01709,51.48042],[-0.01917,51.47965],[-0.01942,51.47801],[-0.01984,51.47805],[-0.01929,51.47762],[-0.01939,51.47719],[-0.02005,51.47713],[-0.02112,51.47627],[-0.0228,51.47593],[-0.02092,51.47613],[-0.02095,51.47568],[-0.02253,51.47559],[-0.02226,51.47546],[-0.0229,51.47508],[-0.02265,51.47399],[-0.02168,51.47399],[-0.01995,51.47292],[-0.02025,51.47225],[-0.01924,51.47188],[-0.01994,51.4716],[-0.01922,51.47181],[-0.01882,51.47113],[-0.01909,51.46995],[-0.01712,51.4693],[-0.01692,51.46906],[-0.01653,51.46923],[-0.01506,51.46804],[-0.0131,51.46894],[-0.01235,51.46819],[-0.01401,51.47004],[-0.01512,51.47173],[-0.01451,51.4719],[-0.01405,51.47264],[-0.01341,51.4724],[-0.00832,51.47269],[-0.00067,51.47181],[0.01835,51.47391],[0.01494,51.47309],[0.01493,51.4727],[0.01668,51.46949],[0.01637,51.46905],[0.01357,51.46988],[0.01264,51.46978],[0.01307,51.46846],[0.01282,51.46768],[0.0133,51.46684],[0.00997,51.46601],[0.00522,51.4655],[0.00914,51.46588],[0.00913,51.46458],[0.00987,51.4615],[0.01008,51.45925],[0.01141,51.45668],[0.01323,51.45597],[0.01751,51.45505],[0.01748,51.45425],[0.0184,51.45159],[0.01634,51.45127],[0.01959,51.45172],[0.01987,51.45073],[0.01503,51.45022],[0.01507,51.45004],[0.02195,51.44896],[0.02294,51.4472],[0.02125,51.4467],[0.02152,51.44441],[0.02066,51.44417],[0.02158,51.44271],[0.02503,51.4418],[0.02891,51.44163],[0.02846,51.44037],[0.02872,51.43881],[0.02482,51.43824],[0.02538,51.43584],[0.02728,51.43658],[0.02867,51.43642],[0.02901,51.43439],[0.02861,51.43405],[0.03139,51.4326],[0.03119,51.43207],[0.03165,51.43259],[0.03247,51.4319],[0.03216,51.43173],[0.0333,51.43226],[0.03377,51.43177],[0.0377,51.43338],[0.03753,51.43201],[0.03828,51.42908],[0.0383,51.42796],[0.03787,51.42773],[0.03843,51.42759],[0.03888,51.42608],[0.03885,51.42469],[0.03621,51.42237],[0.02734,51.428],[0.02549,51.42893],[0.02469,51.42873],[0.02094,51.42682],[0.02128,51.42798],[0.02093,51.42682],[0.01843,51.42701],[0.01622,51.42626],[0.01413,51.42617],[0.01442,51.42523],[0.01354,51.42509],[0.01338,51.42471],[0.01071,51.42326],[0.00999,51.42248],[0.00812,51.42304],[0.00737,51.42138],[0.00687,51.42149],[0.00677,51.42096],[0.00632,51.42101],[0.00525,51.41932],[0.00568,51.41853],[0.00352,51.4174],[0.00175,51.41856],[5e-05,51.41766],[-0.00032,51.41645],[-0.00082,51.41589],[-0.00365,51.41568],[-0.00338,51.41506],[-0.005,51.41468],[-0.00561,51.41576],[-0.00654,51.41599],[-0.00662,51.41467],[-0.00768,51.41453],[-0.01052,51.41355],[-0.01424,51.41366],[-0.01446,51.41425],[-0.01428,51.41512],[-0.01796,51.41508],[-0.01782,51.41574],[-0.02097,51.41603],[-0.02204,51.41664],[-0.02171,51.41729],[-0.02253,51.41754],[-0.02194,51.41786],[-0.02077,51.4199],[-0.02161,51.42047],[-0.02094,51.42092],[-0.02218,51.42178],[-0.02253,51.42158],[-0.02383,51.42276],[-0.03035,51.42572],[-0.03197,51.42555],[-0.03186,51.42472],[-0.03422,51.42477],[-0.03424,51.4251],[-0.03747,51.42502],[-0.03844,51.42391],[-0.03988,51.42431],[-0.04105,51.42428],[-0.04165,51.42389],[-0.04154,51.42363],[-0.04281,51.42323],[-0.04297,51.42342],[-0.04378,51.42321],[-0.04365,51.42296],[-0.04596,51.42244],[-0.04602,51.42276],[-0.05175,51.42252],[-0.05184,51.42357]],[[-0.04894,51.44569],[-0.04912,51.44546],[-0.04573,51.44978],[-0.04894,51.44569]],[[-0.03608,51.48859],[-0.0367,51.4884],[-0.03776,51.48766],[-0.03608,51.48859]],[[-0.03104,51.48053],[-0.03107,51.48056],[-0.03403,51.48165],[-0.03104,51.48053]],[[-0.03044,51.48031],[-0.02965,51.48004],[-0.03104,51.48053],[-0.03044,51.48031]],[[-0.02875,51.47534],[-0.02892,51.47502],[-0.02875,51.47534],[-0.02875,51.47534]],[[-0.02955,51.47307],[-0.02847,51.47224],[-0.0301,51.47354],[-0.02955,51.47307]],[[-0.03346,51.46601],[-0.03314,51.46661],[-0.03216,51.46865],[-0.03346,51.46601]],[[-0.03647,51.46466],[-0.03205,51.4649],[-0.03393,51.46481],[-0.03647,51.46466]],[[-0.03074,51.46249],[-0.03074,51.46249],[-0.03114,51.4626],[-0.03074,51.46249]],[[-0.0291,51.46183],[-0.02853,51.4606],[-0.02905,51.46192],[-0.03125,51.46026],[-0.0291,51.46183]],[[-0.03605,51.4564],[-0.03457,51.45781],[-0.03438,51.45814],[-0.03605,51.4564]],[[-0.03074,51.45221],[-0.03022,51.45282],[-0.02975,51.4536],[-0.03022,51.45283],[-0.03074,51.45221]],[[-0.02201,51.45203],[-0.01647,51.45942],[-0.01613,51.46025],[-0.0169,51.45895],[-0.01882,51.45658],[-0.02201,51.45203]],[[-0.01402,51.45531],[-0.01486,51.45604],[-0.01446,51.45556],[-0.01402,51.45531]],[[-0.01,51.4565],[-0.00925,51.45663],[-0.01017,51.45659],[-0.01,51.4565]],[[-0.01692,51.45051],[-0.01606,51.45045],[-0.01562,51.45046],[-0.01692,51.45051]],[[-0.01813,51.44599],[-0.01545,51.44568],[-0.01728,51.4459],[-0.01813,51.44599]],[[-0.02026,51.44319],[-0.01918,51.44314],[-0.02026,51.44319],[-0.02026,51.44319]],[[-0.01939,51.4428],[-0.01884,51.44355],[-0.01918,51.44314],[-0.01939,51.4428]],[[-0.01372,51.43742],[-0.01496,51.43966],[-0.01575,51.44067],[-0.01372,51.43742]],[[-0.01799,51.42899],[-0.01744,51.42656],[-0.01815,51.4298],[-0.01923,51.43277],[-0.01799,51.42899]],[[-0.03881,51.44211],[-0.03885,51.44176],[-0.03844,51.43942],[-0.03881,51.44211]],[[-0.03622,51.44237],[-0.03904,51.44214],[-0.03881,51.44213],[-0.03622,51.44237]],[[-0.03443,51.43554],[-0.03376,51.43727],[-0.03296,51.43907],[-0.03384,51.4371],[-0.03443,51.43554]],[[-0.03577,51.43434],[-0.0361,51.43403],[-0.03443,51.43554],[-0.03577,51.43434]],[[-0.02955,51.4292],[-0.02939,51.42886],[-0.02955,51.42922],[-0.03121,51.43001],[-0.02955,51.4292]],[[-0.02952,51.42725],[-0.03149,51.42783],[-0.03423,51.42836],[-0.02952,51.42725]],[[-0.04628,51.42624],[-0.04673,51.42602],[-0.04627,51.42619],[-0.04628,51.42624]],[[-0.05479,51.44558],[-0.05459,51.446],[-0.05432,51.44727],[-0.05479,51.44558]],[[-0.04948,51.44498],[-0.04948,51.44498],[-0.04789,51.44497],[-0.04948,51.44498]],[[-0.04113,51.43598],[-0.04308,51.43529],[-0.04308,51.43529],[-0.04113,51.43598]],[[-0.04467,51.43518],[-0.04617,51.43509],[-0.04586,51.43507],[-0.04467,51.43518]],[[-0.04672,51.42872],[-0.04658,51.42955],[-0.04676,51.4286],[-0.04373,51.42885],[-0.04672,51.42872]],[[-0.05944,51.43084],[-0.05912,51.43104],[-0.06143,51.43055],[-0.05944,51.43084]],[[-0.05302,51.4321],[-0.05298,51.4324],[-0.05305,51.43291],[-0.05302,51.4321]],[[-0.05156,51.42615],[-0.05475,51.4266],[-0.05273,51.42628],[-0.05156,51.42615]],[[-0.05132,51.4272],[-0.05111,51.42829],[-0.05156,51.42615],[-0.05132,51.4272]],[[-0.06086,51.4267],[-0.06004,51.42726],[-0.06061,51.42703],[-0.06086,51.4267]],[[-0.058,51.44163],[-0.05951,51.43977],[-0.05892,51.4403],[-0.058,51.44163]],[[-0.05335,51.43814],[-0.05338,51.43799],[-0.05341,51.43557],[-0.05335,51.43814]],[[-0.04626,51.43555],[-0.04655,51.43511],[-0.04655,51.43511],[-0.04626,51.43555]],[[-0.05315,51.44285],[-0.05398,51.44153],[-0.05646,51.44238],[-0.05397,51.4415],[-0.05315,51.44285]],[[-0.05231,51.44121],[-0.05249,51.44077],[-0.05209,51.4415],[-0.05231,51.44121]],[[-0.04952,51.44234],[-0.05163,51.44211],[-0.05164,51.4421],[-0.04952,51.44234]],[[-0.05289,51.43985],[-0.05305,51.43947],[-0.05324,51.4386],[-0.05289,51.43985]],[[-0.04136,51.43027],[-0.04136,51.43027],[-0.04074,51.42899],[-0.04136,51.43027]],[[-0.03734,51.42868],[-0.0395,51.42771],[-0.04051,51.42719],[-0.03734,51.42868]],[[-0.04097,51.46299],[-0.04134,51.46279],[-0.043,51.4618],[-0.04097,51.46299]],[[-0.04344,51.48429],[-0.04247,51.48432],[-0.04344,51.48429],[-0.04344,51.48429]],[[-0.04166,51.48278],[-0.04343,51.48422],[-0.04339,51.48407],[-0.04166,51.48278]],[[-0.04271,51.48163],[-0.04403,51.48155],[-0.04588,51.48116],[-0.04271,51.48163]],[[-0.04589,51.47767],[-0.04636,51.47825],[-0.0457,51.4772],[-0.04589,51.47767]],[[-0.04599,51.47433],[-0.04518,51.47224],[-0.04595,51.47431],[-0.04687,51.47533],[-0.04599,51.47433]],[[-0.04289,51.4701],[-0.04164,51.47115],[-0.04327,51.46996],[-0.04289,51.4701]],[[-0.04229,51.4685],[-0.04376,51.46829],[-0.04446,51.46812],[-0.04229,51.4685]],[[-0.04303,51.46602],[-0.04318,51.46692],[-0.04303,51.46602],[-0.04303,51.46602]],[[-0.05,51.48009],[-0.04999,51.48013],[-0.05014,51.47993],[-0.05,51.48009]],[[-0.04893,51.47145],[-0.04916,51.4704],[-0.04908,51.47044],[-0.04893,51.47145]],[[-0.04423,51.46636],[-0.04663,51.4666],[-0.04551,51.46636],[-0.04423,51.46636]],[[-0.0518,51.47766],[-0.04891,51.4765],[-0.05039,51.47712],[-0.0518,51.47766]],[[-0.03334,51.44431],[-0.03433,51.4441],[-0.0319,51.44457],[-0.03334,51.44431]],[[-0.03754,51.46527],[-0.03865,51.46105],[-0.03867,51.46101],[-0.03837,51.46175],[-0.03754,51.46527]],[[-0.03801,51.45377],[-0.03746,51.45355],[-0.03825,51.45394],[-0.03801,51.45377]],[[-0.04203,51.46016],[-0.03963,51.45854],[-0.03963,51.45854],[-0.04203,51.46016]],[[-0.03882,51.47185],[-0.03902,51.47245],[-0.04024,51.47489],[-0.03882,51.47185]],[[-0.03784,51.47287],[-0.03719,51.47331],[-0.03902,51.47245],[-0.03784,51.47287]],[[-0.02754,51.43451],[-0.0274,51.43477],[-0.02794,51.43403],[-0.02754,51.43451]],[[-0.02512,51.44497],[-0.0242,51.44447],[-0.02491,51.44495],[-0.02512,51.44497]],[[-0.02306,51.44735],[-0.02347,51.44739],[-0.02306,51.44735],[-0.02306,51.44735]],[[-0.02606,51.44405],[-0.02755,51.44274],[-0.02951,51.44065],[-0.02646,51.44363],[-0.02606,51.44405]],[[-0.0262,51.45027],[-0.0256,51.44957],[-0.02585,51.44996],[-0.0262,51.45027]],[[-0.01952,51.46783],[-0.01996,51.46831],[-0.01983,51.46805],[-0.01952,51.46783]],[[-0.02805,51.46972],[-0.0244,51.47222],[-0.02551,51.47147],[-0.02805,51.46972]],[[-0.02346,51.47284],[-0.02279,51.47339],[-0.02419,51.47242],[-0.02346,51.47284]],[[-0.02137,51.46668],[-0.02281,51.46748],[-0.02318,51.4676],[-0.02318,51.4676],[-0.02137,51.46668]],[[-0.02502,51.45856],[-0.02445,51.45845],[-0.0238,51.45856],[-0.02502,51.45856]],[[-0.0287,51.46891],[-0.02738,51.46982],[-0.02789,51.46959],[-0.0287,51.46891]],[[-0.02671,51.47905],[-0.02608,51.47884],[-0.0229,51.47851],[-0.02671,51.47905]],[[-0.02261,51.47765],[-0.023,51.47944],[-0.0229,51.47851],[-0.02261,51.47765]],[[-0.02589,51.47605],[-0.02618,51.47497],[-0.02618,51.47497],[-0.02589,51.47605]],[[-0.01354,51.46292],[-0.01311,51.46294],[-0.01547,51.46033],[-0.01273,51.46316],[-0.01354,51.46292]],[[-0.00846,51.46223],[-0.01019,51.46273],[-0.00698,51.46174],[-0.00846,51.46223]],[[-0.00376,51.4596],[-0.00116,51.46028],[-0.00198,51.46015],[-0.00376,51.4596]],[[0.0067,51.45859],[-0.00178,51.45869],[0.00303,51.45862],[0.0067,51.45859]],[[-0.00262,51.45317],[-0.00278,51.45331],[-0.00342,51.45367],[-0.00262,51.45317]],[[-0.00347,51.45261],[-0.00268,51.45269],[-0.00455,51.45267],[-0.00347,51.45261]],[[-0.00063,51.45028],[-0.00086,51.45106],[-0.00081,51.45052],[-0.00063,51.45028]],[[-0.00172,51.44802],[-0.00123,51.44823],[-0.00357,51.44724],[-0.00172,51.44802]],[[-0.00101,51.44511],[-0.00102,51.44545],[-0.00101,51.44511],[-0.00101,51.44511]],[[-0.00216,51.44508],[-0.00127,51.4451],[-0.00489,51.44508],[-0.00216,51.44508]],[[-0.00197,51.44188],[-0.00198,51.44211],[-0.00216,51.44508],[-0.00197,51.44188]],[[0.00172,51.43729],[0.00116,51.43727],[-0.00111,51.43692],[0.00172,51.43729]],[[0.0007,51.43646],[0.00059,51.43681],[0.0007,51.43646],[0.0007,51.43646]],[[0.00189,51.43664],[0.00189,51.43664],[0.0012,51.43599],[0.00189,51.43664]],[[-0.00212,51.43103],[0.00104,51.43184],[-0.00334,51.43089],[-0.00212,51.43103]],[[-0.0073,51.42597],[-0.00706,51.42618],[-0.00706,51.42618],[-0.0073,51.42597]],[[-0.00545,51.42537],[-0.00609,51.42527],[-0.00844,51.42464],[-0.00545,51.42537]],[[-0.00194,51.42277],[-0.00207,51.42171],[-0.00318,51.42342],[-0.00205,51.42168],[-0.00194,51.42277]],[[0.0021,51.42184],[0.00025,51.42263],[0.00074,51.42234],[0.0021,51.42184]],[[-0.00569,51.44508],[-0.00569,51.44508],[-0.00688,51.44836],[-0.00569,51.44508]],[[-0.01139,51.43835],[-0.01172,51.43877],[-0.0108,51.43752],[-0.01139,51.43835]],[[-0.01664,51.43291],[-0.00877,51.43463],[-0.00358,51.43575],[-0.0084,51.43471],[-0.01664,51.43291]],[[-0.01438,51.44276],[-0.01398,51.44293],[-0.0134,51.44325],[-0.01438,51.44276]],[[-0.00847,51.45328],[-0.00663,51.45092],[-0.00813,51.45299],[-0.00847,51.45328]],[[-0.00684,51.45803],[-0.00683,51.45803],[-0.00682,51.45804],[-0.00684,51.45803]],[[-8e-05,51.46921],[0.00033,51.46778],[0.00063,51.46734],[-8e-05,51.46921]],[[0.00318,51.46107],[0.00108,51.46061],[0.00318,51.46107],[0.00318,51.46107]],[[0.0013,51.46017],[-0.00067,51.46004],[-0.00064,51.46],[0.0013,51.46017]],[[-0.01394,51.4669],[-0.01442,51.46657],[-0.01502,51.46578],[-0.01394,51.4669]],[[-0.01112,51.46539],[-0.01167,51.46546],[-0.01112,51.46539],[-0.01112,51.46539]],[[-0.01052,51.46331],[-0.00863,51.46373],[-0.01052,51.46331],[-0.01052,51.46331]],[[0.00486,51.4304],[0.00514,51.42974],[0.00434,51.43197],[0.00486,51.4304]],[[0.00875,51.43021],[0.01007,51.43039],[0.00514,51.42974],[0.00875,51.43021]],[[0.01214,51.43385],[0.01346,51.43436],[0.01587,51.43531],[0.01214,51.43385]],[[0.01706,51.43436],[0.01521,51.43595],[0.01587,51.43531],[0.01706,51.43436]],[[0.0186,51.43314],[0.01921,51.43264],[0.02106,51.43139],[0.0186,51.43314]],[[0.00227,51.42597],[0.005,51.42553],[0.00171,51.42619],[0.00227,51.42597]],[[0.01053,51.43154],[0.0109,51.43051],[0.01103,51.43053],[0.01053,51.43154]],[[0.01501,51.43112],[0.01302,51.43045],[0.01376,51.43061],[0.01501,51.43112]],[[0.03196,51.43102],[0.03196,51.43102],[0.03263,51.43135],[0.03196,51.43102]],[[0.00444,51.44526],[0.0054,51.44542],[-0.00074,51.44512],[0.00444,51.44526]],[[0.01192,51.44585],[0.01206,51.44587],[0.0054,51.44542],[0.01192,51.44585]],[[0.01328,51.44805],[0.01281,51.44941],[0.01286,51.44926],[0.01328,51.44805]],[[0.01507,51.45004],[0.01511,51.44984],[0.01543,51.44976],[0.01507,51.45004]],[[0.00566,51.43825],[0.0049,51.44055],[0.00597,51.43725],[0.00566,51.43825]],[[0.00385,51.44224],[0.00384,51.44219],[0.0049,51.44055],[0.00385,51.44224]],[[0.02137,51.44082],[0.02169,51.43964],[0.02108,51.44234],[0.02137,51.44082]],[[0.01662,51.44014],[0.01733,51.43851],[0.01774,51.4377],[0.01662,51.44014]],[[0.01738,51.4436],[0.01856,51.4425],[0.01569,51.44529],[0.01738,51.4436]],[[-0.00111,51.45185],[-0.00199,51.45261],[0.00095,51.44981],[-0.00111,51.45185]],[[0.00805,51.45492],[0.00838,51.45367],[0.00831,51.45402],[0.00805,51.45492]],[[0.0088,51.45405],[0.0088,51.45405],[0.00906,51.4534],[0.0088,51.45405]],[[0.00562,51.46155],[0.00616,51.46049],[0.00471,51.4634],[0.00562,51.46155]]]}},{"type":"Feature","properties":{"n":"Merton"},"geometry":{"type":"Polygon","coordinates":[[[-0.22779,51.38399],[-0.2339,51.38771],[-0.2349,51.39175],[-0.23463,51.39054],[-0.23967,51.3893],[-0.2418,51.39397],[-0.24472,51.39479],[-0.24747,51.39765],[-0.2467,51.39921],[-0.24683,51.40055],[-0.24519,51.40187],[-0.24463,51.40386],[-0.24546,51.40655],[-0.24548,51.40735],[-0.24695,51.40784],[-0.24734,51.40833],[-0.24754,51.40905],[-0.2471,51.40953],[-0.24947,51.41487],[-0.24984,51.41691],[-0.24953,51.41814],[-0.25121,51.42247],[-0.25294,51.42333],[-0.25231,51.42595],[-0.25333,51.42774],[-0.25417,51.42981],[-0.25333,51.43092],[-0.25106,51.43256],[-0.23105,51.43818],[-0.22548,51.43874],[-0.22448,51.43858],[-0.22425,51.43886],[-0.21986,51.4385],[-0.21803,51.43869],[-0.21685,51.43846],[-0.21566,51.43773],[-0.20447,51.43887],[-0.19457,51.44081],[-0.19006,51.44145],[-0.18988,51.44026],[-0.19072,51.43896],[-0.18927,51.43851],[-0.19008,51.43528],[-0.19118,51.43325],[-0.18976,51.43133],[-0.18907,51.43156],[-0.18926,51.43181],[-0.18743,51.43206],[-0.18734,51.43291],[-0.18578,51.43309],[-0.1843,51.43123],[-0.18464,51.42766],[-0.18413,51.42637],[-0.18198,51.42469],[-0.18941,51.42547],[-0.17876,51.42429],[-0.175,51.42352],[-0.17355,51.42317],[-0.16787,51.42079],[-0.16481,51.42034],[-0.16507,51.42009],[-0.16167,51.41982],[-0.16047,51.42173],[-0.16009,51.42181],[-0.16001,51.42267],[-0.1513,51.41985],[-0.15009,51.42009],[-0.14454,51.41774],[-0.14306,51.41813],[-0.14038,51.41925],[-0.14495,51.41589],[-0.14411,51.41546],[-0.14705,51.41385],[-0.14803,51.41287],[-0.14507,51.41257],[-0.14469,51.41234],[-0.14262,51.41332],[-0.13964,51.41221],[-0.13421,51.41105],[-0.13346,51.4129],[-0.13355,51.41258],[-0.13271,51.41234],[-0.12791,51.41198],[-0.12778,51.41232],[-0.12784,51.41174],[-0.12945,51.40957],[-0.13123,51.4095],[-0.13139,51.40921],[-0.13206,51.40917],[-0.13194,51.4085],[-0.13245,51.40841],[-0.13215,51.40658],[-0.13139,51.40506],[-0.13151,51.40493],[-0.13047,51.40327],[-0.12824,51.40192],[-0.12584,51.39951],[-0.12547,51.39872],[-0.12567,51.39836],[-0.12444,51.39796],[-0.1242,51.3976],[-0.12973,51.39367],[-0.12892,51.39344],[-0.13435,51.39089],[-0.13466,51.39097],[-0.13663,51.3903],[-0.13793,51.39027],[-0.1418,51.38937],[-0.14323,51.39043],[-0.14435,51.39068],[-0.15803,51.38926],[-0.15829,51.38882],[-0.15982,51.3885],[-0.16101,51.38777],[-0.1619,51.38816],[-0.16526,51.38798],[-0.16644,51.38969],[-0.16736,51.38993],[-0.16886,51.39099],[-0.16986,51.3914],[-0.16995,51.39172],[-0.17125,51.39255],[-0.17287,51.39264],[-0.17484,51.39342],[-0.17924,51.38984],[-0.18026,51.38954],[-0.18221,51.38831],[-0.18423,51.38769],[-0.18836,51.38549],[-0.18971,51.38613],[-0.19045,51.3862],[-0.19117,51.38686],[-0.19159,51.38705],[-0.19184,51.38693],[-0.1932,51.38785],[-0.19447,51.38756],[-0.20055,51.38494],[-0.2035,51.38722],[-0.205,51.38609],[-0.20977,51.38825],[-0.21811,51.38015],[-0.22001,51.38075],[-0.22779,51.38399]],[[-0.1918,51.43301],[-0.1918,51.43301],[-0.19118,51.43325],[-0.1918,51.43301]],[[-0.16829,51.39253],[-0.1687,51.39233],[-0.16995,51.39172],[-0.16829,51.39253]],[[-0.18865,51.38978],[-0.18864,51.38978],[-0.18971,51.38613],[-0.18865,51.38978]],[[-0.1973,51.43777],[-0.19782,51.43774],[-0.20077,51.43668],[-0.1973,51.43777]],[[-0.19172,51.43268],[-0.19027,51.43061],[-0.19176,51.43284],[-0.19172,51.43268]],[[-0.19084,51.42779],[-0.1908,51.42774],[-0.19073,51.42899],[-0.19084,51.42779]],[[-0.19275,51.41794],[-0.19324,51.41853],[-0.19413,51.41958],[-0.19275,51.41794]],[[-0.19276,51.41858],[-0.18733,51.41933],[-0.19324,51.41853],[-0.19276,51.41858]],[[-0.19457,51.40343],[-0.19159,51.40362],[-0.18908,51.40393],[-0.19457,51.40343]],[[-0.19818,51.3949],[-0.1976,51.39537],[-0.19583,51.39723],[-0.19818,51.3949]],[[-0.19494,51.40987],[-0.18692,51.40593],[-0.1987,51.41182],[-0.19494,51.40987]],[[-0.22303,51.43373],[-0.22417,51.4335],[-0.22417,51.4335],[-0.22303,51.43373]],[[-0.21073,51.42977],[-0.21221,51.43014],[-0.21223,51.43068],[-0.21232,51.43014],[-0.21073,51.42977]],[[-0.21025,51.42595],[-0.20973,51.4264],[-0.21028,51.42593],[-0.21025,51.42595]],[[-0.21507,51.42147],[-0.21421,51.42122],[-0.21752,51.4225],[-0.21507,51.42147]],[[-0.21302,51.41901],[-0.21341,51.41966],[-0.21304,51.41901],[-0.21302,51.41901]],[[-0.21126,51.41806],[-0.21198,51.41889],[-0.21126,51.41806],[-0.21126,51.41806]],[[-0.2107,51.4121],[-0.21052,51.41215],[-0.21491,51.41134],[-0.2107,51.4121]],[[-0.20453,51.40255],[-0.2063,51.40382],[-0.21162,51.40738],[-0.21156,51.40734],[-0.20453,51.40255]],[[-0.21451,51.40406],[-0.21299,51.4055],[-0.21492,51.40373],[-0.21451,51.40406]],[[-0.20935,51.40251],[-0.21113,51.40244],[-0.21038,51.40242],[-0.20935,51.40251]],[[-0.21761,51.39835],[-0.2166,51.39904],[-0.21761,51.39835],[-0.21761,51.39835]],[[-0.21697,51.39151],[-0.21552,51.39341],[-0.21629,51.39249],[-0.21697,51.39151]],[[-0.21641,51.38305],[-0.21524,51.38407],[-0.21731,51.38228],[-0.21641,51.38305]],[[-0.23274,51.40648],[-0.2353,51.40521],[-0.23178,51.4069],[-0.23274,51.40648]],[[-0.22882,51.4071],[-0.22944,51.40708],[-0.23011,51.40908],[-0.22945,51.40708],[-0.23178,51.4069],[-0.22882,51.4071]],[[-0.22734,51.40969],[-0.22635,51.41001],[-0.23011,51.40908],[-0.22734,51.40969]],[[-0.22872,51.40711],[-0.22466,51.40718],[-0.22348,51.40727],[-0.22872,51.40711]],[[-0.2208,51.40749],[-0.21987,51.40756],[-0.2197,51.40761],[-0.2208,51.40749]],[[-0.23373,51.39893],[-0.23513,51.39986],[-0.23513,51.39986],[-0.23373,51.39893]],[[-0.23266,51.39313],[-0.2268,51.39279],[-0.22934,51.39294],[-0.23266,51.39313]],[[-0.22131,51.39587],[-0.22087,51.39677],[-0.22111,51.39656],[-0.22131,51.39587]],[[-0.22348,51.3995],[-0.22383,51.3993],[-0.22478,51.39873],[-0.22348,51.3995]],[[-0.22361,51.38586],[-0.22233,51.38601],[-0.22176,51.38614],[-0.22361,51.38586]],[[-0.22969,51.40299],[-0.23329,51.40255],[-0.22916,51.40295],[-0.22969,51.40299]],[[-0.22898,51.3991],[-0.22913,51.40268],[-0.22916,51.40295],[-0.22898,51.3991]],[[-0.22851,51.40294],[-0.22807,51.4029],[-0.2264,51.40274],[-0.22851,51.40294]],[[-0.22205,51.40277],[-0.22534,51.4018],[-0.22491,51.40191],[-0.22205,51.40277]],[[-0.23647,51.41528],[-0.23769,51.41531],[-0.24089,51.41511],[-0.23647,51.41528]],[[-0.23036,51.41515],[-0.23001,51.41484],[-0.23096,51.41627],[-0.23036,51.41515]],[[-0.22023,51.41537],[-0.2211,51.41495],[-0.22337,51.41347],[-0.22023,51.41537]],[[-0.23535,51.4089],[-0.23538,51.40937],[-0.23558,51.40806],[-0.23535,51.4089]],[[-0.21694,51.41427],[-0.21907,51.41291],[-0.21889,51.413],[-0.21694,51.41427]],[[-0.22295,51.41112],[-0.22386,51.41078],[-0.2233,51.41096],[-0.22295,51.41112]],[[-0.22981,51.41827],[-0.23092,51.41887],[-0.22981,51.41827],[-0.22981,51.41827]],[[-0.22636,51.41869],[-0.22365,51.41968],[-0.22246,51.42023],[-0.22636,51.41869]],[[-0.2114,51.42773],[-0.20982,51.42658],[-0.21015,51.42694],[-0.2114,51.42773]],[[-0.21789,51.42715],[-0.21749,51.42768],[-0.21829,51.42687],[-0.21789,51.42715]],[[-0.20658,51.41674],[-0.2059,51.41643],[-0.20537,51.41624],[-0.20658,51.41674]],[[-0.20679,51.41463],[-0.20622,51.41333],[-0.20622,51.41333],[-0.20679,51.41463]],[[-0.19978,51.41517],[-0.20486,51.4137],[-0.20211,51.41445],[-0.19922,51.41523],[-0.19978,51.41517]],[[-0.19978,51.41238],[-0.19972,51.41235],[-0.20211,51.41445],[-0.19978,51.41238]],[[-0.19811,51.41534],[-0.19693,51.41531],[-0.19804,51.41534],[-0.19811,51.41534]],[[-0.20319,51.40159],[-0.20319,51.40159],[-0.20399,51.40125],[-0.20319,51.40159]],[[-0.20458,51.39447],[-0.20748,51.39433],[-0.20326,51.39445],[-0.20458,51.39447]],[[-0.20067,51.39804],[-0.2015,51.39953],[-0.20288,51.40137],[-0.20067,51.39804]],[[-0.19843,51.40215],[-0.19856,51.40504],[-0.19856,51.40504],[-0.19843,51.40215]],[[-0.20693,51.42099],[-0.204,51.42265],[-0.20692,51.42099],[-0.20693,51.42099]],[[-0.20174,51.41952],[-0.20449,51.42009],[-0.20193,51.41954],[-0.20174,51.41952]],[[-0.19761,51.42348],[-0.19711,51.42204],[-0.19721,51.42243],[-0.19761,51.42348]],[[-0.19878,51.43208],[-0.20053,51.42964],[-0.19891,51.43175],[-0.19878,51.43208]],[[-0.19643,51.42759],[-0.19574,51.42766],[-0.19641,51.4276],[-0.19664,51.42912],[-0.19643,51.42759]],[[-0.20348,51.42755],[-0.20226,51.42725],[-0.20202,51.42726],[-0.20348,51.42755]],[[-0.19725,51.43108],[-0.19672,51.43226],[-0.19682,51.43237],[-0.19725,51.43108]],[[-0.19618,51.43503],[-0.19707,51.43664],[-0.19707,51.43664],[-0.19618,51.43503]],[[-0.20064,51.43471],[-0.1993,51.43314],[-0.19969,51.4337],[-0.20064,51.43471]],[[-0.18779,51.42204],[-0.18798,51.42264],[-0.1876,51.4214],[-0.18779,51.42204]],[[-0.1809,51.42236],[-0.18296,51.42164],[-0.18242,51.42178],[-0.1809,51.42236]],[[-0.1622,51.40967],[-0.16369,51.40991],[-0.16281,51.40976],[-0.1622,51.40967]],[[-0.16813,51.40699],[-0.16626,51.40798],[-0.16755,51.40736],[-0.16813,51.40699]],[[-0.1679,51.40685],[-0.16688,51.40632],[-0.16813,51.40699],[-0.1679,51.40685]],[[-0.16407,51.40542],[-0.16566,51.40603],[-0.16688,51.40632],[-0.16407,51.40542]],[[-0.17085,51.40542],[-0.1701,51.40578],[-0.17199,51.40499],[-0.17085,51.40542]],[[-0.1695,51.40308],[-0.16873,51.4025],[-0.1696,51.40318],[-0.16976,51.40247],[-0.1695,51.40308]],[[-0.16127,51.40328],[-0.16103,51.40246],[-0.16043,51.4012],[-0.16127,51.40328]],[[-0.17218,51.39771],[-0.16739,51.39685],[-0.17252,51.39781],[-0.17218,51.39771]],[[-0.17468,51.40746],[-0.17809,51.40742],[-0.17345,51.40745],[-0.17468,51.40746]],[[-0.1753,51.39503],[-0.17803,51.39616],[-0.17893,51.39638],[-0.1753,51.39503]],[[-0.17485,51.39848],[-0.17308,51.39797],[-0.17486,51.39874],[-0.17446,51.3985],[-0.17485,51.39848]],[[-0.17894,51.40129],[-0.18263,51.40364],[-0.18313,51.40391],[-0.17894,51.40129]],[[-0.17421,51.40021],[-0.17507,51.39887],[-0.17507,51.39887],[-0.17421,51.40021]],[[-0.18001,51.40523],[-0.17657,51.4061],[-0.17841,51.40573],[-0.18001,51.40523]],[[-0.17264,51.41879],[-0.17252,51.41896],[-0.17309,51.41825],[-0.17264,51.41879]],[[-0.17857,51.41296],[-0.17904,51.41405],[-0.17847,51.41219],[-0.17857,51.41296]],[[-0.18734,51.41895],[-0.18134,51.41932],[-0.18053,51.41946],[-0.18734,51.41895]],[[-0.17925,51.42046],[-0.17956,51.42081],[-0.17945,51.4206],[-0.17925,51.42046]],[[-0.15836,51.40636],[-0.15705,51.40522],[-0.15844,51.40659],[-0.15836,51.40636]],[[-0.15846,51.40665],[-0.15655,51.4071],[-0.15846,51.40665],[-0.15846,51.40665]],[[-0.15033,51.40767],[-0.15341,51.40646],[-0.14814,51.40845],[-0.15033,51.40767]],[[-0.15083,51.4041],[-0.15071,51.40402],[-0.15341,51.40646],[-0.15083,51.4041]],[[-0.14333,51.40599],[-0.144,51.40547],[-0.14114,51.40715],[-0.14333,51.40599]],[[-0.13824,51.40849],[-0.13648,51.4077],[-0.1378,51.40835],[-0.13824,51.40849]],[[-0.13871,51.40308],[-0.13889,51.40299],[-0.13679,51.40393],[-0.13871,51.40308]],[[-0.12706,51.39851],[-0.12924,51.39928],[-0.12877,51.3991],[-0.12706,51.39851]],[[-0.15427,51.40214],[-0.15613,51.40268],[-0.15728,51.40301],[-0.15427,51.40214]],[[-0.1401,51.40204],[-0.14035,51.40226],[-0.14035,51.40226],[-0.1401,51.40204]],[[-0.13331,51.39984],[-0.13126,51.39906],[-0.13125,51.39907],[-0.13245,51.39956],[-0.13331,51.39984]],[[-0.14508,51.39386],[-0.13858,51.39207],[-0.15555,51.39711],[-0.14508,51.39386]],[[-0.14239,51.39763],[-0.14365,51.39634],[-0.14239,51.39763],[-0.14239,51.39763]],[[-0.13817,51.39603],[-0.13467,51.3951],[-0.1411,51.39715],[-0.13817,51.39603]],[[-0.14347,51.4171],[-0.14852,51.41356],[-0.15065,51.41185],[-0.14347,51.4171]],[[-0.15767,51.41864],[-0.15755,51.41859],[-0.15613,51.41831],[-0.15767,51.41864]],[[-0.153,51.41724],[-0.15493,51.4179],[-0.15579,51.41794],[-0.153,51.41724]],[[-0.14964,51.4184],[-0.1516,51.41727],[-0.15289,51.41641],[-0.14964,51.4184]],[[-0.15252,51.41618],[-0.14941,51.41528],[-0.15289,51.41641],[-0.15252,51.41618]],[[-0.15554,51.41426],[-0.15523,51.41453],[-0.1547,51.41509],[-0.15554,51.41426]]]}},{"type":"Feature","properties":{"n":"Newham"},"geometry":{"type":"Polygon","coordinates":[[[0.00969,51.50684],[0.01047,51.50858],[0.00983,51.50917],[0.00657,51.51003],[0.00818,51.51254],[0.00812,51.51334],[0.00721,51.51437],[0.00632,51.51461],[0.00514,51.51418],[0.00428,51.51341],[0.00371,51.51104],[0.00257,51.51097],[0.00438,51.51469],[0.00315,51.51583],[-0.00254,51.51848],[-0.00248,51.5182],[-0.00404,51.51789],[-0.00512,51.51692],[-0.00656,51.51896],[-0.00855,51.52005],[-0.00866,51.52076],[-0.00722,51.52282],[-0.00652,51.52566],[-0.00209,51.52703],[0.00066,51.52831],[0.00087,51.52927],[0.00182,51.53032],[0.00111,51.53109],[-0.00078,51.52814],[-0.0023,51.52716],[-0.0038,51.52696],[-0.00389,51.52826],[-0.00431,51.52788],[-0.00419,51.52687],[-0.00493,51.52645],[-0.00645,51.52632],[-0.00697,51.52709],[-0.00798,51.52723],[-0.00694,51.52606],[-0.00786,51.52303],[-0.00797,51.52286],[-0.00786,51.52317],[-0.0081,51.52374],[-0.00794,51.52468],[-0.00741,51.52615],[-0.00837,51.52721],[-0.01034,51.52862],[-0.01055,51.52917],[-0.01362,51.52984],[-0.01764,51.53167],[-0.01821,51.53245],[-0.01804,51.53334],[-0.01868,51.53387],[-0.01964,51.53551],[-0.02101,51.53645],[-0.02112,51.53735],[-0.01948,51.53824],[-0.01852,51.53962],[-0.01781,51.54016],[-0.01756,51.54098],[-0.01659,51.54131],[-0.01638,51.54179],[-0.01636,51.54287],[-0.01734,51.54724],[-0.01898,51.55059],[-0.0191,51.55162],[-0.01716,51.55171],[-0.01694,51.55141],[-0.01086,51.55262],[-0.00945,51.55222],[-0.00866,51.54993],[-0.00378,51.55113],[-0.00364,51.55092],[-0.00017,51.55174],[0.00315,51.55204],[0.00388,51.55178],[0.00499,51.55187],[0.00521,51.55216],[0.00529,51.55179],[0.0058,51.55187],[0.00558,51.55067],[0.00954,51.55124],[0.00969,51.55159],[0.01085,51.55226],[0.00965,51.55344],[0.01114,51.5544],[0.01165,51.55392],[0.0146,51.55496],[0.01628,51.55322],[0.01738,51.55335],[0.02156,51.55488],[0.02037,51.55627],[0.0225,51.55617],[0.0226,51.5567],[0.02318,51.55686],[0.02379,51.55553],[0.02529,51.55555],[0.02537,51.55406],[0.03202,51.55457],[0.03536,51.55532],[0.04616,51.55484],[0.04387,51.55756],[0.04278,51.55833],[0.04306,51.55845],[0.04196,51.56145],[0.05034,51.56399],[0.05139,51.56232],[0.05412,51.56086],[0.05449,51.55965],[0.05573,51.55934],[0.05633,51.55859],[0.0569,51.55872],[0.05715,51.55811],[0.05829,51.55785],[0.06,51.55652],[0.06321,51.55756],[0.06505,51.55635],[0.06669,51.55444],[0.06697,51.55303],[0.06782,51.55306],[0.0687,51.54612],[0.06835,51.54442],[0.06247,51.54527],[0.05367,51.54718],[0.06284,51.54518],[0.06831,51.54429],[0.06672,51.54115],[0.06696,51.53986],[0.06911,51.53734],[0.06806,51.53616],[0.06968,51.53615],[0.07138,51.53351],[0.07273,51.53079],[0.07283,51.52941],[0.07541,51.52989],[0.07557,51.52971],[0.07446,51.52969],[0.07333,51.52941],[0.07328,51.5292],[0.07518,51.52951],[0.07799,51.52912],[0.07851,51.52881],[0.07796,51.52861],[0.07753,51.52885],[0.07761,51.52849],[0.07885,51.52844],[0.08012,51.5275],[0.08309,51.52661],[0.0852,51.52558],[0.08649,51.5256],[0.08886,51.52623],[0.08968,51.52558],[0.09209,51.52562],[0.09225,51.52414],[0.0907,51.52394],[0.09178,51.52356],[0.09182,51.52255],[0.09446,51.5203],[0.09394,51.51897],[0.09477,51.51649],[0.09559,51.51576],[0.09682,51.51534],[0.0966,51.51508],[0.09561,51.51546],[0.094,51.51498],[0.09026,51.5148],[0.09053,51.5143],[0.08807,51.51367],[0.08484,51.51237],[0.08332,51.51152],[0.08368,51.51097],[0.081,51.5086],[0.08025,51.5084],[0.07798,51.50515],[0.07671,51.5049],[0.0778,51.50458],[0.07823,51.50438],[0.07815,51.50398],[0.07776,51.50454],[0.07684,51.50383],[0.07625,51.50384],[0.07666,51.50346],[0.07526,51.50226],[0.07396,51.50212],[0.07466,51.5016],[0.07367,51.50036],[0.06969,51.49919],[0.06883,51.49915],[0.06875,51.49935],[0.06866,51.49907],[0.06012,51.49836],[0.05761,51.49845],[0.04931,51.49956],[0.04347,51.49991],[0.03496,51.49964],[0.02732,51.49869],[0.02465,51.49862],[0.02246,51.49912],[0.02236,51.4989],[0.01968,51.49964],[0.01713,51.501],[0.0155,51.50264],[0.01517,51.50251],[0.01464,51.50298],[0.01486,51.50324],[0.01447,51.50316],[0.01308,51.50445],[0.01362,51.505],[0.01335,51.50485],[0.01203,51.50528],[0.00969,51.50684]],[[0.01295,51.51636],[0.00774,51.51537],[0.00438,51.51469],[0.01295,51.51636]],[[0.00481,51.52831],[0.00565,51.52851],[-0.00652,51.52566],[0.00481,51.52831]],[[0.08012,51.5275],[0.06642,51.52295],[0.05893,51.52039],[0.08012,51.5275]],[[0.06342,51.50002],[0.06336,51.50027],[0.06358,51.49864],[0.06342,51.50002]],[[0.02391,51.5525],[0.02529,51.5525],[0.02529,51.55256],[0.02391,51.5525]],[[0.02513,51.54956],[0.03307,51.55068],[0.02486,51.54952],[0.02513,51.54956]],[[0.01987,51.54864],[0.01542,51.54783],[0.02486,51.54952],[0.01987,51.54864]],[[0.03117,51.54693],[0.03117,51.54693],[0.03057,51.54926],[0.03117,51.54693]],[[0.02675,51.54657],[0.03112,51.54692],[0.03116,51.54693],[0.02675,51.54657]],[[0.02773,51.54158],[0.02968,51.54164],[0.02633,51.54163],[0.02773,51.54158]],[[0.02911,51.53849],[0.03235,51.53882],[0.02956,51.53864],[0.02911,51.53849]],[[0.02995,51.53731],[0.02933,51.5372],[0.03065,51.53717],[0.02995,51.53731]],[[0.02782,51.53708],[0.02738,51.53698],[0.02821,51.53711],[0.02782,51.53708]],[[0.02696,51.53347],[0.03243,51.53473],[0.03527,51.53538],[0.03264,51.53478],[0.02696,51.53347]],[[0.02592,51.52956],[0.02936,51.53031],[0.03306,51.53086],[0.02882,51.53025],[0.02592,51.52956]],[[0.0333,51.52848],[0.0337,51.52824],[0.03168,51.52977],[0.0333,51.52848]],[[0.03668,51.52567],[0.0352,51.5266],[0.03463,51.52693],[0.03668,51.52567]],[[0.03946,51.52545],[0.03883,51.52727],[0.03753,51.5298],[0.03832,51.52813],[0.03946,51.52545]],[[0.04533,51.52468],[0.04495,51.52473],[0.03946,51.52545],[0.04533,51.52468]],[[0.04099,51.52032],[0.04131,51.51969],[0.03965,51.52355],[0.04099,51.52032]],[[0.03805,51.52132],[0.03977,51.52064],[0.04099,51.52032],[0.03805,51.52132]],[[0.04166,51.51015],[0.04308,51.51063],[0.04357,51.51088],[0.04166,51.51015]],[[0.03985,51.50677],[0.03985,51.50677],[0.03998,51.50765],[0.03985,51.50677]],[[0.01168,51.55025],[0.01201,51.55053],[0.01111,51.55012],[0.01168,51.55025]],[[0.01532,51.54781],[0.01484,51.54819],[0.01532,51.54781],[0.01532,51.54781]],[[0.01583,51.54453],[0.01547,51.54526],[0.01587,51.5441],[0.01583,51.54453]],[[0.01089,51.53957],[0.0107,51.54052],[0.0106,51.5407],[0.01089,51.53957]],[[0.01108,51.53653],[0.01125,51.53701],[0.01085,51.53607],[0.01108,51.53653]],[[0.01177,51.53553],[0.01176,51.53589],[0.01172,51.53522],[0.01177,51.53553]],[[0.01064,51.5336],[0.01139,51.53418],[0.01082,51.53387],[0.01064,51.5336]],[[0.01794,51.5314],[0.01669,51.53115],[0.0121,51.53003],[0.01794,51.5314]],[[0.0193,51.53103],[0.01625,51.53209],[0.01794,51.5314],[0.0193,51.53103]],[[0.01758,51.52758],[0.0192,51.53079],[0.0193,51.53103],[0.01758,51.52758]],[[0.01423,51.52899],[0.0172,51.52774],[0.01197,51.53],[0.01423,51.52899]],[[0.01163,51.52174],[0.0117,51.52249],[0.01163,51.52174],[0.01163,51.52174]],[[0.01685,51.51966],[0.01646,51.51997],[0.01767,51.51873],[0.01685,51.51966]],[[0.01923,51.52073],[0.01969,51.52095],[0.01685,51.51966],[0.01923,51.52073]],[[0.01714,51.5156],[0.01716,51.51587],[0.01694,51.51492],[0.01714,51.5156]],[[0.01663,51.51441],[0.01684,51.51461],[0.01561,51.5136],[0.01663,51.51441]],[[0.03244,51.51704],[0.02303,51.51733],[0.02291,51.51502],[0.02307,51.5173],[0.03244,51.51704]],[[0.02969,51.51349],[0.02619,51.51301],[0.02864,51.51334],[0.02969,51.51349]],[[0.02194,51.51182],[0.02189,51.51118],[0.02203,51.5122],[0.02194,51.51182]],[[0.02583,51.50559],[0.02989,51.50573],[0.01882,51.50539],[0.02583,51.50559]],[[0.02639,51.5024],[0.02668,51.50406],[0.02639,51.5024],[0.02639,51.5024]],[[0.03028,51.50014],[0.02926,51.50028],[0.02833,51.50029],[0.03028,51.50014]],[[0.01709,51.5171],[0.01735,51.5173],[0.01313,51.5164],[0.01709,51.5171]],[[-0.01462,51.54259],[-0.00859,51.53979],[-0.00863,51.53982],[-0.01462,51.54259]],[[-0.0083,51.54556],[-0.00815,51.54613],[-0.00828,51.54613],[-0.0083,51.54556]],[[-0.00963,51.54726],[-0.00943,51.54704],[-0.00828,51.54613],[-0.00963,51.54726]],[[-0.00814,51.54613],[-0.00814,51.54556],[-0.00814,51.54613],[-0.00814,51.54613]],[[-0.00425,51.5455],[-0.00394,51.5456],[-0.00814,51.54556],[-0.00425,51.5455]],[[-0.00098,51.54265],[-0.0015,51.54237],[0.00041,51.54312],[-0.00098,51.54265]],[[-0.00028,51.5397],[0.00036,51.54007],[0.00085,51.54049],[-0.00028,51.5397]],[[0.00378,51.54249],[0.00449,51.54433],[0.0045,51.54475],[0.00378,51.54249]],[[0.00993,51.54199],[0.00993,51.54199],[0.01201,51.54159],[0.00993,51.54199]],[[0.01308,51.51639],[0.01308,51.51639],[0.01334,51.5159],[0.01308,51.51639]],[[0.01299,51.5124],[0.01272,51.51162],[0.01299,51.5124],[0.01299,51.5124]],[[-0.00696,51.53319],[-0.00696,51.53319],[-0.00714,51.53274],[-0.00696,51.53319]],[[-0.00429,51.53634],[-0.00429,51.53634],[-0.00574,51.53525],[-0.00429,51.53634]],[[-0.00353,51.53619],[-0.00306,51.53655],[-0.00381,51.53599],[-0.00353,51.53619]],[[0.00957,51.53168],[0.00899,51.53303],[0.00925,51.53213],[0.00957,51.53168]],[[0.01004,51.52181],[0.00987,51.52267],[0.01005,51.52106],[0.01004,51.52181]],[[0.01064,51.51778],[0.01073,51.51695],[0.01062,51.51813],[0.01064,51.51778]],[[0.00523,51.53839],[0.00476,51.53831],[0.00486,51.53826],[0.00523,51.53839]],[[0.00696,51.53517],[0.00686,51.5355],[0.0068,51.53542],[0.00696,51.53517]],[[-0.00858,51.53978],[-0.00858,51.53978],[-0.00955,51.53849],[-0.00858,51.53978]],[[-0.0072,51.53677],[-0.00748,51.53643],[-0.00748,51.53643],[-0.0072,51.53677]],[[-0.01064,51.53156],[-0.00789,51.53351],[-0.00767,51.53367],[-0.01064,51.53156]],[[0.01047,51.54094],[0.00567,51.53913],[0.00484,51.53874],[0.01047,51.54094]],[[-0.00649,51.54839],[-0.00602,51.54853],[-0.0077,51.54831],[-0.00649,51.54839]],[[-0.00362,51.54642],[-0.0045,51.5483],[-0.00463,51.54858],[-0.00362,51.54642]],[[0.00064,51.5474],[0.00019,51.54869],[0.00036,51.54799],[0.00064,51.5474]],[[0.00165,51.54995],[0.00165,51.54995],[-0.00199,51.54986],[0.00165,51.54995]],[[0.00672,51.54617],[0.00512,51.54584],[0.00803,51.54642],[0.00672,51.54617]],[[0.01648,51.50924],[0.01868,51.50947],[0.01736,51.50939],[0.01648,51.50924]],[[0.01642,51.54552],[0.02108,51.54643],[0.02059,51.54634],[0.01642,51.54552]],[[0.02649,51.52237],[0.02636,51.51939],[0.02645,51.52047],[0.02649,51.52237]],[[0.0176,51.53336],[0.01779,51.5338],[0.01796,51.53442],[0.0176,51.53336]],[[0.02205,51.53203],[0.02206,51.5327],[0.02203,51.53233],[0.02205,51.53203]],[[0.02256,51.52096],[0.01845,51.51815],[0.02233,51.52065],[0.02256,51.52096]],[[0.02446,51.52527],[0.02122,51.52606],[0.02311,51.52549],[0.02446,51.52527]],[[0.01798,51.53452],[0.01693,51.53525],[0.01798,51.53452],[0.01798,51.53452]],[[0.02201,51.53689],[0.01856,51.53702],[0.0217,51.53687],[0.02201,51.53689]],[[0.02234,51.53494],[0.02258,51.53319],[0.02235,51.53496],[0.02234,51.53494]],[[0.02557,51.53367],[0.02647,51.53419],[0.02645,51.53418],[0.02557,51.53367]],[[0.01999,51.54142],[0.02122,51.54138],[0.02285,51.54137],[0.01999,51.54142]],[[0.02363,51.54248],[0.02354,51.54329],[0.02339,51.54411],[0.02363,51.54248]],[[0.03739,51.51191],[0.03545,51.51166],[0.03321,51.51136],[0.03739,51.51191]],[[0.03017,51.50228],[0.03113,51.50237],[0.02829,51.50234],[0.03017,51.50228]],[[0.03539,51.50076],[0.03539,51.50076],[0.03148,51.49962],[0.03539,51.50076]],[[0.0321,51.51427],[0.0322,51.51354],[0.03218,51.51402],[0.0321,51.51427]],[[0.03647,51.51626],[0.03695,51.51622],[0.03642,51.51633],[0.03652,51.51554],[0.03647,51.51626]],[[0.03927,51.51897],[0.03927,51.51897],[0.03889,51.51837],[0.03927,51.51897]],[[0.02909,51.52618],[0.03036,51.524],[0.02914,51.52613],[0.02909,51.52618]],[[0.044,51.54984],[0.04534,51.55004],[0.04446,51.54991],[0.03946,51.55059],[0.044,51.54984]],[[0.03552,51.54841],[0.04134,51.54934],[0.03552,51.54841],[0.03552,51.54841]],[[0.03654,51.54729],[0.03792,51.54755],[0.03863,51.54601],[0.03777,51.54791],[0.0379,51.54758],[0.03654,51.54729]],[[0.04113,51.54613],[0.0407,51.54607],[0.03697,51.54541],[0.04113,51.54613]],[[0.04188,51.54369],[0.04224,51.54408],[0.04152,51.54361],[0.04188,51.54369]],[[0.04334,51.54133],[0.04272,51.54234],[0.04188,51.54369],[0.04334,51.54133]],[[0.03892,51.54096],[0.03877,51.54127],[0.03733,51.54307],[0.03742,51.54277],[0.03892,51.54096]],[[0.03862,51.54071],[0.03849,51.54086],[0.03768,51.54117],[0.03862,51.54071]],[[0.05372,51.53975],[0.05699,51.54095],[0.0521,51.53936],[0.05372,51.53975]],[[0.05528,51.53529],[0.05398,51.53798],[0.05436,51.53699],[0.05528,51.53529]],[[0.05714,51.53739],[0.05763,51.53594],[0.05778,51.53563],[0.05714,51.53739]],[[0.05888,51.5335],[0.05879,51.534],[0.0582,51.53569],[0.05828,51.53545],[0.05888,51.5335]],[[0.05515,51.53207],[0.05631,51.531],[0.05375,51.53376],[0.05515,51.53207]],[[0.05329,51.52807],[0.05268,51.52921],[0.05199,51.53048],[0.05329,51.52807]],[[0.04786,51.52953],[0.04744,51.52943],[0.05199,51.53048],[0.04786,51.52953]],[[0.04779,51.52855],[0.04915,51.52577],[0.04744,51.52943],[0.04779,51.52855]],[[0.05713,51.52486],[0.05672,51.52474],[0.05594,51.52619],[0.0567,51.52458],[0.05713,51.52486]],[[0.04821,51.52357],[0.04835,51.5241],[0.04821,51.52357],[0.04821,51.52357]],[[0.05099,51.52216],[0.05439,51.52225],[0.05102,51.52219],[0.04612,51.5228],[0.05099,51.52216]],[[0.05361,51.52207],[0.05521,51.52244],[0.05439,51.52225],[0.05361,51.52207]],[[0.0549,51.51975],[0.05274,51.5205],[0.0549,51.51975],[0.0549,51.51975]],[[0.05608,51.51983],[0.05528,51.51974],[0.0553,51.51974],[0.05608,51.51983]],[[0.05176,51.5162],[0.05605,51.51599],[0.05395,51.51611],[0.05176,51.5162]],[[0.053,51.51488],[0.05298,51.51548],[0.05299,51.51488],[0.053,51.51488]],[[0.04728,51.50744],[0.0474,51.50959],[0.04728,51.50744],[0.04728,51.50744]],[[0.03899,51.54025],[0.04048,51.53933],[0.04056,51.53928],[0.03899,51.54025]],[[0.03804,51.53686],[0.03946,51.53634],[0.03946,51.53634],[0.03804,51.53686]],[[0.03926,51.5363],[0.03926,51.5363],[0.03925,51.53547],[0.03926,51.5363]],[[0.03265,51.54212],[0.03265,51.54212],[0.03013,51.54198],[0.03265,51.54212]],[[0.03715,51.54476],[0.03626,51.54461],[0.03626,51.5446],[0.03715,51.54476]],[[0.03714,51.54373],[0.03724,51.54513],[0.03715,51.54476],[0.03714,51.54373]],[[0.03499,51.5322],[0.03447,51.533],[0.03496,51.53224],[0.03515,51.53094],[0.03499,51.5322]],[[0.03413,51.53046],[0.03599,51.53113],[0.03515,51.53094],[0.03413,51.53046]],[[0.03295,51.53921],[0.03302,51.53913],[0.03258,51.54048],[0.03295,51.53921]],[[0.03271,51.54114],[0.03267,51.54176],[0.03258,51.54048],[0.03271,51.54114]],[[0.03236,51.54374],[0.03234,51.54383],[0.03196,51.54479],[0.03236,51.54374]],[[0.04227,51.53062],[0.04352,51.53085],[0.04089,51.53064],[0.04227,51.53062]],[[0.04338,51.53114],[0.04338,51.53114],[0.04352,51.53085],[0.04338,51.53114]],[[0.04666,51.53171],[0.04781,51.53191],[0.04591,51.53158],[0.04666,51.53171]],[[0.04772,51.52978],[0.04976,51.53026],[0.04728,51.52972],[0.04772,51.52978]],[[0.05152,51.51707],[0.05067,51.51711],[0.05022,51.51705],[0.05152,51.51707]],[[0.04241,51.52682],[0.04278,51.5269],[0.0432,51.52713],[0.04241,51.52682]],[[0.04274,51.52823],[0.0451,51.52861],[0.0451,51.52861],[0.04274,51.52823]],[[0.0451,51.52861],[0.04497,51.52893],[0.0445,51.52922],[0.0451,51.52861]],[[0.04416,51.53743],[0.04051,51.53659],[0.04355,51.53728],[0.04416,51.53743]],[[0.0422,51.5383],[0.04241,51.53817],[0.04416,51.53743],[0.0422,51.5383]],[[0.0463,51.53545],[0.04539,51.53662],[0.04644,51.53502],[0.0463,51.53545]],[[0.05111,51.53472],[0.04729,51.534],[0.0488,51.53427],[0.05111,51.53472]],[[0.05838,51.50117],[0.05813,51.50029],[0.05779,51.49863],[0.05838,51.50117]],[[0.0536,51.539],[0.05688,51.53945],[0.0618,51.54016],[0.0536,51.539]],[[0.0569,51.55425],[0.05555,51.55339],[0.05575,51.55344],[0.0569,51.55425]],[[0.05498,51.55099],[0.05453,51.55079],[0.05653,51.55132],[0.05498,51.55099]],[[0.05402,51.55261],[0.05221,51.55195],[0.05268,51.552],[0.05402,51.55261]],[[0.05462,51.54842],[0.05217,51.54801],[0.05413,51.54833],[0.05462,51.54842]],[[0.05646,51.54605],[0.0554,51.54493],[0.05542,51.54495],[0.05646,51.54605]],[[0.04429,51.54844],[0.04549,51.54675],[0.04561,51.54677],[0.04429,51.54844]],[[0.04988,51.54365],[0.04952,51.54513],[0.04926,51.54558],[0.04988,51.54365]],[[0.04919,51.5457],[0.04919,51.5457],[0.04197,51.54464],[0.04919,51.5457]],[[0.0625,51.51361],[0.06267,51.51281],[0.0629,51.51253],[0.0625,51.51361]],[[0.06052,51.51584],[0.06506,51.51543],[0.06864,51.51528],[0.06052,51.51584]],[[0.05944,51.52875],[0.05638,51.52829],[0.06401,51.52916],[0.05944,51.52875]],[[0.059,51.5331],[0.059,51.5331],[0.05991,51.53324],[0.059,51.5331]],[[0.06102,51.52639],[0.06272,51.52688],[0.05957,51.52623],[0.06102,51.52639]],[[0.06513,51.52908],[0.06429,51.52918],[0.06429,51.52918],[0.06513,51.52908]],[[0.06181,51.53593],[0.06181,51.53593],[0.06161,51.53646],[0.06181,51.53593]],[[0.06286,51.5494],[0.06361,51.54954],[0.06551,51.54993],[0.06286,51.5494]],[[0.06554,51.55013],[0.06554,51.55013],[0.06551,51.54993],[0.06554,51.55013]],[[0.0579,51.54878],[0.05943,51.54897],[0.05975,51.54904],[0.0579,51.54878]],[[0.05952,51.55126],[0.05949,51.55219],[0.05935,51.55258],[0.05952,51.55126]],[[0.06136,51.55229],[0.06527,51.55184],[0.06242,51.55219],[0.06136,51.55229]]]}},{"type":"Feature","properties":{"n":"Redbridge"},"geometry":{"type":"Polygon","coordinates":[[[0.03536,51.55532],[0.03202,51.55457],[0.02537,51.55406],[0.02532,51.55619],[0.02529,51.55555],[0.02379,51.55553],[0.02318,51.55686],[0.0226,51.5567],[0.0225,51.55617],[0.02037,51.55627],[0.01812,51.55814],[0.01631,51.55923],[0.0148,51.55944],[0.01421,51.56174],[0.01446,51.5656],[0.01753,51.56564],[0.01856,51.56604],[0.01897,51.56649],[0.01769,51.57],[0.01912,51.56993],[0.01893,51.57225],[0.02909,51.57606],[0.01804,51.57202],[0.0175,51.57259],[0.01649,51.57289],[0.01741,51.57441],[0.01742,51.57686],[0.0168,51.57885],[0.01526,51.58171],[0.0157,51.58186],[0.01527,51.58251],[0.01551,51.58329],[0.01438,51.58333],[0.0134,51.58379],[0.01252,51.59036],[0.012,51.59232],[0.01289,51.59908],[0.01911,51.60777],[0.01948,51.60764],[0.01927,51.60823],[0.0214,51.61172],[0.02011,51.61333],[0.01617,51.61689],[0.0088,51.61908],[0.01453,51.6189],[0.01473,51.61975],[0.01434,51.6203],[0.01633,51.62132],[0.01622,51.62178],[0.01866,51.62305],[0.01915,51.62503],[0.02005,51.62649],[0.01994,51.62699],[0.02057,51.6273],[0.02072,51.62825],[0.02106,51.62828],[0.02115,51.62903],[0.02443,51.6276],[0.02683,51.62591],[0.02909,51.62511],[0.02896,51.62467],[0.03073,51.62364],[0.03052,51.62329],[0.03147,51.6231],[0.03262,51.62236],[0.03425,51.62083],[0.03748,51.61833],[0.03755,51.6179],[0.04017,51.6164],[0.03996,51.61608],[0.0408,51.61574],[0.04372,51.61694],[0.04629,51.61739],[0.04726,51.61736],[0.0531,51.61842],[0.05371,51.61828],[0.05439,51.61761],[0.05414,51.61667],[0.05327,51.61634],[0.0518,51.6168],[0.05022,51.61641],[0.04831,51.61461],[0.04822,51.61321],[0.04892,51.61357],[0.05211,51.61222],[0.06155,51.60772],[0.06444,51.60606],[0.063,51.60691],[0.06401,51.60722],[0.06597,51.60632],[0.07295,51.60473],[0.07852,51.60691],[0.08021,51.60696],[0.08447,51.60636],[0.0871,51.60449],[0.08892,51.60494],[0.0891,51.60526],[0.09258,51.6062],[0.09195,51.60712],[0.09187,51.60821],[0.09261,51.60941],[0.09391,51.60988],[0.09424,51.61065],[0.09465,51.61074],[0.09364,51.61248],[0.09229,51.61357],[0.09806,51.61543],[0.10015,51.61274],[0.10341,51.61345],[0.10384,51.61255],[0.10728,51.61334],[0.11099,51.61454],[0.11672,51.61692],[0.11883,51.6154],[0.12034,51.61575],[0.12472,51.61795],[0.1261,51.61964],[0.12888,51.6207],[0.12919,51.62144],[0.13581,51.62355],[0.13818,51.62354],[0.14443,51.61679],[0.14541,51.61465],[0.14735,51.61256],[0.14866,51.60866],[0.1487,51.60732],[0.14841,51.60616],[0.14861,51.60414],[0.1495,51.60288],[0.14816,51.59905],[0.14659,51.59945],[0.1348,51.59256],[0.12956,51.59006],[0.13103,51.58753],[0.12643,51.58671],[0.1273,51.58393],[0.12771,51.58392],[0.12806,51.58326],[0.12767,51.58166],[0.13259,51.58132],[0.13346,51.57995],[0.13126,51.57948],[0.13073,51.57908],[0.13164,51.57713],[0.12926,51.57629],[0.12945,51.57398],[0.12997,51.57306],[0.13094,51.57344],[0.13159,51.57184],[0.12988,51.5716],[0.13005,51.57076],[0.13049,51.57049],[0.12976,51.5689],[0.1297,51.5681],[0.12939,51.56653],[0.12769,51.56611],[0.12481,51.56417],[0.11906,51.56307],[0.1189,51.56273],[0.11978,51.56249],[0.11751,51.55916],[0.12051,51.55854],[0.11896,51.55735],[0.11716,51.55739],[0.11718,51.55689],[0.11336,51.55732],[0.11275,51.55652],[0.11477,51.5553],[0.11343,51.5543],[0.11189,51.55261],[0.10845,51.55268],[0.10834,51.55222],[0.10742,51.55192],[0.10472,51.55],[0.09999,51.5485],[0.09349,51.54579],[0.09307,51.54644],[0.09234,51.54856],[0.09276,51.55],[0.09255,51.54939],[0.09256,51.54961],[0.09172,51.54907],[0.0915,51.54826],[0.08627,51.54743],[0.08157,51.54555],[0.0816,51.5452],[0.07797,51.54409],[0.07755,51.54453],[0.07683,51.54459],[0.07438,51.5439],[0.07148,51.54364],[0.06971,51.54407],[0.06967,51.54645],[0.06898,51.54898],[0.06934,51.55052],[0.06861,51.55138],[0.06798,51.5543],[0.06726,51.55547],[0.06737,51.55507],[0.06601,51.55679],[0.06326,51.55825],[0.06193,51.55812],[0.06095,51.55848],[0.05806,51.56075],[0.0574,51.56085],[0.06073,51.55842],[0.06188,51.558],[0.06272,51.55808],[0.0641,51.5578],[0.06587,51.55672],[0.06742,51.55485],[0.06833,51.55143],[0.06925,51.55029],[0.06872,51.54902],[0.06942,51.54633],[0.06934,51.54416],[0.06835,51.54442],[0.0687,51.54612],[0.06863,51.54809],[0.06782,51.55306],[0.06697,51.55303],[0.06663,51.55468],[0.06505,51.55635],[0.06325,51.55753],[0.06,51.55651],[0.05829,51.55785],[0.05715,51.55811],[0.0569,51.55872],[0.05633,51.55859],[0.05573,51.55934],[0.05449,51.55965],[0.05412,51.56086],[0.05139,51.56232],[0.05034,51.56399],[0.04203,51.56148],[0.04306,51.55845],[0.04278,51.55833],[0.04387,51.55756],[0.04616,51.55484],[0.03536,51.55532]],[[0.1228,51.56716],[0.11928,51.56666],[0.1297,51.5681],[0.1228,51.56716]],[[0.06543,51.55816],[0.06541,51.55815],[0.06425,51.55784],[0.06543,51.55816]],[[0.06977,51.59812],[0.07001,51.59808],[0.06606,51.59875],[0.06977,51.59812]],[[0.06779,51.59702],[0.06742,51.59625],[0.06808,51.59736],[0.06779,51.59702]],[[0.06273,51.59286],[0.06422,51.59374],[0.06349,51.59334],[0.06273,51.59286]],[[0.06614,51.59144],[0.05807,51.59173],[0.06637,51.59143],[0.06614,51.59144]],[[0.06684,51.59104],[0.06685,51.59141],[0.06685,51.59141],[0.06684,51.59104]],[[0.07008,51.58749],[0.07008,51.58749],[0.06548,51.58977],[0.07008,51.58749]],[[0.06592,51.58274],[0.06745,51.5834],[0.0635,51.58171],[0.06592,51.58274]],[[0.06513,51.5797],[0.06589,51.58007],[0.06545,51.57986],[0.06513,51.5797]],[[0.06397,51.57654],[0.06697,51.57638],[0.06587,51.57657],[0.06397,51.57654]],[[0.0651,51.56814],[0.06639,51.566],[0.06423,51.56985],[0.0651,51.56814]],[[0.06764,51.56304],[0.06696,51.56395],[0.066,51.56484],[0.06764,51.56304]],[[0.07532,51.56028],[0.07565,51.55903],[0.07532,51.56028],[0.07532,51.56028]],[[0.07559,51.5579],[0.0767,51.55852],[0.07638,51.55837],[0.07559,51.5579]],[[0.07722,51.55519],[0.07714,51.55554],[0.07559,51.5579],[0.07722,51.55519]],[[0.07864,51.55471],[0.08009,51.55504],[0.08064,51.55522],[0.07864,51.55471]],[[0.07982,51.55426],[0.08264,51.55469],[0.08039,51.55447],[0.07982,51.55426]],[[0.0824,51.55154],[0.08234,51.55189],[0.08206,51.55219],[0.0824,51.55154]],[[0.08167,51.55104],[0.08167,51.55104],[0.08156,51.55135],[0.08167,51.55104]],[[0.08302,51.54998],[0.0834,51.55006],[0.08214,51.54978],[0.08302,51.54998]],[[0.03351,51.60418],[0.03296,51.60496],[0.03296,51.60496],[0.03351,51.60418]],[[0.03808,51.60739],[0.03682,51.60788],[0.03551,51.60553],[0.03688,51.60782],[0.03808,51.60739]],[[0.03223,51.6036],[0.03799,51.60215],[0.04308,51.60071],[0.04051,51.60152],[0.03223,51.6036]],[[0.03756,51.59415],[0.03943,51.59713],[0.03793,51.59475],[0.03756,51.59415]],[[0.03777,51.59248],[0.03774,51.5936],[0.03756,51.59415],[0.03777,51.59248]],[[0.04094,51.58288],[0.04147,51.59044],[0.04101,51.58559],[0.04094,51.58288]],[[0.04276,51.57954],[0.04336,51.57862],[0.04094,51.58288],[0.04276,51.57954]],[[0.04506,51.57176],[0.04476,51.57196],[0.04755,51.56956],[0.04506,51.57176]],[[0.05934,51.56751],[0.05804,51.56634],[0.05684,51.56524],[0.05934,51.56751]],[[0.06466,51.56802],[0.06437,51.5683],[0.06478,51.56763],[0.06466,51.56802]],[[0.01708,51.59566],[0.01731,51.59537],[0.01708,51.59566],[0.01708,51.59566]],[[0.02394,51.59922],[0.02449,51.59915],[0.02108,51.59961],[0.02394,51.59922]],[[0.0245,51.60001],[0.02567,51.59995],[0.02393,51.60008],[0.0245,51.60001]],[[0.02964,51.59888],[0.02848,51.59629],[0.03065,51.60072],[0.02964,51.59888]],[[0.02778,51.59377],[0.02735,51.59138],[0.02848,51.59629],[0.02778,51.59377]],[[0.0263,51.58841],[0.02654,51.58884],[0.02735,51.59138],[0.0263,51.58841]],[[0.03085,51.60108],[0.03215,51.60085],[0.03085,51.60108],[0.03085,51.60108]],[[0.03093,51.5685],[0.03265,51.56802],[0.03415,51.56785],[0.03093,51.5685]],[[0.0312,51.56909],[0.03185,51.57141],[0.03093,51.5685],[0.0312,51.56909]],[[0.02345,51.58043],[0.02312,51.58024],[0.02197,51.57939],[0.02345,51.58043]],[[0.0339,51.58517],[0.03024,51.58417],[0.03169,51.58454],[0.0339,51.58517]],[[0.02727,51.57677],[0.02909,51.57692],[0.02956,51.57711],[0.02727,51.57677]],[[0.03172,51.57742],[0.03015,51.57719],[0.03023,51.57709],[0.03172,51.57742]],[[0.03364,51.57914],[0.03305,51.57897],[0.03411,51.57923],[0.03364,51.57914]],[[0.03472,51.57865],[0.03382,51.57974],[0.03411,51.57923],[0.03472,51.57865]],[[0.02239,51.5926],[0.02188,51.59264],[0.02238,51.59253],[0.02239,51.5926]],[[0.02216,51.58967],[0.02231,51.59161],[0.02211,51.5895],[0.02216,51.58967]],[[0.02183,51.58853],[0.02187,51.58867],[0.02167,51.58811],[0.02183,51.58853]],[[0.03385,51.58854],[0.03386,51.58854],[0.03292,51.59],[0.03385,51.58854]],[[0.02735,51.61365],[0.02821,51.61403],[0.02726,51.61366],[0.02735,51.61365]],[[0.02294,51.60404],[0.02108,51.60332],[0.02304,51.60405],[0.02214,51.6041],[0.02294,51.60404]],[[0.02983,51.60361],[0.02978,51.60327],[0.02989,51.60297],[0.02983,51.60361]],[[0.0318,51.60285],[0.0318,51.60285],[0.02989,51.60297],[0.0318,51.60285]],[[0.02622,51.61755],[0.02768,51.62072],[0.02807,51.62195],[0.02622,51.61755]],[[0.06185,51.56625],[0.06267,51.56586],[0.06226,51.56607],[0.06185,51.56625]],[[0.06653,51.55839],[0.06653,51.55839],[0.06756,51.5576],[0.06653,51.55839]],[[0.04798,51.60449],[0.05039,51.60532],[0.04931,51.60506],[0.04798,51.60449]],[[0.05118,51.60551],[0.05119,51.60529],[0.05118,51.60551],[0.05118,51.60551]],[[0.04983,51.57978],[0.04865,51.58147],[0.04936,51.58043],[0.04983,51.57978]],[[0.05399,51.58155],[0.05519,51.58052],[0.05431,51.57987],[0.05521,51.58051],[0.05399,51.58155]],[[0.0578,51.58169],[0.06022,51.58282],[0.05521,51.58051],[0.0578,51.58169]],[[0.04516,51.57601],[0.05178,51.57626],[0.05718,51.57644],[0.0533,51.57632],[0.04516,51.57601]],[[0.05359,51.57316],[0.05346,51.5735],[0.05183,51.57569],[0.05359,51.57316]],[[0.05768,51.57402],[0.05989,51.57445],[0.05346,51.5735],[0.05768,51.57402]],[[0.05053,51.59111],[0.0493,51.59037],[0.05222,51.5918],[0.05053,51.59111]],[[0.04755,51.59076],[0.04695,51.59097],[0.04886,51.59011],[0.04755,51.59076]],[[0.0606,51.58526],[0.06075,51.58594],[0.061,51.5872],[0.0606,51.58526]],[[0.0617,51.58831],[0.06006,51.58795],[0.06138,51.58814],[0.06051,51.58755],[0.0617,51.58831]],[[0.05188,51.59625],[0.05188,51.59625],[0.05392,51.59548],[0.05188,51.59625]],[[0.05647,51.59867],[0.05714,51.59794],[0.05735,51.59777],[0.05647,51.59867]],[[0.04343,51.60961],[0.04556,51.61009],[0.04556,51.61009],[0.04343,51.60961]],[[0.07123,51.55097],[0.07039,51.5528],[0.07109,51.55123],[0.07123,51.55097]],[[0.07565,51.54872],[0.07504,51.5499],[0.075,51.54994],[0.07565,51.54872]],[[0.07154,51.55562],[0.07193,51.55511],[0.07324,51.55341],[0.07154,51.55562]],[[0.07553,51.55002],[0.07575,51.54969],[0.07512,51.55102],[0.07553,51.55002]],[[0.07361,51.56477],[0.0747,51.56357],[0.07476,51.5636],[0.07361,51.56477]],[[0.0792,51.60218],[0.07801,51.60196],[0.07716,51.60161],[0.0792,51.60218]],[[0.07252,51.59768],[0.07341,51.60003],[0.07252,51.59768],[0.07252,51.59768]],[[0.07663,51.59345],[0.07827,51.59249],[0.07704,51.59326],[0.07906,51.5948],[0.07703,51.59326],[0.07663,51.59345]],[[0.07879,51.58549],[0.08031,51.58684],[0.0795,51.5862],[0.07879,51.58549]],[[0.08311,51.58379],[0.08227,51.58167],[0.08264,51.58237],[0.08311,51.58379]],[[0.10588,51.58111],[0.10252,51.57951],[0.09647,51.57649],[0.10588,51.58111]],[[0.10901,51.58194],[0.10865,51.58189],[0.10588,51.58111],[0.10901,51.58194]],[[0.08407,51.5736],[0.09086,51.57507],[0.09415,51.57571],[0.08967,51.57487],[0.08407,51.5736]],[[0.09262,51.57233],[0.09262,51.57309],[0.09115,51.57308],[0.09262,51.57309],[0.09262,51.57233]],[[0.10554,51.57241],[0.09636,51.573],[0.0971,51.57288],[0.10554,51.57241]],[[0.10557,51.57114],[0.1056,51.57314],[0.10554,51.57241],[0.10557,51.57114]],[[0.10037,51.56638],[0.09695,51.56682],[0.09811,51.56666],[0.10037,51.56638]],[[0.09219,51.56345],[0.10254,51.56445],[0.10437,51.5647],[0.0937,51.56364],[0.09219,51.56345]],[[0.10953,51.56078],[0.10162,51.55918],[0.09849,51.55855],[0.10132,51.55912],[0.10953,51.56078]],[[0.10882,51.56162],[0.10893,51.56101],[0.10911,51.5607],[0.10882,51.56162]],[[0.10135,51.55322],[0.10032,51.55322],[0.09865,51.55288],[0.10135,51.55322]],[[0.09366,51.55979],[0.0986,51.56085],[0.09038,51.55894],[0.09366,51.55979]],[[0.09828,51.55186],[0.09653,51.55192],[0.09595,51.55187],[0.09828,51.55186]],[[0.0784,51.57796],[0.0802,51.57691],[0.07981,51.57725],[0.0784,51.57796]],[[0.08165,51.57462],[0.08134,51.57397],[0.08134,51.57397],[0.08165,51.57462]],[[0.08027,51.57359],[0.07983,51.57328],[0.07949,51.57278],[0.08027,51.57359]],[[0.07978,51.56972],[0.08153,51.56881],[0.08209,51.56868],[0.07978,51.56972]],[[0.07946,51.56597],[0.07988,51.5656],[0.08166,51.56414],[0.07946,51.56597]],[[0.07708,51.57875],[0.07562,51.57721],[0.0774,51.57901],[0.07708,51.57875]],[[0.0716,51.58269],[0.06843,51.58397],[0.06899,51.58367],[0.0716,51.58269]],[[0.07237,51.58303],[0.07292,51.58351],[0.0716,51.58269],[0.07237,51.58303]],[[0.06757,51.57628],[0.06757,51.57628],[0.06778,51.57593],[0.06757,51.57628]],[[0.07295,51.5669],[0.076,51.56857],[0.07201,51.56644],[0.07295,51.5669]],[[0.06911,51.59131],[0.06774,51.59137],[0.06967,51.59128],[0.06911,51.59131]],[[0.07583,51.58789],[0.07321,51.58887],[0.07321,51.58887],[0.07583,51.58789]],[[0.08726,51.55378],[0.087,51.55424],[0.08676,51.55465],[0.08726,51.55378]],[[0.09034,51.55227],[0.09025,51.55259],[0.08989,51.5532],[0.09034,51.55227]],[[0.08581,51.56518],[0.0866,51.56536],[0.08397,51.56481],[0.08581,51.56518]],[[0.08908,51.56306],[0.08458,51.56226],[0.09167,51.56338],[0.08908,51.56306]],[[0.08912,51.55891],[0.08247,51.55918],[0.0855,51.55899],[0.08912,51.55891]],[[0.08419,51.56218],[0.08471,51.56166],[0.08419,51.56218],[0.08419,51.56218]],[[0.08851,51.57038],[0.0885,51.57067],[0.08851,51.57038],[0.08851,51.57038]],[[0.09361,51.56988],[0.09347,51.5695],[0.09335,51.56913],[0.09361,51.56988]],[[0.10249,51.61193],[0.10171,51.61145],[0.10249,51.61193],[0.10249,51.61193]],[[0.10208,51.6086],[0.10211,51.6072],[0.10208,51.6086],[0.10208,51.6086]],[[0.10521,51.60667],[0.10149,51.60584],[0.09311,51.60391],[0.10521,51.60667]],[[0.09106,51.59542],[0.09233,51.59964],[0.08991,51.59162],[0.09106,51.59542]],[[0.08693,51.58688],[0.08631,51.58648],[0.08711,51.5869],[0.08599,51.58728],[0.08693,51.58688]],[[0.08521,51.59396],[0.0849,51.59378],[0.0849,51.59378],[0.08521,51.59396]],[[0.08311,51.60384],[0.08313,51.6034],[0.08324,51.60416],[0.08311,51.60384]],[[0.09512,51.60912],[0.09493,51.61025],[0.09468,51.61068],[0.09512,51.60912]],[[0.10482,51.56892],[0.11116,51.56813],[0.1099,51.5683],[0.10482,51.56892]],[[0.11085,51.56351],[0.11044,51.56458],[0.11045,51.56448],[0.11085,51.56351]],[[0.11579,51.56341],[0.11463,51.56345],[0.11085,51.56351],[0.11579,51.56341]],[[0.12166,51.57581],[0.12217,51.57666],[0.123,51.57686],[0.12258,51.57682],[0.12202,51.57661],[0.12166,51.57581]],[[0.10728,51.57557],[0.10715,51.57621],[0.10731,51.57459],[0.10728,51.57557]],[[0.11653,51.58071],[0.11748,51.58226],[0.11748,51.58226],[0.11653,51.58071]],[[0.12019,51.57061],[0.11987,51.57036],[0.119,51.56923],[0.12019,51.57061]],[[0.12055,51.57346],[0.12036,51.57231],[0.12056,51.57346],[0.12055,51.57346]],[[0.11661,51.57334],[0.11685,51.57381],[0.11756,51.57555],[0.11661,51.57334]],[[0.12091,51.57469],[0.12082,51.57444],[0.1211,51.5749],[0.12091,51.57469]],[[0.12357,51.57441],[0.12422,51.5738],[0.12285,51.57356],[0.12424,51.57379],[0.12536,51.57301],[0.12357,51.57441]],[[0.11252,51.57367],[0.11192,51.57188],[0.11172,51.57069],[0.11252,51.57367]],[[0.12211,51.56906],[0.12405,51.56938],[0.12321,51.56924],[0.12211,51.56906]],[[0.11412,51.60201],[0.10949,51.60069],[0.09817,51.59745],[0.11412,51.60201]],[[0.11287,51.60651],[0.11733,51.60876],[0.11523,51.6077],[0.11287,51.60651]],[[0.1039,51.61165],[0.10484,51.61182],[0.10721,51.61255],[0.1039,51.61165]]]}},{"type":"Feature","properties":{"n":"Richmond upon Thames"},"geometry":{"type":"MultiPolygon","coordinates":[[[[-0.37417,51.40844],[-0.37943,51.40783],[-0.38335,51.40854],[-0.38378,51.41012],[-0.38664,51.41041],[-0.38918,51.41032],[-0.38965,51.41071],[-0.39022,51.41434],[-0.38619,51.41435],[-0.38676,51.41765],[-0.3877,51.41933],[-0.3867,51.42003],[-0.39289,51.42328],[-0.39275,51.42347],[-0.39184,51.42328],[-0.3855,51.42075],[-0.38491,51.42127],[-0.38409,51.42267],[-0.38836,51.428],[-0.38713,51.42818],[-0.38796,51.42864],[-0.38682,51.42971],[-0.38327,51.43214],[-0.37887,51.43439],[-0.37612,51.43554],[-0.37791,51.43639],[-0.37787,51.4368],[-0.36296,51.44345],[-0.36708,51.44171],[-0.3725,51.44354],[-0.37332,51.44361],[-0.37393,51.44302],[-0.37639,51.44303],[-0.37712,51.44248],[-0.378,51.44244],[-0.3795,51.4431],[-0.37977,51.44439],[-0.38285,51.44505],[-0.38625,51.44673],[-0.38633,51.44825],[-0.38778,51.44943],[-0.38455,51.44989],[-0.38377,51.44951],[-0.37531,51.45616],[-0.37303,51.45744],[-0.37272,51.457],[-0.37235,51.4572],[-0.36859,51.45687],[-0.36811,51.45717],[-0.36507,51.45777],[-0.36436,51.45757],[-0.36243,51.45768],[-0.36102,51.45805],[-0.35612,51.4584],[-0.35364,51.45821],[-0.35271,51.45689],[-0.348,51.45676],[-0.34667,51.45723],[-0.34564,51.45733],[-0.34502,51.45787],[-0.34266,51.45811],[-0.3415,51.45909],[-0.34005,51.45929],[-0.34061,51.45726],[-0.3391,51.45609],[-0.33869,51.45619],[-0.33777,51.45548],[-0.33739,51.45474],[-0.33696,51.45463],[-0.336,51.45561],[-0.33353,51.45526],[-0.3326,51.4557],[-0.33232,51.45638],[-0.33066,51.45774],[-0.32976,51.45797],[-0.32839,51.45795],[-0.32725,51.45698],[-0.32639,51.45688],[-0.32689,51.45704],[-0.3256,51.45798],[-0.32645,51.45936],[-0.32626,51.45982],[-0.32661,51.46021],[-0.32633,51.46081],[-0.32681,51.46132],[-0.32399,51.46498],[-0.32322,51.46532],[-0.32174,51.46536],[-0.31941,51.4631],[-0.31399,51.45971],[-0.31142,51.45883],[-0.31157,51.45855],[-0.31126,51.45877],[-0.30891,51.45755],[-0.30753,51.45721],[-0.30865,51.45647],[-0.30774,51.45699],[-0.30804,51.45667],[-0.30726,51.457],[-0.30595,51.45616],[-0.30389,51.45329],[-0.30435,51.45162],[-0.30563,51.45044],[-0.30885,51.44868],[-0.31574,51.44691],[-0.3158,51.44666],[-0.3189,51.44643],[-0.3215,51.44686],[-0.32515,51.44653],[-0.32719,51.44564],[-0.33037,51.44296],[-0.33163,51.44126],[-0.33121,51.43974],[-0.33184,51.43917],[-0.33058,51.43847],[-0.32907,51.43666],[-0.32845,51.4339],[-0.32722,51.43243],[-0.32479,51.43085],[-0.32233,51.42989],[-0.31849,51.42909],[-0.31835,51.42947],[-0.3192,51.43004],[-0.32335,51.43087],[-0.32585,51.43232],[-0.32566,51.43257],[-0.32695,51.43339],[-0.32763,51.43457],[-0.32802,51.4367],[-0.32907,51.43805],[-0.32851,51.438],[-0.32915,51.43819],[-0.33008,51.43966],[-0.33008,51.44159],[-0.32914,51.44269],[-0.32779,51.44344],[-0.32171,51.44537],[-0.31706,51.44576],[-0.31042,51.44708],[-0.30576,51.4486],[-0.30282,51.45131],[-0.30261,51.45223],[-0.3028,51.4534],[-0.30504,51.45646],[-0.30799,51.45881],[-0.31379,51.4607],[-0.31693,51.46247],[-0.31977,51.46467],[-0.31921,51.46844],[-0.31858,51.47021],[-0.31772,51.471],[-0.3146,51.47179],[-0.31006,51.47347],[-0.3068,51.47493],[-0.30258,51.47925],[-0.29526,51.48483],[-0.29,51.48634],[-0.28729,51.4865],[-0.28443,51.4859],[-0.28,51.4835],[-0.27794,51.48206],[-0.27399,51.47565],[-0.27244,51.47397],[-0.26783,51.47123],[-0.26403,51.47022],[-0.25855,51.47043],[-0.25599,51.47109],[-0.25338,51.47223],[-0.25148,51.47363],[-0.24966,51.47608],[-0.24922,51.47922],[-0.24938,51.48206],[-0.2484,51.48383],[-0.24108,51.48828],[-0.239,51.48886],[-0.23564,51.489],[-0.23315,51.48856],[-0.23101,51.48762],[-0.22802,51.48512],[-0.22684,51.48097],[-0.22662,51.47619],[-0.22487,51.47368],[-0.22292,51.47184],[-0.22371,51.47159],[-0.22322,51.47158],[-0.2235,51.47143],[-0.22349,51.47078],[-0.22553,51.47109],[-0.23109,51.47283],[-0.23259,51.47261],[-0.23292,51.47168],[-0.23331,51.46757],[-0.23281,51.46663],[-0.23363,51.46604],[-0.23318,51.46397],[-0.23521,51.46437],[-0.24395,51.46523],[-0.25298,51.46516],[-0.25501,51.46383],[-0.25627,51.46273],[-0.258,51.4603],[-0.25678,51.45988],[-0.25841,51.45698],[-0.25909,51.45493],[-0.2473,51.44918],[-0.24163,51.44308],[-0.24306,51.44175],[-0.25401,51.43724],[-0.2562,51.43661],[-0.25626,51.43632],[-0.26631,51.432],[-0.2709,51.42948],[-0.28076,51.42177],[-0.2866,51.42017],[-0.29068,51.42899],[-0.29295,51.42896],[-0.29342,51.42647],[-0.29485,51.42639],[-0.29475,51.42695],[-0.2953,51.42698],[-0.29544,51.42764],[-0.29762,51.42873],[-0.3016,51.43143],[-0.30205,51.43115],[-0.30146,51.43055],[-0.30178,51.43043],[-0.30581,51.43136],[-0.30638,51.43112],[-0.30641,51.43015],[-0.30853,51.43082],[-0.30808,51.43109],[-0.30974,51.43215],[-0.31064,51.43223],[-0.31294,51.43018],[-0.31445,51.42826],[-0.31687,51.42923],[-0.31343,51.42783],[-0.30975,51.42602],[-0.30798,51.42463],[-0.30624,51.42218],[-0.30601,51.42123],[-0.30663,51.4199],[-0.30683,51.41844],[-0.30842,51.41467],[-0.30907,51.40926],[-0.30869,51.40296],[-0.30923,51.40063],[-0.31213,51.39814],[-0.31593,51.39883],[-0.31219,51.39802],[-0.31296,51.39711],[-0.3177,51.39367],[-0.31937,51.39278],[-0.3251,51.39146],[-0.32648,51.39152],[-0.32862,51.39228],[-0.33079,51.39409],[-0.3321,51.39577],[-0.33558,51.39829],[-0.34064,51.40309],[-0.34379,51.40398],[-0.34658,51.40563],[-0.3492,51.40662],[-0.35479,51.40964],[-0.35536,51.41075],[-0.35977,51.41202],[-0.36349,51.41183],[-0.37417,51.40844]],[[-0.32121,51.42817],[-0.32121,51.42817],[-0.31999,51.4294],[-0.32121,51.42817]],[[-0.23704,51.47185],[-0.24155,51.47154],[-0.23691,51.4718],[-0.23292,51.47168],[-0.23704,51.47185]],[[-0.32314,51.455],[-0.32289,51.45445],[-0.32295,51.45474],[-0.32314,51.455]],[[-0.32358,51.45317],[-0.32358,51.45317],[-0.32464,51.45348],[-0.32358,51.45317]],[[-0.32909,51.45055],[-0.32834,51.45078],[-0.32656,51.45152],[-0.32909,51.45055]],[[-0.31727,51.4196],[-0.31565,51.41795],[-0.31666,51.419],[-0.31727,51.4196]],[[-0.31456,51.41803],[-0.31025,51.41891],[-0.31565,51.41795],[-0.31456,51.41803]],[[-0.32939,51.4223],[-0.33148,51.42367],[-0.32953,51.42228],[-0.31974,51.41791],[-0.32939,51.4223]],[[-0.31767,51.41435],[-0.3142,51.41346],[-0.3185,51.41466],[-0.31767,51.41435]],[[-0.33542,51.40848],[-0.31865,51.41076],[-0.31693,51.41105],[-0.33542,51.40848]],[[-0.35749,51.45332],[-0.35788,51.45317],[-0.35603,51.45369],[-0.35749,51.45332]],[[-0.35577,51.45262],[-0.3558,51.45297],[-0.35603,51.45369],[-0.35577,51.45262]],[[-0.34445,51.45236],[-0.34445,51.45237],[-0.34616,51.44795],[-0.34445,51.45236]],[[-0.34616,51.44795],[-0.36223,51.45012],[-0.36276,51.45019],[-0.34616,51.44795]],[[-0.34526,51.44538],[-0.3474,51.44691],[-0.34527,51.44533],[-0.34526,51.44538]],[[-0.35042,51.4424],[-0.34872,51.443],[-0.34932,51.44288],[-0.35042,51.4424]],[[-0.35073,51.43609],[-0.34859,51.43888],[-0.3489,51.43863],[-0.35073,51.43609]],[[-0.35405,51.43041],[-0.35545,51.43114],[-0.35545,51.43114],[-0.35405,51.43041]],[[-0.35371,51.42896],[-0.35464,51.42916],[-0.35278,51.42852],[-0.35371,51.42896]],[[-0.34766,51.4213],[-0.34846,51.4215],[-0.34995,51.42169],[-0.34766,51.4213]],[[-0.35942,51.42187],[-0.35894,51.42174],[-0.35993,51.42203],[-0.35942,51.42187]],[[-0.36252,51.41341],[-0.36038,51.41496],[-0.36072,51.41486],[-0.36252,51.41341]],[[-0.35688,51.44025],[-0.3567,51.44029],[-0.35718,51.44053],[-0.35688,51.44025]],[[-0.3838,51.42449],[-0.38395,51.42464],[-0.38395,51.42464],[-0.3838,51.42449]],[[-0.37391,51.42685],[-0.37434,51.42719],[-0.37557,51.42788],[-0.37391,51.42685]],[[-0.36218,51.42741],[-0.36403,51.42819],[-0.36183,51.42717],[-0.36218,51.42741]],[[-0.37364,51.41747],[-0.37388,51.4185],[-0.37323,51.41527],[-0.37364,51.41747]],[[-0.37191,51.42278],[-0.38091,51.42195],[-0.38127,51.42189],[-0.37275,51.42264],[-0.37191,51.42278]],[[-0.38111,51.42732],[-0.38258,51.42719],[-0.3841,51.4268],[-0.38111,51.42732]],[[-0.37199,51.42746],[-0.37413,51.42813],[-0.3725,51.4275],[-0.37199,51.42746]],[[-0.36721,51.44489],[-0.37558,51.44825],[-0.37429,51.44772],[-0.36721,51.44489]],[[-0.36864,51.45098],[-0.36864,51.45098],[-0.37208,51.45057],[-0.36864,51.45098]],[[-0.36355,51.44465],[-0.36295,51.44346],[-0.36355,51.44465],[-0.36355,51.44465]],[[-0.37685,51.45205],[-0.37718,51.45209],[-0.37507,51.45244],[-0.37749,51.45213],[-0.37685,51.45205]],[[-0.35249,51.42052],[-0.35211,51.41731],[-0.35237,51.41977],[-0.35249,51.42052]],[[-0.33952,51.43716],[-0.33977,51.43364],[-0.34072,51.43453],[-0.33974,51.43358],[-0.33952,51.43716]],[[-0.33523,51.42578],[-0.33609,51.42606],[-0.33728,51.42644],[-0.33523,51.42578]],[[-0.3284,51.42804],[-0.3284,51.42804],[-0.32922,51.42785],[-0.3284,51.42804]],[[-0.327,51.42721],[-0.32665,51.42669],[-0.32712,51.42753],[-0.327,51.42721]],[[-0.33714,51.42928],[-0.33846,51.42898],[-0.33792,51.42903],[-0.33714,51.42928]],[[-0.34417,51.42978],[-0.34383,51.43016],[-0.34488,51.42953],[-0.34417,51.42978]],[[-0.35204,51.42989],[-0.34813,51.42946],[-0.34957,51.42963],[-0.35204,51.42989]],[[-0.3296,51.43396],[-0.32964,51.43333],[-0.32961,51.43369],[-0.3296,51.43396]],[[-0.33996,51.44797],[-0.33943,51.44804],[-0.34063,51.44797],[-0.33996,51.44797]],[[-0.33649,51.44841],[-0.33444,51.44883],[-0.33847,51.44816],[-0.33649,51.44841]],[[-0.34109,51.44613],[-0.33882,51.44571],[-0.33871,51.44506],[-0.33882,51.44573],[-0.33846,51.44568],[-0.34109,51.44613]],[[-0.33116,51.452],[-0.33144,51.4523],[-0.33116,51.452],[-0.33116,51.452]],[[-0.28615,51.47276],[-0.28544,51.47264],[-0.28615,51.47276],[-0.28615,51.47276]],[[-0.2872,51.47305],[-0.28607,51.47311],[-0.28666,51.47317],[-0.2872,51.47305]],[[-0.28764,51.46779],[-0.28815,51.46778],[-0.28773,51.46835],[-0.28847,51.46755],[-0.28764,51.46779]],[[-0.29096,51.46467],[-0.28389,51.46575],[-0.28856,51.46505],[-0.29096,51.46467]],[[-0.28301,51.44668],[-0.28267,51.44938],[-0.28219,51.45169],[-0.28269,51.44945],[-0.28301,51.44668]],[[-0.30369,51.45668],[-0.30307,51.45755],[-0.30328,51.45741],[-0.30369,51.45668]],[[-0.31455,51.4354],[-0.31242,51.43634],[-0.31384,51.43585],[-0.31455,51.4354]],[[-0.29435,51.46401],[-0.29193,51.46454],[-0.29894,51.46334],[-0.29435,51.46401]],[[-0.29453,51.46254],[-0.29405,51.46261],[-0.29356,51.46282],[-0.29453,51.46254]],[[-0.30173,51.46021],[-0.30116,51.45858],[-0.30147,51.45976],[-0.30173,51.46021]],[[-0.28671,51.46782],[-0.28458,51.46777],[-0.28326,51.46791],[-0.28671,51.46782]],[[-0.28026,51.46853],[-0.28288,51.46795],[-0.27833,51.46883],[-0.28026,51.46853]],[[-0.27657,51.46918],[-0.27612,51.46927],[-0.27543,51.46969],[-0.27657,51.46918]],[[-0.26728,51.46805],[-0.2709,51.4677],[-0.27749,51.46671],[-0.27151,51.46759],[-0.26728,51.46805]],[[-0.26346,51.4678],[-0.25959,51.46763],[-0.26728,51.46805],[-0.26346,51.4678]],[[-0.25905,51.46651],[-0.25957,51.46764],[-0.25959,51.46763],[-0.25905,51.46651]],[[-0.25904,51.46642],[-0.2584,51.46657],[-0.25905,51.46651],[-0.25904,51.46642]],[[-0.2524,51.46992],[-0.2524,51.46992],[-0.25015,51.47049],[-0.2524,51.46992]],[[-0.25071,51.47137],[-0.24999,51.47095],[-0.25027,51.47114],[-0.25071,51.47137]],[[-0.27175,51.46452],[-0.27198,51.46605],[-0.27171,51.46416],[-0.27175,51.46452]],[[-0.26286,51.46453],[-0.26363,51.46464],[-0.26546,51.46456],[-0.26286,51.46453]],[[-0.25423,51.46519],[-0.25452,51.4652],[-0.2581,51.46511],[-0.25423,51.46519]],[[-0.27985,51.46696],[-0.28006,51.46752],[-0.27981,51.46593],[-0.27985,51.46696]],[[-0.27909,51.47691],[-0.27909,51.47691],[-0.2807,51.47601],[-0.27909,51.47691]],[[-0.24323,51.47436],[-0.24606,51.47381],[-0.24678,51.47356],[-0.24323,51.47436]],[[-0.23781,51.47874],[-0.23817,51.47794],[-0.23908,51.47582],[-0.23781,51.47874]],[[-0.2358,51.4807],[-0.23508,51.48243],[-0.23681,51.47845],[-0.2358,51.4807]],[[-0.23335,51.48483],[-0.23375,51.485],[-0.23306,51.4845],[-0.23335,51.48483]],[[-0.31687,51.45425],[-0.31693,51.4552],[-0.31714,51.45602],[-0.31687,51.45425]],[[-0.31189,51.45447],[-0.31129,51.45399],[-0.31138,51.45412],[-0.31189,51.45447]],[[-0.31695,51.4537],[-0.32168,51.45185],[-0.32133,51.45196],[-0.31695,51.4537]]],[[[-0.33067,51.43889],[-0.33148,51.43935],[-0.33119,51.43957],[-0.33067,51.43889]]],[[[-0.32452,51.44575],[-0.32382,51.44606],[-0.32333,51.44582],[-0.32337,51.44604],[-0.32091,51.44613],[-0.32506,51.44478],[-0.32549,51.44504],[-0.32514,51.44475],[-0.32807,51.44397],[-0.32717,51.44495],[-0.32579,51.44572],[-0.32452,51.44575]]],[[[-0.32565,51.46322],[-0.32559,51.46334],[-0.32549,51.46344],[-0.32565,51.46322]]],[[[-0.32219,51.46541],[-0.32332,51.46534],[-0.32319,51.46541],[-0.32219,51.46541]]],[[[-0.30845,51.45779],[-0.30992,51.45852],[-0.30874,51.45816],[-0.30845,51.45779]]],[[[-0.29742,51.48457],[-0.29641,51.48561],[-0.29479,51.48598],[-0.29742,51.48457]]],[[[-0.29453,51.48609],[-0.29436,51.48627],[-0.29425,51.48615],[-0.29453,51.48609]]],[[[-0.29188,51.48703],[-0.28989,51.48717],[-0.29395,51.4862],[-0.29436,51.48627],[-0.29188,51.48703]]]]}},{"type":"Feature","properties":{"n":"Southwark"},"geometry":{"type":"MultiPolygon","coordinates":[[[[-0.10074,51.45031],[-0.10144,51.45211],[-0.10101,51.45401],[-0.09745,51.45624],[-0.09219,51.46112],[-0.09117,51.46246],[-0.09033,51.46464],[-0.09005,51.46609],[-0.09228,51.46914],[-0.09289,51.47066],[-0.093,51.47199],[-0.0936,51.47177],[-0.09407,51.47075],[-0.09601,51.46991],[-0.0993,51.47248],[-0.1005,51.47416],[-0.10041,51.47571],[-0.09997,51.47687],[-0.10148,51.47752],[-0.10553,51.47915],[-0.10833,51.48031],[-0.10407,51.48085],[-0.10449,51.48153],[-0.10606,51.4827],[-0.10563,51.48297],[-0.10712,51.48364],[-0.1063,51.48487],[-0.10575,51.48473],[-0.10843,51.48585],[-0.10378,51.49046],[-0.10305,51.49152],[-0.10382,51.49197],[-0.10484,51.49351],[-0.11093,51.4955],[-0.11142,51.49645],[-0.11027,51.49678],[-0.10807,51.50061],[-0.10608,51.50192],[-0.10611,51.50252],[-0.10673,51.50222],[-0.10739,51.50303],[-0.10637,51.50337],[-0.10647,51.50506],[-0.10734,51.50707],[-0.10816,51.50692],[-0.10878,51.50774],[-0.1089,51.50842],[-0.10468,51.50862],[-0.09611,51.50838],[-0.09208,51.50723],[-0.08805,51.5069],[-0.08613,51.50655],[-0.08469,51.50662],[-0.08114,51.50594],[-0.07283,51.50363],[-0.07087,51.50257],[-0.07349,51.50049],[-0.07078,51.50221],[-0.06736,51.50123],[-0.06719,51.50144],[-0.0637,51.50062],[-0.05726,51.50085],[-0.05135,51.5027],[-0.04878,51.50403],[-0.04917,51.50436],[-0.04828,51.5044],[-0.04738,51.50347],[-0.04802,51.50429],[-0.04771,51.50416],[-0.04801,51.50477],[-0.04698,51.50536],[-0.04605,51.50515],[-0.04654,51.50566],[-0.04573,51.50613],[-0.04532,51.50592],[-0.04437,51.50695],[-0.0413,51.50749],[-0.03726,51.50723],[-0.03731,51.50642],[-0.03679,51.50713],[-0.03419,51.5063],[-0.03306,51.50509],[-0.03302,51.50436],[-0.03232,51.50435],[-0.03235,51.50011],[-0.03273,51.50009],[-0.03249,51.49828],[-0.03294,51.49694],[-0.03255,51.49601],[-0.03396,51.49568],[-0.03385,51.49547],[-0.03253,51.49567],[-0.03266,51.4944],[-0.03325,51.49414],[-0.03264,51.49413],[-0.03237,51.49303],[-0.03733,51.49222],[-0.03888,51.49285],[-0.03786,51.49294],[-0.04052,51.49278],[-0.04005,51.49217],[-0.04103,51.49183],[-0.04032,51.49106],[-0.04248,51.49024],[-0.0464,51.49272],[-0.0422,51.49004],[-0.04454,51.49014],[-0.04477,51.49044],[-0.04581,51.49016],[-0.04654,51.49034],[-0.04655,51.49074],[-0.05193,51.48914],[-0.05003,51.48831],[-0.05057,51.48783],[-0.05212,51.48782],[-0.05255,51.48755],[-0.05399,51.48797],[-0.05287,51.48666],[-0.05301,51.48586],[-0.05351,51.48578],[-0.05316,51.48508],[-0.05283,51.48269],[-0.05339,51.48032],[-0.0543,51.47861],[-0.05268,51.47801],[-0.05273,51.47297],[-0.05169,51.46972],[-0.05226,51.46921],[-0.05092,51.46756],[-0.05129,51.46737],[-0.0506,51.46675],[-0.05093,51.46662],[-0.04834,51.46594],[-0.04858,51.46558],[-0.04712,51.46488],[-0.04618,51.4641],[-0.04529,51.46223],[-0.04521,51.45943],[-0.04614,51.45696],[-0.04472,51.4566],[-0.04162,51.45499],[-0.04613,51.44987],[-0.04801,51.45008],[-0.04987,51.44986],[-0.05392,51.44873],[-0.05754,51.45034],[-0.06039,51.44868],[-0.0622,51.44735],[-0.06372,51.44424],[-0.06385,51.44253],[-0.06498,51.44118],[-0.06404,51.44085],[-0.06368,51.43796],[-0.06343,51.43762],[-0.06453,51.43681],[-0.06574,51.43476],[-0.06648,51.43406],[-0.06895,51.43286],[-0.0726,51.43229],[-0.07467,51.42999],[-0.07507,51.42879],[-0.07419,51.42719],[-0.07392,51.42615],[-0.07457,51.42595],[-0.07592,51.42422],[-0.07827,51.42057],[-0.07925,51.42086],[-0.07888,51.42157],[-0.07975,51.42213],[-0.08082,51.42184],[-0.08166,51.42331],[-0.0834,51.42296],[-0.08351,51.424],[-0.08457,51.42644],[-0.08607,51.42786],[-0.08588,51.42852],[-0.08785,51.42909],[-0.08862,51.43001],[-0.09044,51.4361],[-0.09285,51.44108],[-0.09437,51.44324],[-0.09499,51.44501],[-0.09597,51.44662],[-0.09868,51.44861],[-0.09978,51.4502],[-0.10074,51.45031]],[[-0.08812,51.4685],[-0.08306,51.46957],[-0.08699,51.46884],[-0.09112,51.46761],[-0.08812,51.4685]],[[-0.10194,51.48098],[-0.10198,51.48096],[-0.10553,51.47915],[-0.10194,51.48098]],[[-0.10451,51.48542],[-0.10553,51.48495],[-0.10575,51.48473],[-0.10451,51.48542]],[[-0.10197,51.48955],[-0.10256,51.48985],[-0.10378,51.49046],[-0.10197,51.48955]],[[-0.07462,51.50192],[-0.07372,51.50272],[-0.07283,51.50363],[-0.07462,51.50192]],[[-0.04737,51.50338],[-0.04578,51.50318],[-0.04738,51.50347],[-0.04737,51.50338]],[[-0.04981,51.45934],[-0.05118,51.46007],[-0.04614,51.45696],[-0.04981,51.45934]],[[-0.07818,51.50298],[-0.07621,51.50251],[-0.07724,51.50281],[-0.07818,51.50298]],[[-0.07889,51.50303],[-0.07957,51.50173],[-0.07956,51.50173],[-0.07889,51.50303]],[[-0.08149,51.50267],[-0.08186,51.50231],[-0.08149,51.50267],[-0.08149,51.50267]],[[-0.08366,51.50089],[-0.08366,51.50089],[-0.08333,51.50125],[-0.08366,51.50089]],[[-0.08182,51.49671],[-0.08428,51.49501],[-0.07978,51.49772],[-0.08182,51.49671]],[[-0.08253,51.49189],[-0.07994,51.48995],[-0.08528,51.49396],[-0.08253,51.49189]],[[-0.08519,51.48961],[-0.08409,51.4886],[-0.08444,51.48904],[-0.08519,51.48961]],[[-0.07803,51.48711],[-0.07803,51.48711],[-0.07792,51.48789],[-0.07803,51.48711]],[[-0.08159,51.48542],[-0.08582,51.48394],[-0.08093,51.48563],[-0.08159,51.48542]],[[-0.08619,51.48391],[-0.08544,51.48044],[-0.08543,51.48091],[-0.08619,51.48391]],[[-0.08043,51.47714],[-0.08093,51.47796],[-0.08185,51.47944],[-0.08043,51.47714]],[[-0.08119,51.47689],[-0.08043,51.47713],[-0.08043,51.47714],[-0.08119,51.47689]],[[-0.07275,51.47366],[-0.07048,51.47334],[-0.07512,51.47425],[-0.07275,51.47366]],[[-0.06773,51.47015],[-0.06777,51.47035],[-0.06793,51.47096],[-0.06773,51.47015]],[[-0.07729,51.46543],[-0.07729,51.46543],[-0.07729,51.46568],[-0.07729,51.46543]],[[-0.07116,51.45743],[-0.07345,51.45764],[-0.07115,51.4574],[-0.07141,51.46142],[-0.07116,51.45743]],[[-0.06768,51.457],[-0.06796,51.45708],[-0.07115,51.4574],[-0.06768,51.457]],[[-0.06664,51.46236],[-0.06475,51.46274],[-0.07141,51.46142],[-0.06664,51.46236]],[[-0.06188,51.46102],[-0.06151,51.46087],[-0.06475,51.46274],[-0.06188,51.46102]],[[-0.07331,51.45208],[-0.07099,51.45137],[-0.07253,51.4519],[-0.07331,51.45208]],[[-0.07125,51.4456],[-0.07217,51.44676],[-0.07275,51.44736],[-0.07125,51.4456]],[[-0.0796,51.47394],[-0.07741,51.47425],[-0.07883,51.47411],[-0.0796,51.47394]],[[-0.08391,51.46505],[-0.08391,51.46505],[-0.08274,51.46496],[-0.08391,51.46505]],[[-0.0802,51.46177],[-0.08043,51.4615],[-0.08291,51.45853],[-0.0802,51.46177]],[[-0.08347,51.45471],[-0.08395,51.45552],[-0.0848,51.45671],[-0.08347,51.45471]],[[-0.08462,51.45128],[-0.08486,51.45146],[-0.08547,51.45186],[-0.08462,51.45128]],[[-0.08748,51.45308],[-0.0863,51.45137],[-0.0875,51.45313],[-0.08821,51.45349],[-0.08748,51.45308]],[[-0.08991,51.45838],[-0.09097,51.45934],[-0.09177,51.46019],[-0.09167,51.45996],[-0.08991,51.45838]],[[-0.0891,51.46269],[-0.08708,51.46355],[-0.08965,51.4626],[-0.0891,51.46269]],[[-0.08944,51.50519],[-0.08839,51.50609],[-0.09131,51.50369],[-0.08944,51.50519]],[[-0.09318,51.50129],[-0.09317,51.50131],[-0.09324,51.50126],[-0.09318,51.50129]],[[-0.09511,51.50016],[-0.09657,51.49932],[-0.09504,51.50019],[-0.09511,51.50016]],[[-0.09338,51.49645],[-0.09443,51.49724],[-0.09432,51.49715],[-0.09338,51.49645]],[[-0.09095,51.49647],[-0.09207,51.49715],[-0.0918,51.49695],[-0.09095,51.49647]],[[-0.08635,51.49417],[-0.0903,51.4942],[-0.09137,51.49417],[-0.08635,51.49417]],[[-0.09073,51.49179],[-0.09131,51.4925],[-0.09062,51.49159],[-0.09073,51.49179]],[[-0.09032,51.491],[-0.09049,51.49133],[-0.09003,51.49026],[-0.09032,51.491]],[[-0.0944,51.48919],[-0.09458,51.4895],[-0.09451,51.48908],[-0.0944,51.48919]],[[-0.0958,51.48513],[-0.09394,51.48545],[-0.09712,51.48497],[-0.0958,51.48513]],[[-0.09412,51.479],[-0.09452,51.48297],[-0.09436,51.48088],[-0.09412,51.479]],[[-0.09356,51.47909],[-0.09296,51.47935],[-0.09412,51.479],[-0.09356,51.47909]],[[-0.09139,51.47794],[-0.09139,51.47794],[-0.09129,51.47726],[-0.09139,51.47794]],[[-0.09842,51.49246],[-0.09649,51.48956],[-0.09804,51.49192],[-0.09863,51.49276],[-0.09934,51.49321],[-0.09842,51.49246]],[[-0.09674,51.49221],[-0.09622,51.49233],[-0.09442,51.49308],[-0.09674,51.49221]],[[-0.10063,51.48237],[-0.10129,51.48292],[-0.10106,51.4827],[-0.10063,51.48237]],[[-0.09862,51.48412],[-0.10069,51.4832],[-0.10129,51.48292],[-0.09862,51.48412]],[[-0.09776,51.48528],[-0.09788,51.48535],[-0.09887,51.48435],[-0.09776,51.48528]],[[-0.09852,51.48063],[-0.09849,51.47999],[-0.09801,51.47854],[-0.09852,51.48063]],[[-0.09598,51.47605],[-0.09629,51.47603],[-0.0954,51.47608],[-0.09598,51.47605]],[[-0.09623,51.47501],[-0.09604,51.47524],[-0.09771,51.47338],[-0.09623,51.47501]],[[-0.10193,51.48099],[-0.10099,51.4805],[-0.10193,51.48099],[-0.10193,51.48099]],[[-0.10179,51.48799],[-0.10262,51.48765],[-0.10262,51.48765],[-0.10179,51.48799]],[[-0.09872,51.48915],[-0.09902,51.48905],[-0.09912,51.48883],[-0.09872,51.48915]],[[-0.10315,51.48674],[-0.1027,51.48695],[-0.10229,51.48726],[-0.10315,51.48674]],[[-0.10264,51.48763],[-0.10269,51.48758],[-0.10229,51.48726],[-0.10264,51.48763]],[[-0.10142,51.50371],[-0.10157,51.50475],[-0.10132,51.50278],[-0.10142,51.50371]],[[-0.09925,51.50666],[-0.10003,51.5066],[-0.10062,51.50638],[-0.09925,51.50666]],[[-0.09656,51.50387],[-0.09719,51.50515],[-0.09768,51.50615],[-0.09656,51.50387]],[[-0.10492,51.49621],[-0.10766,51.4974],[-0.10571,51.49646],[-0.10492,51.49621]],[[-0.10352,51.49772],[-0.10477,51.49616],[-0.10477,51.49616],[-0.10352,51.49772]],[[-0.10166,51.50011],[-0.10291,51.50006],[-0.10192,51.50003],[-0.10166,51.50011]],[[-0.09956,51.49676],[-0.09966,51.49668],[-0.09968,51.49662],[-0.09956,51.49676]],[[-0.08028,51.43386],[-0.08225,51.43321],[-0.08159,51.43338],[-0.08028,51.43386]],[[-0.0782,51.42969],[-0.07958,51.42962],[-0.07919,51.42963],[-0.0782,51.42969]],[[-0.07932,51.42906],[-0.07919,51.42802],[-0.07919,51.42963],[-0.07932,51.42906]],[[-0.09126,51.50011],[-0.08985,51.49863],[-0.08735,51.49625],[-0.0886,51.49746],[-0.09126,51.50011]],[[-0.08685,51.499],[-0.08602,51.49934],[-0.08602,51.49934],[-0.08685,51.499]],[[-0.08219,51.47591],[-0.08244,51.47665],[-0.08209,51.47554],[-0.08219,51.47591]],[[-0.09125,51.48612],[-0.09323,51.4853],[-0.09151,51.48585],[-0.09125,51.48612]],[[-0.08968,51.48637],[-0.09069,51.4879],[-0.08912,51.48529],[-0.08968,51.48637]],[[-0.08729,51.48658],[-0.08833,51.48645],[-0.08916,51.48614],[-0.08729,51.48658]],[[-0.08799,51.47541],[-0.08865,51.47528],[-0.08511,51.4756],[-0.08799,51.47541]],[[-0.08693,51.47842],[-0.08593,51.47776],[-0.08721,51.4787],[-0.08693,51.47842]],[[-0.09142,51.48901],[-0.09289,51.48852],[-0.0907,51.48917],[-0.09142,51.48901]],[[-0.08657,51.48928],[-0.08593,51.48835],[-0.08547,51.4878],[-0.08657,51.48928]],[[-0.08924,51.50073],[-0.08807,51.50221],[-0.08909,51.50102],[-0.08924,51.50073]],[[-0.07722,51.45455],[-0.07646,51.45559],[-0.07668,51.45535],[-0.07722,51.45455]],[[-0.0761,51.45548],[-0.0761,51.45548],[-0.07646,51.45559],[-0.0761,51.45548]],[[-0.07595,51.46126],[-0.07708,51.46179],[-0.07523,51.46072],[-0.07595,51.46126]],[[-0.07862,51.46538],[-0.0776,51.46538],[-0.07753,51.46539],[-0.07862,51.46538]],[[-0.07474,51.45756],[-0.07215,51.45723],[-0.07208,51.45725],[-0.07474,51.45756]],[[-0.0788,51.47008],[-0.07725,51.47002],[-0.07791,51.4701],[-0.0788,51.47008]],[[-0.07038,51.50048],[-0.0709,51.50051],[-0.07251,51.50006],[-0.07038,51.50048]],[[-0.07087,51.49595],[-0.06999,51.49606],[-0.07319,51.49576],[-0.07087,51.49595]],[[-0.07624,51.49035],[-0.07372,51.49324],[-0.07358,51.49357],[-0.07396,51.49305],[-0.07624,51.49035]],[[-0.07161,51.48864],[-0.07267,51.48759],[-0.07211,51.48814],[-0.07161,51.48864]],[[-0.05595,51.4842],[-0.05785,51.48432],[-0.0607,51.48447],[-0.05595,51.4842]],[[-0.06107,51.47676],[-0.0616,51.47756],[-0.06305,51.47925],[-0.06107,51.47676]],[[-0.05565,51.46675],[-0.05484,51.46715],[-0.05697,51.46614],[-0.05565,51.46675]],[[-0.05756,51.46586],[-0.05747,51.4659],[-0.05828,51.46649],[-0.05756,51.46586]],[[-0.06049,51.46432],[-0.05902,51.46475],[-0.0612,51.46421],[-0.06049,51.46432]],[[-0.05505,51.45853],[-0.05928,51.45992],[-0.05857,51.45961],[-0.05505,51.45853]],[[-0.0559,51.45611],[-0.05616,51.4577],[-0.05603,51.45638],[-0.0559,51.45611]],[[-0.05866,51.45507],[-0.05676,51.45578],[-0.06241,51.45398],[-0.05866,51.45507]],[[-0.07033,51.48719],[-0.07088,51.48709],[-0.07074,51.48701],[-0.07033,51.48719]],[[-0.07353,51.48672],[-0.06624,51.48407],[-0.07421,51.48705],[-0.07353,51.48672]],[[-0.07104,51.47749],[-0.07312,51.48214],[-0.0726,51.48093],[-0.07104,51.47749]],[[-0.07704,51.49415],[-0.07743,51.49421],[-0.07933,51.49416],[-0.07704,51.49415]],[[-0.07612,51.49508],[-0.07646,51.495],[-0.07674,51.49473],[-0.07612,51.49508]],[[-0.07879,51.49582],[-0.08135,51.49659],[-0.07646,51.495],[-0.07879,51.49582]],[[-0.07402,51.48229],[-0.07813,51.48201],[-0.07703,51.48208],[-0.07402,51.48229]],[[-0.07917,51.48001],[-0.07835,51.47946],[-0.0786,51.47977],[-0.07917,51.48001]],[[-0.07598,51.50196],[-0.07626,51.50165],[-0.07491,51.50276],[-0.07598,51.50196]],[[-0.07391,51.50049],[-0.07247,51.50173],[-0.07379,51.50064],[-0.07391,51.50049]],[[-0.06821,51.44862],[-0.06808,51.44872],[-0.06695,51.45023],[-0.06821,51.44862]],[[-0.06202,51.46581],[-0.06281,51.4665],[-0.06209,51.46584],[-0.06262,51.46559],[-0.06054,51.46619],[-0.06202,51.46581]],[[-0.06581,51.45241],[-0.06476,51.45155],[-0.06549,51.45219],[-0.06581,51.45241]],[[-0.06496,51.45236],[-0.0651,51.45243],[-0.06549,51.45219],[-0.06496,51.45236]],[[-0.06449,51.45252],[-0.06289,51.45444],[-0.06461,51.45247],[-0.06449,51.45252]],[[-0.06705,51.45682],[-0.06749,51.45695],[-0.06593,51.45599],[-0.06705,51.45682]],[[-0.06829,51.46446],[-0.0692,51.46419],[-0.06874,51.46426],[-0.06829,51.46446]],[[-0.07024,51.47761],[-0.06923,51.47796],[-0.07085,51.47752],[-0.07024,51.47761]],[[-0.06424,51.4773],[-0.06658,51.47721],[-0.06505,51.47725],[-0.06424,51.4773]],[[-0.06791,51.47395],[-0.06579,51.47398],[-0.06585,51.47398],[-0.06791,51.47395]],[[-0.06983,51.48206],[-0.06983,51.48206],[-0.06937,51.48191],[-0.06983,51.48206]],[[-0.06714,51.48243],[-0.06684,51.48202],[-0.06631,51.48166],[-0.06714,51.48243]],[[-0.06921,51.49051],[-0.06892,51.49141],[-0.0694,51.49027],[-0.06921,51.49051]],[[-0.0698,51.49277],[-0.07292,51.49274],[-0.07198,51.49265],[-0.0698,51.49277]],[[-0.06056,51.49816],[-0.06056,51.49812],[-0.06052,51.49798],[-0.06056,51.49816]],[[-0.06366,51.4938],[-0.06823,51.49587],[-0.06653,51.49506],[-0.06366,51.4938]],[[-0.06191,51.49724],[-0.06146,51.4954],[-0.06206,51.49786],[-0.06191,51.49724]],[[-0.05639,51.47546],[-0.0572,51.47418],[-0.05612,51.47586],[-0.05639,51.47546]],[[-0.05573,51.45575],[-0.05552,51.45532],[-0.05364,51.45296],[-0.05573,51.45575]],[[-0.05724,51.49779],[-0.05727,51.49778],[-0.05749,51.49717],[-0.05724,51.49779]],[[-0.04873,51.49873],[-0.04885,51.4987],[-0.04944,51.49787],[-0.04873,51.49873]],[[-0.04717,51.49872],[-0.04835,51.49883],[-0.04866,51.49875],[-0.04717,51.49872]],[[-0.04605,51.49812],[-0.04148,51.49781],[-0.0461,51.49817],[-0.04717,51.49872],[-0.04605,51.49812]],[[-0.0345,51.49814],[-0.03372,51.49824],[-0.03555,51.49798],[-0.0345,51.49814]],[[-0.05519,51.4902],[-0.05529,51.49016],[-0.05761,51.48876],[-0.05519,51.4902]],[[-0.04963,51.4911],[-0.05256,51.49106],[-0.04983,51.49107],[-0.04963,51.4911]],[[-0.03731,51.49381],[-0.03701,51.49341],[-0.03754,51.49437],[-0.03731,51.49381]],[[-0.05604,51.49999],[-0.05724,51.50011],[-0.05546,51.49991],[-0.05604,51.49999]],[[-0.04997,51.50167],[-0.0501,51.50177],[-0.04955,51.50074],[-0.04997,51.50167]],[[-0.03691,51.50142],[-0.04057,51.50153],[-0.03753,51.50136],[-0.03691,51.50142]]],[[[-0.04877,51.50443],[-0.04855,51.50452],[-0.04828,51.5044],[-0.04877,51.50443]]]]}},{"type":"Feature","properties":{"n":"Sutton"},"geometry":{"type":"Polygon","coordinates":[[[-0.22191,51.3308],[-0.22921,51.33589],[-0.22978,51.33654],[-0.22683,51.33789],[-0.22433,51.34006],[-0.22324,51.33981],[-0.2221,51.34044],[-0.22264,51.34087],[-0.21726,51.34339],[-0.21821,51.34621],[-0.22024,51.35031],[-0.22042,51.35142],[-0.22126,51.35117],[-0.22209,51.35132],[-0.22204,51.35389],[-0.22274,51.35695],[-0.22442,51.35958],[-0.22695,51.36263],[-0.22875,51.36344],[-0.23319,51.36601],[-0.23163,51.3677],[-0.23398,51.3654],[-0.23656,51.36669],[-0.23869,51.36699],[-0.24089,51.36704],[-0.24122,51.36627],[-0.24535,51.36695],[-0.24468,51.36906],[-0.24463,51.37317],[-0.24518,51.37724],[-0.24496,51.38065],[-0.24415,51.38349],[-0.24294,51.38294],[-0.24104,51.38487],[-0.23881,51.38608],[-0.23967,51.3893],[-0.23463,51.39054],[-0.2339,51.38771],[-0.22779,51.38399],[-0.22001,51.38075],[-0.21813,51.38016],[-0.21694,51.38123],[-0.21467,51.38324],[-0.20977,51.38825],[-0.205,51.38609],[-0.2035,51.38722],[-0.20055,51.38494],[-0.19447,51.38756],[-0.1932,51.38785],[-0.19184,51.38693],[-0.19159,51.38705],[-0.19117,51.38686],[-0.19045,51.3862],[-0.18971,51.38613],[-0.18836,51.38549],[-0.18423,51.38769],[-0.18221,51.38831],[-0.18026,51.38954],[-0.17924,51.38984],[-0.17484,51.39342],[-0.17287,51.39264],[-0.17125,51.39255],[-0.16995,51.39172],[-0.16986,51.3914],[-0.16886,51.39099],[-0.16736,51.38993],[-0.16644,51.38969],[-0.16526,51.38798],[-0.1619,51.38816],[-0.16101,51.38777],[-0.15982,51.3885],[-0.15829,51.38882],[-0.15803,51.38926],[-0.14435,51.39068],[-0.14323,51.39043],[-0.1418,51.38937],[-0.13793,51.39027],[-0.13663,51.3903],[-0.13461,51.39099],[-0.13264,51.3901],[-0.13329,51.38957],[-0.12963,51.38716],[-0.1306,51.38633],[-0.12881,51.3857],[-0.12895,51.38546],[-0.12957,51.3854],[-0.1287,51.38249],[-0.1303,51.3822],[-0.1282,51.38056],[-0.12594,51.37557],[-0.12693,51.37542],[-0.12678,51.37492],[-0.12788,51.3747],[-0.12475,51.37364],[-0.1247,51.37288],[-0.12334,51.37116],[-0.1234,51.37064],[-0.12393,51.37081],[-0.1234,51.37053],[-0.12229,51.36722],[-0.12207,51.36581],[-0.13208,51.3638],[-0.12407,51.36535],[-0.12231,51.36451],[-0.12132,51.36466],[-0.12097,51.36329],[-0.12495,51.36145],[-0.12125,51.36312],[-0.12144,51.36106],[-0.12194,51.36093],[-0.12186,51.35993],[-0.12291,51.35994],[-0.12188,51.35905],[-0.12469,51.35883],[-0.12417,51.35743],[-0.12141,51.35773],[-0.1202,51.35321],[-0.11909,51.35314],[-0.11734,51.34664],[-0.11697,51.34666],[-0.11689,51.34575],[-0.11864,51.3458],[-0.1189,51.34551],[-0.12517,51.34527],[-0.1269,51.34487],[-0.12729,51.34718],[-0.12831,51.34743],[-0.12888,51.34726],[-0.12912,51.34649],[-0.1314,51.34601],[-0.13111,51.34551],[-0.13287,51.34546],[-0.13257,51.3443],[-0.13624,51.34439],[-0.1363,51.34482],[-0.14159,51.34337],[-0.14458,51.342],[-0.14344,51.34056],[-0.1443,51.34021],[-0.1451,51.34024],[-0.1443,51.3402],[-0.1445,51.33949],[-0.14752,51.33878],[-0.14534,51.33193],[-0.14404,51.33067],[-0.1493,51.32876],[-0.14437,51.32633],[-0.14551,51.32352],[-0.14734,51.32281],[-0.14909,51.32274],[-0.15065,51.3222],[-0.15213,51.32229],[-0.15277,51.32294],[-0.15593,51.32188],[-0.15577,51.32167],[-0.15654,51.32151],[-0.15863,51.32398],[-0.1606,51.32324],[-0.16417,51.32601],[-0.16357,51.32621],[-0.16436,51.32799],[-0.16367,51.32866],[-0.16232,51.32886],[-0.16311,51.33024],[-0.17007,51.32947],[-0.16996,51.33027],[-0.17298,51.33002],[-0.17427,51.33316],[-0.17467,51.33317],[-0.17487,51.33371],[-0.18461,51.33919],[-0.18736,51.34066],[-0.19161,51.34211],[-0.1961,51.34327],[-0.19627,51.34304],[-0.19737,51.34359],[-0.19856,51.3423],[-0.19954,51.34188],[-0.2012,51.33988],[-0.20208,51.34013],[-0.21303,51.33554],[-0.21191,51.33331],[-0.2141,51.33035],[-0.21608,51.32983],[-0.22094,51.32986],[-0.22191,51.3308]],[[-0.21525,51.38054],[-0.21525,51.38054],[-0.21694,51.38123],[-0.21525,51.38054]],[[-0.19925,51.38342],[-0.19707,51.38075],[-0.20029,51.38496],[-0.19925,51.38342]],[[-0.2008,51.37877],[-0.19322,51.38276],[-0.19707,51.38075],[-0.2008,51.37877]],[[-0.20427,51.3444],[-0.20607,51.34779],[-0.20208,51.34013],[-0.20427,51.3444]],[[-0.19424,51.38439],[-0.19317,51.38483],[-0.19424,51.38439],[-0.19424,51.38439]],[[-0.17902,51.38574],[-0.18079,51.38688],[-0.18079,51.38688],[-0.17902,51.38574]],[[-0.17686,51.3846],[-0.17438,51.38406],[-0.17894,51.38526],[-0.17686,51.3846]],[[-0.17787,51.38243],[-0.17657,51.38225],[-0.17724,51.38236],[-0.17787,51.38243]],[[-0.18711,51.38124],[-0.18511,51.37942],[-0.18351,51.37773],[-0.18578,51.38021],[-0.18711,51.38124]],[[-0.1826,51.3736],[-0.18194,51.37608],[-0.18218,51.3752],[-0.1826,51.3736]],[[-0.18311,51.36967],[-0.18116,51.36947],[-0.18253,51.36974],[-0.18311,51.36967]],[[-0.18214,51.36573],[-0.18211,51.36574],[-0.18186,51.3663],[-0.18214,51.36573]],[[-0.1898,51.36],[-0.19388,51.35926],[-0.18729,51.36042],[-0.1898,51.36]],[[-0.18675,51.35992],[-0.18687,51.36046],[-0.18687,51.36046],[-0.18675,51.35992]],[[-0.18342,51.3554],[-0.18327,51.35463],[-0.1836,51.35662],[-0.18342,51.3554]],[[-0.17899,51.35091],[-0.17807,51.35209],[-0.17871,51.35135],[-0.17899,51.35091]],[[-0.204,51.37513],[-0.20245,51.37767],[-0.20427,51.3748],[-0.204,51.37513]],[[-0.20912,51.37103],[-0.21289,51.36798],[-0.20427,51.3748],[-0.20912,51.37103]],[[-0.20253,51.3673],[-0.20071,51.36852],[-0.20264,51.36725],[-0.20253,51.3673]],[[-0.20331,51.36649],[-0.20329,51.36682],[-0.20329,51.36682],[-0.20331,51.36649]],[[-0.20817,51.35956],[-0.20373,51.36019],[-0.20613,51.3599],[-0.20817,51.35956]],[[-0.20085,51.35516],[-0.20425,51.35471],[-0.20085,51.35516],[-0.20085,51.35516]],[[-0.19995,51.35206],[-0.20064,51.35444],[-0.20077,51.35441],[-0.19995,51.35206]],[[-0.1999,51.35206],[-0.19762,51.35236],[-0.19995,51.35206],[-0.1999,51.35206]],[[-0.23938,51.37239],[-0.24319,51.37245],[-0.23928,51.37232],[-0.24192,51.37407],[-0.23938,51.37239]],[[-0.23219,51.37136],[-0.23075,51.37017],[-0.23405,51.37297],[-0.23219,51.37136]],[[-0.22805,51.37097],[-0.22493,51.37382],[-0.22474,51.374],[-0.22805,51.37097]],[[-0.21427,51.36229],[-0.21449,51.36472],[-0.21451,51.3638],[-0.21427,51.36229]],[[-0.21913,51.35747],[-0.21913,51.35747],[-0.21956,51.35665],[-0.21913,51.35747]],[[-0.21115,51.35505],[-0.2102,51.35368],[-0.20784,51.35072],[-0.21115,51.35505]],[[-0.21347,51.36005],[-0.21302,51.35881],[-0.21115,51.35505],[-0.21347,51.36005]],[[-0.22844,51.36885],[-0.22893,51.36833],[-0.22844,51.36885],[-0.22844,51.36885]],[[-0.21792,51.36796],[-0.21954,51.36803],[-0.21758,51.36782],[-0.21792,51.36796]],[[-0.20546,51.36607],[-0.20765,51.36592],[-0.20867,51.3658],[-0.20546,51.36607]],[[-0.22839,51.37539],[-0.22796,51.37512],[-0.23004,51.37648],[-0.22839,51.37539]],[[-0.234,51.37434],[-0.23693,51.37656],[-0.23307,51.37363],[-0.234,51.37434]],[[-0.21999,51.37303],[-0.22086,51.37488],[-0.2203,51.37342],[-0.21999,51.37303]],[[-0.21092,51.37807],[-0.21366,51.37671],[-0.21378,51.37664],[-0.21092,51.37807]],[[-0.2271,51.38034],[-0.22693,51.37946],[-0.22793,51.37913],[-0.22687,51.37947],[-0.2271,51.38034]],[[-0.22079,51.37776],[-0.21861,51.37973],[-0.21983,51.3787],[-0.22079,51.37776]],[[-0.19756,51.36427],[-0.19775,51.36425],[-0.19663,51.36437],[-0.19756,51.36427]],[[-0.18698,51.35354],[-0.18544,51.35381],[-0.19202,51.35276],[-0.18698,51.35354]],[[-0.20019,51.35942],[-0.20069,51.35915],[-0.19947,51.35951],[-0.20019,51.35942]],[[-0.18986,51.35591],[-0.18996,51.35628],[-0.18988,51.35513],[-0.18986,51.35591]],[[-0.19213,51.35517],[-0.19288,51.35499],[-0.19181,51.35521],[-0.19213,51.35517]],[[-0.20092,51.35543],[-0.20003,51.35551],[-0.20092,51.35543],[-0.20092,51.35543]],[[-0.197,51.3628],[-0.1964,51.36273],[-0.19451,51.3629],[-0.197,51.3628]],[[-0.19797,51.36882],[-0.19514,51.36964],[-0.19557,51.36964],[-0.19797,51.36882]],[[-0.19322,51.37029],[-0.19345,51.37037],[-0.19416,51.37041],[-0.19322,51.37029]],[[-0.1902,51.36991],[-0.1877,51.36977],[-0.19126,51.37004],[-0.1902,51.36991]],[[-0.19079,51.36686],[-0.19103,51.36685],[-0.18867,51.36655],[-0.19079,51.36686]],[[-0.18411,51.36725],[-0.18492,51.36691],[-0.1841,51.36713],[-0.18411,51.36725]],[[-0.18455,51.3633],[-0.18551,51.3629],[-0.183,51.36375],[-0.18455,51.3633]],[[-0.19069,51.38283],[-0.19278,51.37666],[-0.19083,51.38237],[-0.19069,51.38283]],[[-0.19403,51.37299],[-0.19403,51.37297],[-0.1928,51.37293],[-0.19403,51.37299]],[[-0.17805,51.38857],[-0.18061,51.38701],[-0.18069,51.38695],[-0.17805,51.38857]],[[-0.16065,51.38002],[-0.15835,51.38109],[-0.15924,51.38069],[-0.16065,51.38002]],[[-0.15702,51.37352],[-0.15722,51.37428],[-0.15702,51.37352],[-0.15702,51.37352]],[[-0.15969,51.37148],[-0.15957,51.37157],[-0.15971,51.37147],[-0.15969,51.37148]],[[-0.15673,51.36405],[-0.15733,51.36399],[-0.15673,51.36405],[-0.15673,51.36405]],[[-0.15639,51.35989],[-0.15669,51.36112],[-0.1565,51.36029],[-0.15639,51.35989]],[[-0.15633,51.3591],[-0.15646,51.35939],[-0.15633,51.3591],[-0.15633,51.3591]],[[-0.15861,51.35523],[-0.15929,51.35856],[-0.15881,51.35612],[-0.15861,51.35523]],[[-0.17519,51.37127],[-0.17475,51.37102],[-0.17539,51.37165],[-0.17519,51.37127]],[[-0.17356,51.35798],[-0.17327,51.35792],[-0.1778,51.35985],[-0.17356,51.35798]],[[-0.17797,51.35309],[-0.17688,51.35427],[-0.17356,51.35798],[-0.17797,51.35309]],[[-0.16058,51.35944],[-0.16289,51.35921],[-0.16446,51.35893],[-0.16058,51.35944]],[[-0.16297,51.35473],[-0.16215,51.35486],[-0.16169,51.35498],[-0.16297,51.35473]],[[-0.1693,51.36179],[-0.16862,51.36238],[-0.16862,51.36238],[-0.1693,51.36179]],[[-0.17849,51.36576],[-0.17844,51.36505],[-0.17825,51.36464],[-0.17849,51.36576]],[[-0.17836,51.37906],[-0.17893,51.37941],[-0.17974,51.37981],[-0.17836,51.37906]],[[-0.17833,51.37844],[-0.17663,51.3787],[-0.17572,51.37934],[-0.17675,51.37877],[-0.17833,51.37844]],[[-0.1699,51.37798],[-0.17051,51.37962],[-0.17055,51.37969],[-0.1699,51.37798]],[[-0.16477,51.37675],[-0.16432,51.37707],[-0.16411,51.3773],[-0.16477,51.37675]],[[-0.16557,51.3741],[-0.16599,51.37382],[-0.16599,51.37382],[-0.16557,51.3741]],[[-0.17545,51.37338],[-0.17617,51.37308],[-0.17564,51.37317],[-0.17545,51.37338]],[[-0.17054,51.37545],[-0.17118,51.37518],[-0.16995,51.37567],[-0.17054,51.37545]],[[-0.17868,51.37582],[-0.17743,51.37607],[-0.17794,51.37601],[-0.17868,51.37582]],[[-0.17269,51.37681],[-0.17229,51.37695],[-0.17116,51.37739],[-0.17269,51.37681]],[[-0.17313,51.38366],[-0.17413,51.38371],[-0.17251,51.38343],[-0.17313,51.38366]],[[-0.16448,51.382],[-0.16479,51.38199],[-0.16479,51.38199],[-0.16448,51.382]],[[-0.15628,51.3591],[-0.15552,51.35924],[-0.15441,51.35948],[-0.15628,51.3591]],[[-0.14047,51.3622],[-0.14798,51.36075],[-0.148,51.36075],[-0.13989,51.36216],[-0.14047,51.3622]],[[-0.12886,51.36229],[-0.13136,51.36178],[-0.12893,51.36222],[-0.12849,51.36102],[-0.12886,51.36229]],[[-0.15091,51.35237],[-0.15173,51.35202],[-0.15173,51.35202],[-0.15091,51.35237]],[[-0.14502,51.3535],[-0.14554,51.35345],[-0.14613,51.35321],[-0.14502,51.3535]],[[-0.13448,51.35293],[-0.13609,51.35296],[-0.13671,51.35281],[-0.13448,51.35293]],[[-0.13242,51.35607],[-0.13002,51.35631],[-0.12954,51.35636],[-0.13242,51.35607]],[[-0.13968,51.35656],[-0.14009,51.35659],[-0.14162,51.35633],[-0.13968,51.35656]],[[-0.1479,51.35704],[-0.14782,51.35571],[-0.14782,51.35571],[-0.1479,51.35704]],[[-0.15156,51.3641],[-0.15156,51.3641],[-0.15202,51.36399],[-0.15156,51.3641]],[[-0.14761,51.36688],[-0.14695,51.36729],[-0.14754,51.36694],[-0.14761,51.36688]],[[-0.14445,51.36841],[-0.1448,51.36948],[-0.1448,51.36948],[-0.14445,51.36841]],[[-0.1417,51.36574],[-0.14106,51.36588],[-0.1417,51.36574],[-0.1417,51.36574]],[[-0.13731,51.36837],[-0.13737,51.36942],[-0.13734,51.36873],[-0.13731,51.36837]],[[-0.13364,51.36351],[-0.13235,51.36529],[-0.13271,51.36488],[-0.13364,51.36351]],[[-0.15132,51.36369],[-0.15136,51.36376],[-0.15114,51.36327],[-0.15132,51.36369]],[[-0.14658,51.36532],[-0.14638,51.36454],[-0.14622,51.364],[-0.14658,51.36532]],[[-0.15765,51.37117],[-0.15898,51.37055],[-0.15795,51.37092],[-0.15765,51.37117]],[[-0.13693,51.37044],[-0.13669,51.3693],[-0.13669,51.36957],[-0.13693,51.37044]],[[-0.15388,51.37762],[-0.15625,51.37411],[-0.15395,51.37732],[-0.15388,51.37762]]]}},{"type":"Feature","properties":{"n":"Tower Hamlets"},"geometry":{"type":"MultiPolygon","coordinates":[[[[-0.06084,51.50281],[-0.06163,51.50318],[-0.06258,51.5031],[-0.06518,51.50373],[-0.06535,51.50349],[-0.06522,51.50374],[-0.06808,51.50448],[-0.06807,51.50488],[-0.06867,51.50454],[-0.07057,51.50536],[-0.07119,51.50517],[-0.07127,51.50578],[-0.07377,51.5062],[-0.07476,51.50671],[-0.07942,51.50781],[-0.07864,51.50879],[-0.07908,51.50904],[-0.07882,51.50941],[-0.07788,51.50999],[-0.07682,51.51016],[-0.07687,51.51047],[-0.07615,51.51048],[-0.07551,51.50974],[-0.0727,51.51019],[-0.07342,51.51355],[-0.07394,51.51445],[-0.07589,51.5159],[-0.07734,51.5174],[-0.07787,51.51819],[-0.07809,51.51897],[-0.0794,51.51885],[-0.07845,51.52151],[-0.07799,51.52192],[-0.07616,51.52215],[-0.07572,51.52333],[-0.07592,51.52432],[-0.07372,51.52459],[-0.07642,51.52429],[-0.07654,51.52538],[-0.07631,51.52703],[-0.07723,51.5273],[-0.07568,51.52838],[-0.07485,51.52949],[-0.07395,51.53025],[-0.07181,51.53089],[-0.06629,51.53123],[-0.06511,51.53322],[-0.06496,51.5329],[-0.06222,51.53327],[-0.06271,51.53419],[-0.06244,51.53552],[-0.06043,51.53433],[-0.05852,51.53402],[-0.05882,51.53411],[-0.05414,51.53512],[-0.05258,51.53481],[-0.05281,51.53489],[-0.05256,51.53572],[-0.0516,51.53632],[-0.05022,51.53645],[-0.0469,51.53549],[-0.04483,51.53581],[-0.04209,51.53712],[-0.04071,51.5381],[-0.03714,51.54142],[-0.03774,51.5418],[-0.03304,51.54464],[-0.03112,51.54348],[-0.02982,51.54313],[-0.02906,51.54229],[-0.0256,51.54329],[-0.01936,51.54354],[-0.01648,51.54328],[-0.01638,51.54179],[-0.01659,51.54131],[-0.01756,51.54098],[-0.01781,51.54016],[-0.01899,51.5391],[-0.01948,51.53824],[-0.02112,51.53735],[-0.02101,51.53645],[-0.01964,51.53551],[-0.01868,51.53387],[-0.01804,51.53334],[-0.01821,51.53245],[-0.01764,51.53167],[-0.0137,51.52981],[-0.01055,51.52917],[-0.01034,51.52862],[-0.00837,51.52721],[-0.00741,51.52615],[-0.0081,51.52374],[-0.00784,51.52313],[-0.00864,51.52183],[-0.00935,51.52182],[-0.00917,51.5199],[-0.00672,51.5183],[-0.00597,51.51642],[-0.00513,51.51624],[-0.00437,51.51641],[-0.00345,51.51761],[-0.00259,51.51779],[0.00267,51.51552],[0.00356,51.51448],[0.00176,51.51091],[0.00281,51.51039],[0.00433,51.5106],[0.00554,51.51352],[0.00594,51.51393],[0.00669,51.51392],[0.00739,51.51273],[0.00558,51.51003],[0.00635,51.50937],[0.00896,51.50884],[0.00879,51.50737],[0.0058,51.50827],[0.00368,51.50838],[0.00347,51.50802],[0.00299,51.50824],[-0.00173,51.50748],[-0.00367,51.50643],[-0.00539,51.50503],[-0.00577,51.50514],[-0.00559,51.5048],[-0.00722,51.50312],[-0.00763,51.50151],[-0.00866,51.50135],[-0.00774,51.5008],[-0.00728,51.49831],[-0.00704,51.49833],[-0.0085,51.49808],[-0.00696,51.49834],[-0.00561,51.49584],[-0.00881,51.49495],[-0.00617,51.49556],[-0.00542,51.49464],[-0.00476,51.49454],[-0.0033,51.49227],[-0.00306,51.49088],[-0.00369,51.48898],[-0.00444,51.48828],[-0.00513,51.48861],[-0.00462,51.48814],[-0.00667,51.48708],[-0.0115,51.48614],[-0.01638,51.48614],[-0.02098,51.48733],[-0.02158,51.48767],[-0.02022,51.48843],[-0.02157,51.48767],[-0.02382,51.48895],[-0.0257,51.4907],[-0.02733,51.49351],[-0.02724,51.49381],[-0.02623,51.49401],[-0.02763,51.49425],[-0.02787,51.49468],[-0.02742,51.50163],[-0.02675,51.50334],[-0.02846,51.50567],[-0.02863,51.50499],[-0.02893,51.50539],[-0.02858,51.50528],[-0.02845,51.50572],[-0.03008,51.5074],[-0.02923,51.50787],[-0.03041,51.50724],[-0.03152,51.50784],[-0.02986,51.50891],[-0.0316,51.50821],[-0.0326,51.50824],[-0.03316,51.50868],[-0.03649,51.50937],[-0.03733,51.50936],[-0.03698,51.50989],[-0.03487,51.51133],[-0.0378,51.5095],[-0.04211,51.5098],[-0.04606,51.50936],[-0.04913,51.50801],[-0.04969,51.50808],[-0.0494,51.50785],[-0.05042,51.50759],[-0.05616,51.50388],[-0.05963,51.50283],[-0.06084,51.50281]],[[-0.0642,51.50389],[-0.06398,51.50482],[-0.06438,51.50353],[-0.0642,51.50389]],[[-0.06858,51.51106],[-0.0668,51.51119],[-0.07274,51.51081],[-0.06858,51.51106]],[[-0.05982,51.53216],[-0.05884,51.53338],[-0.05852,51.53402],[-0.05982,51.53216]],[[-0.06554,51.53133],[-0.06408,51.53146],[-0.05982,51.53216],[-0.06554,51.53133]],[[-0.05958,51.53174],[-0.05973,51.53202],[-0.05842,51.5318],[-0.05982,51.53216],[-0.05958,51.53174]],[[-0.02602,51.54023],[-0.02655,51.54141],[-0.02731,51.54266],[-0.02602,51.54023]],[[-0.02537,51.50155],[-0.02595,51.50158],[-0.02742,51.50163],[-0.02537,51.50155]],[[-0.03432,51.51133],[-0.03674,51.51175],[-0.03487,51.51133],[-0.03432,51.51133]],[[-0.03588,51.51341],[-0.03643,51.5126],[-0.03674,51.51175],[-0.03588,51.51341]],[[-0.03933,51.51275],[-0.03875,51.51269],[-0.03643,51.5126],[-0.03933,51.51275]],[[-0.03278,51.53251],[-0.03363,51.53246],[-0.03533,51.53225],[-0.03278,51.53251]],[[-0.03765,51.5314],[-0.03658,51.53163],[-0.03278,51.53251],[-0.03765,51.5314]],[[-0.03994,51.52731],[-0.03707,51.52424],[-0.04,51.5274],[-0.0422,51.53039],[-0.03994,51.52731]],[[-0.04352,51.52689],[-0.04612,51.52646],[-0.03994,51.52731],[-0.04352,51.52689]],[[-0.04622,51.52671],[-0.04615,51.52619],[-0.04612,51.52646],[-0.04622,51.52671]],[[-0.04742,51.52594],[-0.04572,51.52627],[-0.04615,51.52619],[-0.04742,51.52594]],[[-0.04282,51.53043],[-0.04274,51.53031],[-0.0422,51.53039],[-0.04282,51.53043]],[[-0.04708,51.52285],[-0.04708,51.52285],[-0.04691,51.52314],[-0.04708,51.52285]],[[-0.04406,51.52019],[-0.04125,51.52072],[-0.03644,51.52147],[-0.03845,51.52128],[-0.04406,51.52019]],[[-0.03626,51.51951],[-0.03652,51.52293],[-0.03644,51.52147],[-0.03626,51.51951]],[[-0.03864,51.51849],[-0.03856,51.51812],[-0.03887,51.51998],[-0.03864,51.51849]],[[-0.04147,51.51575],[-0.04202,51.51646],[-0.04261,51.51677],[-0.04147,51.51575]],[[-0.03055,51.51863],[-0.03055,51.51863],[-0.03244,51.51743],[-0.03055,51.51863]],[[-0.02763,51.51775],[-0.02676,51.51686],[-0.0283,51.51863],[-0.02763,51.51775]],[[-0.02162,51.5166],[-0.02218,51.51716],[-0.02204,51.51695],[-0.02162,51.5166]],[[-0.02802,51.51397],[-0.02629,51.51468],[-0.02162,51.5166],[-0.02802,51.51397]],[[-0.0284,51.51467],[-0.02928,51.51632],[-0.02802,51.51397],[-0.0284,51.51467]],[[-0.05726,51.53115],[-0.05772,51.53223],[-0.05691,51.53023],[-0.05726,51.53115]],[[-0.05779,51.52798],[-0.0581,51.52939],[-0.05772,51.52746],[-0.05779,51.52798]],[[-0.05518,51.52389],[-0.05529,51.52732],[-0.05583,51.52932],[-0.05537,51.52754],[-0.05518,51.52389]],[[-0.05332,51.52758],[-0.05113,51.5279],[-0.05529,51.52732],[-0.05332,51.52758]],[[-0.05071,51.5271],[-0.04954,51.52565],[-0.05113,51.5279],[-0.05071,51.5271]],[[-0.06461,51.52646],[-0.05571,51.52749],[-0.05635,51.52698],[-0.05537,51.52754],[-0.06461,51.52646]],[[-0.06393,51.5238],[-0.0651,51.52836],[-0.06519,51.52832],[-0.06393,51.5238]],[[-0.06407,51.52325],[-0.06428,51.52154],[-0.06393,51.5238],[-0.06407,51.52325]],[[-0.07133,51.52197],[-0.06905,51.52179],[-0.06428,51.52154],[-0.07133,51.52197]],[[-0.06359,51.51998],[-0.06273,51.51843],[-0.06428,51.52154],[-0.06359,51.51998]],[[-0.0628,51.5184],[-0.05296,51.52045],[-0.04624,51.52187],[-0.04902,51.52131],[-0.0628,51.5184]],[[-0.06187,51.51474],[-0.05821,51.51453],[-0.06231,51.51476],[-0.06187,51.51474]],[[-0.05685,51.51302],[-0.05537,51.51296],[-0.05689,51.51304],[-0.05682,51.51286],[-0.05685,51.51302]],[[-0.04368,51.51317],[-0.04755,51.51333],[-0.04432,51.51317],[-0.04368,51.51317]],[[-0.05956,51.51147],[-0.06097,51.51112],[-0.06097,51.51112],[-0.05956,51.51147]],[[-0.07192,51.5152],[-0.06593,51.51757],[-0.07262,51.51495],[-0.07192,51.5152]],[[-0.07068,51.51391],[-0.07125,51.51467],[-0.07125,51.51467],[-0.07068,51.51391]],[[-0.06868,51.51267],[-0.06763,51.51254],[-0.06903,51.51282],[-0.06868,51.51267]],[[-0.06629,51.51161],[-0.06673,51.51283],[-0.06667,51.51256],[-0.06629,51.51161]],[[-0.06664,51.50748],[-0.06671,51.50796],[-0.06688,51.50818],[-0.06664,51.50748]],[[-0.06523,51.50745],[-0.06363,51.50758],[-0.06664,51.50748],[-0.06523,51.50745]],[[-0.06001,51.50888],[-0.06375,51.50871],[-0.06089,51.50878],[-0.06001,51.50888]],[[-0.06512,51.51482],[-0.0652,51.51549],[-0.06512,51.51482],[-0.06512,51.51482]],[[-0.07073,51.5148],[-0.06957,51.51438],[-0.06962,51.51444],[-0.07073,51.5148]],[[-0.06917,51.51502],[-0.06555,51.51483],[-0.06521,51.51482],[-0.06917,51.51502]],[[-0.0694,51.52009],[-0.06866,51.52016],[-0.06922,51.5202],[-0.0694,51.52009]],[[-0.07118,51.53004],[-0.07125,51.53013],[-0.0732,51.52949],[-0.07118,51.53004]],[[-0.06729,51.52851],[-0.06558,51.52873],[-0.06819,51.52841],[-0.06729,51.52851]],[[-0.07272,51.52471],[-0.07347,51.5267],[-0.07272,51.52471],[-0.07272,51.52471]],[[-0.07044,51.52546],[-0.07266,51.52472],[-0.07239,51.52475],[-0.07044,51.52546]],[[-0.06549,51.53002],[-0.0659,51.53107],[-0.06537,51.52951],[-0.06549,51.53002]],[[-0.06235,51.52903],[-0.06262,51.52957],[-0.063,51.53028],[-0.06235,51.52903]],[[-0.06024,51.53041],[-0.06035,51.53177],[-0.06034,51.53062],[-0.06024,51.53041]],[[-0.05526,51.50962],[-0.05452,51.50967],[-0.05681,51.50973],[-0.05526,51.50962]],[[-0.05522,51.51008],[-0.0546,51.51052],[-0.0546,51.51052],[-0.05522,51.51008]],[[-0.05933,51.52422],[-0.05857,51.52461],[-0.06037,51.52401],[-0.05933,51.52422]],[[-0.05761,51.52212],[-0.05913,51.52209],[-0.0581,51.52201],[-0.05761,51.52212]],[[-0.05381,51.52988],[-0.05346,51.52942],[-0.05381,51.52988],[-0.05381,51.52988]],[[-0.04527,51.52944],[-0.04486,51.52962],[-0.04536,51.52954],[-0.04527,51.52944]],[[-0.05048,51.5193],[-0.05117,51.51934],[-0.05169,51.51937],[-0.05048,51.5193]],[[-0.04515,51.51849],[-0.04549,51.51921],[-0.04576,51.51959],[-0.04515,51.51849]],[[-0.05295,51.51715],[-0.05311,51.51542],[-0.05322,51.51413],[-0.05295,51.51715]],[[-0.04981,51.51687],[-0.05313,51.51725],[-0.05295,51.51715],[-0.04981,51.51687]],[[-0.05377,51.51417],[-0.05308,51.51411],[-0.05322,51.51413],[-0.05377,51.51417]],[[-0.04876,51.51686],[-0.04981,51.51687],[-0.04981,51.51687],[-0.04876,51.51686]],[[-0.05462,51.51815],[-0.05387,51.5177],[-0.05399,51.51781],[-0.05462,51.51815]],[[-0.05431,51.5228],[-0.05385,51.52242],[-0.05363,51.52228],[-0.05431,51.5228]],[[-0.05219,51.52299],[-0.05292,51.52282],[-0.05331,51.52258],[-0.05219,51.52299]],[[-0.05073,51.52362],[-0.05123,51.52333],[-0.04902,51.52413],[-0.05073,51.52362]],[[-0.05218,51.53316],[-0.05757,51.53263],[-0.05389,51.53298],[-0.05218,51.53316]],[[-0.0445,51.53186],[-0.04773,51.5332],[-0.04449,51.53185],[-0.0445,51.53186]],[[-0.0515,51.53053],[-0.05138,51.53057],[-0.05041,51.5319],[-0.0515,51.53053]],[[-0.03277,51.51318],[-0.03216,51.5127],[-0.03164,51.51238],[-0.03277,51.51318]],[[-0.02917,51.51182],[-0.02856,51.51177],[-0.02811,51.51195],[-0.02917,51.51182]],[[-0.02728,51.51217],[-0.02763,51.51255],[-0.02713,51.5117],[-0.02728,51.51217]],[[-0.03495,51.51575],[-0.03391,51.51641],[-0.03391,51.51641],[-0.03495,51.51575]],[[-0.03388,51.51636],[-0.03465,51.51523],[-0.03383,51.51627],[-0.03388,51.51636]],[[-0.02586,51.49798],[-0.02448,51.49808],[-0.02453,51.49788],[-0.02429,51.49817],[-0.02586,51.49798]],[[-0.02278,51.49639],[-0.02278,51.49664],[-0.02303,51.49691],[-0.02278,51.49639]],[[-0.0256,51.53806],[-0.02616,51.53981],[-0.02574,51.53817],[-0.0256,51.53806]],[[-0.02579,51.53162],[-0.02556,51.53221],[-0.02556,51.53221],[-0.02579,51.53162]],[[-0.02685,51.52973],[-0.02644,51.53023],[-0.02685,51.52973],[-0.02685,51.52973]],[[-0.02722,51.52967],[-0.02707,51.52969],[-0.03001,51.52957],[-0.02722,51.52967]],[[-0.03138,51.5313],[-0.03048,51.53009],[-0.03001,51.52957],[-0.03138,51.5313]],[[-0.03035,51.52604],[-0.02795,51.52654],[-0.02685,51.52678],[-0.0298,51.52617],[-0.03035,51.52604]],[[-0.02609,51.52478],[-0.02476,51.52528],[-0.02784,51.52434],[-0.02609,51.52478]],[[-0.02628,51.52034],[-0.02735,51.52076],[-0.0273,51.52133],[-0.02747,51.52078],[-0.02628,51.52034]],[[-0.02735,51.52076],[-0.02368,51.52341],[-0.02124,51.52446],[-0.02328,51.52372],[-0.02735,51.52076]],[[-0.02163,51.51916],[-0.02312,51.51852],[-0.0222,51.5188],[-0.02163,51.51916]],[[-0.01806,51.52135],[-0.01851,51.52186],[-0.0166,51.51863],[-0.01806,51.52135]],[[-0.01606,51.51721],[-0.01622,51.51792],[-0.0166,51.51863],[-0.01606,51.51721]],[[-0.01423,51.51961],[-0.01185,51.52058],[-0.0166,51.51863],[-0.01423,51.51961]],[[-0.01428,51.51356],[-0.01603,51.51336],[-0.015,51.51343],[-0.01428,51.51356]],[[-0.01449,51.51113],[-0.01436,51.51153],[-0.01449,51.51113],[-0.01449,51.51113]],[[-0.0229,51.51108],[-0.02104,51.51081],[-0.02062,51.51083],[-0.02095,51.51082],[-0.0229,51.51108]],[[-0.01453,51.5089],[-0.01944,51.5092],[-0.01388,51.50875],[-0.01453,51.5089]],[[-0.01184,51.50826],[-0.01205,51.50758],[-0.01212,51.50731],[-0.01184,51.50826]],[[-0.01512,51.504],[-0.01488,51.50489],[-0.01506,51.50445],[-0.01512,51.504]],[[-0.01616,51.50017],[-0.01476,51.50284],[-0.01536,51.50192],[-0.01616,51.50017]],[[-0.01339,51.49982],[-0.01058,51.49966],[-0.01616,51.50017],[-0.01339,51.49982]],[[-0.01763,51.49886],[-0.01681,51.49856],[-0.01727,51.49396],[-0.01687,51.49699],[-0.01685,51.49714],[-0.01652,51.49997],[-0.01669,51.49853],[-0.01763,51.49886]],[[-0.03072,51.52365],[-0.02994,51.52182],[-0.03072,51.52365],[-0.03072,51.52365]],[[-0.03264,51.53296],[-0.03382,51.53268],[-0.03264,51.53296],[-0.03264,51.53296]],[[-0.03219,51.5324],[-0.02758,51.53383],[-0.02681,51.53413],[-0.03219,51.5324]],[[-0.02799,51.53591],[-0.02787,51.53563],[-0.02681,51.53413],[-0.02799,51.53591]],[[-0.03112,51.52741],[-0.03074,51.52781],[-0.03082,51.52791],[-0.03112,51.52741]],[[-0.02577,51.53212],[-0.02635,51.53181],[-0.02559,51.5322],[-0.02577,51.53212]],[[-0.02004,51.48886],[-0.01929,51.48852],[-0.02071,51.48918],[-0.02004,51.48886]],[[-0.02517,51.50306],[-0.02585,51.50482],[-0.02556,51.50376],[-0.02517,51.50306]],[[-0.02492,51.50052],[-0.02298,51.50053],[-0.02439,51.50053],[-0.02492,51.50052]],[[-0.01874,51.49926],[-0.01874,51.49926],[-0.01867,51.49969],[-0.01874,51.49926]],[[-0.02027,51.49191],[-0.02076,51.49256],[-0.02156,51.49195],[-0.02071,51.49248],[-0.02019,51.49152],[-0.02027,51.49191]],[[-0.02342,51.49856],[-0.01886,51.49892],[-0.01938,51.49896],[-0.02342,51.49856]],[[-0.01891,51.49821],[-0.01911,51.49696],[-0.01893,51.49803],[-0.01891,51.49821]],[[-0.02147,51.49778],[-0.02158,51.49695],[-0.02131,51.4979],[-0.02064,51.49851],[-0.02147,51.49778]],[[-0.01956,51.51474],[-0.02045,51.51575],[-0.02053,51.51581],[-0.01956,51.51474]],[[-0.01474,51.49341],[-0.01428,51.49454],[-0.01419,51.49508],[-0.01474,51.49341]],[[-0.01726,51.52851],[-0.01871,51.52821],[-0.0178,51.52832],[-0.01726,51.52851]],[[-0.01619,51.52743],[-0.0157,51.5279],[-0.01686,51.52714],[-0.01541,51.52752],[-0.01619,51.52743]],[[-0.01609,51.52651],[-0.01891,51.52587],[-0.01663,51.52637],[-0.01609,51.52651]],[[-0.01601,51.52458],[-0.01518,51.52456],[-0.01431,51.52462],[-0.01601,51.52458]],[[-0.01492,51.52302],[-0.01509,51.52412],[-0.01518,51.52456],[-0.01492,51.52302]],[[-0.01604,51.52289],[-0.01625,51.52179],[-0.01606,51.52206],[-0.01604,51.52289]],[[-0.02107,51.52801],[-0.0239,51.52741],[-0.02101,51.52793],[-0.02321,51.53074],[-0.02107,51.52801]],[[-0.01876,51.52452],[-0.01885,51.52466],[-0.02101,51.52793],[-0.01876,51.52452]],[[-0.01946,51.5245],[-0.01865,51.52303],[-0.01946,51.5245],[-0.01946,51.5245]],[[-0.01884,51.52229],[-0.02034,51.5223],[-0.01946,51.52216],[-0.01884,51.52229]],[[-0.02326,51.53085],[-0.02244,51.53115],[-0.02326,51.53085],[-0.02326,51.53085]],[[-0.02028,51.53124],[-0.01934,51.53202],[-0.01934,51.53202],[-0.02028,51.53124]],[[-0.02157,51.53241],[-0.02191,51.53221],[-0.02349,51.53126],[-0.02157,51.53241]],[[-0.00732,51.49332],[-0.00859,51.49455],[-0.00821,51.49418],[-0.00732,51.49332]],[[-0.01379,51.49749],[-0.0134,51.49749],[-0.01302,51.49771],[-0.01379,51.49749]],[[-0.01346,51.49824],[-0.01346,51.49824],[-0.01302,51.49771],[-0.01346,51.49824]],[[-0.00999,51.51393],[-0.00999,51.51393],[-0.01088,51.51384],[-0.00999,51.51393]],[[-0.00978,51.51368],[-0.00636,51.51418],[-0.00978,51.51368],[-0.00978,51.51368]],[[-0.00362,51.51452],[-0.00527,51.51497],[-0.00622,51.51523],[-0.00362,51.51452]],[[-0.0026,51.51237],[-0.0026,51.51237],[-0.00333,51.51337],[-0.0026,51.51237]],[[-0.00067,51.51274],[-0.00019,51.51296],[-0.00248,51.5124],[-0.00067,51.51274]],[[-0.00304,51.51229],[-0.00773,51.51148],[-0.00429,51.51206],[-0.00304,51.51229]],[[-0.00641,51.50892],[-0.00528,51.50785],[-0.00758,51.5078],[-0.00518,51.50776],[-0.00543,51.508],[-0.00641,51.50892]],[[0.00547,51.51176],[0.00508,51.5115],[0.00595,51.51198],[0.00547,51.51176]],[[0.00034,51.50875],[-0.00055,51.50961],[-0.00173,51.51036],[0.00034,51.50875]]],[[[-0.02158,51.48767],[-0.02194,51.48788],[-0.02157,51.48767],[-0.02158,51.48767]]]]}},{"type":"Feature","properties":{"n":"Waltham Forest"},"geometry":{"type":"Polygon","coordinates":[[[-0.03009,51.56136],[-0.03328,51.56062],[-0.03639,51.56151],[-0.03896,51.56122],[-0.03997,51.56178],[-0.04231,51.56139],[-0.04508,51.56176],[-0.04559,51.56221],[-0.04723,51.5627],[-0.0467,51.56375],[-0.0467,51.56438],[-0.04765,51.56533],[-0.05115,51.56772],[-0.05313,51.56858],[-0.05427,51.5702],[-0.05615,51.57067],[-0.05687,51.57145],[-0.05841,51.57253],[-0.05856,51.57318],[-0.06116,51.57779],[-0.06198,51.57879],[-0.06219,51.57965],[-0.06101,51.58083],[-0.05849,51.58214],[-0.05626,51.58379],[-0.05474,51.58588],[-0.05214,51.58779],[-0.05346,51.58991],[-0.05225,51.594],[-0.05121,51.59498],[-0.05087,51.59613],[-0.05027,51.59685],[-0.0461,51.60013],[-0.04143,51.60563],[-0.04016,51.60632],[-0.03596,51.60791],[-0.03483,51.6085],[-0.034,51.60949],[-0.03416,51.6103],[-0.03552,51.61194],[-0.03541,51.61284],[-0.03224,51.61676],[-0.02597,51.62177],[-0.01525,51.63567],[-0.01324,51.63994],[-0.01226,51.64623],[-0.00921,51.64653],[-0.00734,51.64616],[-0.00844,51.6445],[-0.00812,51.64358],[-0.00623,51.64332],[-0.00456,51.64354],[-0.00398,51.64272],[-0.00165,51.64354],[-0.00029,51.64364],[0.00094,51.6418],[0.0044,51.64152],[0.0099,51.64145],[0.01742,51.64026],[0.02008,51.64045],[0.02272,51.64112],[0.02308,51.63772],[0.02516,51.63729],[0.02471,51.63605],[0.02574,51.63457],[0.02418,51.63207],[0.02384,51.6308],[0.02182,51.62883],[0.02115,51.62903],[0.02106,51.62828],[0.02072,51.62825],[0.02057,51.6273],[0.01994,51.62699],[0.02005,51.62649],[0.01915,51.62503],[0.01866,51.62305],[0.01622,51.62178],[0.01633,51.62132],[0.01434,51.6203],[0.01473,51.61975],[0.01453,51.6189],[0.00919,51.61897],[0.01617,51.61689],[0.02011,51.61333],[0.0214,51.61172],[0.01927,51.60823],[0.01948,51.60764],[0.01911,51.60777],[0.01289,51.59908],[0.012,51.59232],[0.01252,51.59036],[0.0134,51.58379],[0.01438,51.58333],[0.00687,51.58353],[0.01551,51.58329],[0.01527,51.58251],[0.0157,51.58186],[0.01526,51.58171],[0.0168,51.57885],[0.01742,51.57686],[0.01741,51.57441],[0.01649,51.57288],[0.0175,51.57259],[0.01804,51.57202],[0.01893,51.57225],[0.01912,51.56993],[0.01769,51.57],[0.01897,51.56649],[0.01856,51.56604],[0.01753,51.56564],[0.01446,51.5656],[0.01436,51.56082],[0.0148,51.55944],[0.01631,51.55923],[0.01812,51.55814],[0.0173,51.55797],[0.01821,51.55806],[0.02037,51.55627],[0.02156,51.55488],[0.01738,51.55335],[0.01628,51.55322],[0.01445,51.55522],[0.0146,51.55496],[0.01165,51.55392],[0.01114,51.5544],[0.00965,51.55344],[0.01085,51.55226],[0.00969,51.55159],[0.00954,51.55124],[0.00553,51.55066],[0.00579,51.55187],[0.00529,51.55179],[0.00521,51.55216],[0.00499,51.55187],[0.00388,51.55178],[0.00315,51.55204],[0.0038,51.55214],[-0.00017,51.55174],[-0.00364,51.55092],[-0.00381,51.55147],[-0.00378,51.55113],[-0.00866,51.54993],[-0.00945,51.55222],[-0.01086,51.55262],[-0.01694,51.55141],[-0.01788,51.55413],[-0.01846,51.55511],[-0.02311,51.5573],[-0.02389,51.55733],[-0.02435,51.55869],[-0.02573,51.5598],[-0.02775,51.56077],[-0.03009,51.56136]],[[0.01127,51.55483],[0.01087,51.55498],[0.01207,51.55407],[0.01127,51.55483]],[[-0.01112,51.6271],[-0.00877,51.62687],[-0.01162,51.62721],[-0.01112,51.6271]],[[-0.00345,51.62534],[-0.00432,51.62554],[-0.00619,51.62575],[-0.00345,51.62534]],[[-0.00728,51.62179],[-0.00728,51.62179],[-0.00588,51.62307],[-0.00728,51.62179]],[[-0.00712,51.62169],[-0.00337,51.62137],[-0.00723,51.62176],[-0.00712,51.62169]],[[-0.00384,51.62001],[-0.00358,51.6207],[-0.00337,51.62137],[-0.00384,51.62001]],[[-0.01027,51.60859],[-0.00917,51.60865],[-0.01284,51.60856],[-0.01027,51.60859]],[[-0.00805,51.60761],[-0.00801,51.60796],[-0.00806,51.60861],[-0.00805,51.60761]],[[-0.01069,51.60454],[-0.00916,51.6048],[-0.00737,51.60518],[-0.00909,51.60483],[-0.01069,51.60454]],[[-0.00849,51.60054],[-0.00934,51.60039],[-0.00747,51.60057],[-0.00895,51.60053],[-0.00849,51.60054]],[[-0.01256,51.60007],[-0.01171,51.59696],[-0.01109,51.59649],[-0.01171,51.59707],[-0.01256,51.60007]],[[-0.00857,51.5908],[-0.00843,51.59084],[-0.01181,51.5901],[-0.00857,51.5908]],[[-0.01472,51.58992],[-0.01466,51.58991],[-0.01181,51.5901],[-0.01472,51.58992]],[[-0.00834,51.58803],[-0.00825,51.58745],[-0.00816,51.58899],[-0.00834,51.58803]],[[-0.00911,51.58443],[-0.0079,51.58504],[-0.0079,51.58504],[-0.00911,51.58443]],[[-0.00872,51.57957],[-0.00913,51.58063],[-0.01005,51.58218],[-0.00872,51.57957]],[[-0.00622,51.57911],[-0.00622,51.57911],[-0.00787,51.57892],[-0.00622,51.57911]],[[-0.0083,51.57034],[-0.00842,51.57223],[-0.0086,51.5731],[-0.0083,51.57034]],[[-0.01009,51.57072],[-0.00827,51.5699],[-0.00828,51.56997],[-0.01009,51.57072]],[[-0.01045,51.56212],[-0.01037,51.56193],[-0.01078,51.56296],[-0.01045,51.56212]],[[-0.00633,51.55631],[-0.00457,51.55755],[-0.00593,51.5567],[-0.00633,51.55631]],[[-0.0166,51.57056],[-0.01403,51.57173],[-0.00992,51.57385],[-0.01294,51.57234],[-0.0166,51.57056]],[[-0.01786,51.60988],[-0.01788,51.61324],[-0.01797,51.61175],[-0.01786,51.60988]],[[-0.02644,51.6107],[-0.02565,51.61058],[-0.02262,51.61029],[-0.02644,51.6107]],[[-0.02248,51.59051],[-0.02128,51.59079],[-0.02167,51.5907],[-0.02248,51.59051]],[[-0.02156,51.58816],[-0.02142,51.5884],[-0.02156,51.58816],[-0.02156,51.58816]],[[-0.01618,51.58085],[-0.01843,51.58028],[-0.02071,51.57959],[-0.01618,51.58085]],[[-0.01602,51.5806],[-0.01642,51.58139],[-0.01618,51.58085],[-0.01602,51.5806]],[[-0.02271,51.57863],[-0.02041,51.5793],[-0.02191,51.57893],[-0.02271,51.57863]],[[-0.02245,51.57655],[-0.0218,51.57591],[-0.02246,51.57657],[-0.02357,51.5762],[-0.02245,51.57655]],[[-0.01624,51.57618],[-0.017,51.57595],[-0.02151,51.57445],[-0.02149,51.57445],[-0.01624,51.57618]],[[-0.02061,51.57193],[-0.01966,51.5722],[-0.01994,51.57213],[-0.02061,51.57193]],[[-0.01729,51.57024],[-0.02046,51.56905],[-0.01994,51.56916],[-0.01729,51.57024]],[[-0.0166,51.56565],[-0.01685,51.56586],[-0.01717,51.56612],[-0.0166,51.56565]],[[-0.02706,51.59538],[-0.02709,51.59589],[-0.02356,51.59626],[-0.02853,51.59576],[-0.02712,51.59579],[-0.02706,51.59538]],[[-0.03151,51.58138],[-0.02673,51.58217],[-0.01887,51.58303],[-0.02671,51.58217],[-0.02599,51.58239],[-0.03151,51.58138]],[[-0.03328,51.58081],[-0.03458,51.58018],[-0.03151,51.58138],[-0.03328,51.58081]],[[-0.03326,51.58812],[-0.04054,51.58723],[-0.04057,51.58723],[-0.03647,51.58763],[-0.03326,51.58812]],[[-0.03599,51.58635],[-0.03469,51.58527],[-0.03469,51.58527],[-0.03599,51.58635]],[[-0.03013,51.58651],[-0.02917,51.58562],[-0.02926,51.58588],[-0.03013,51.58651]],[[-0.03789,51.58084],[-0.03823,51.58078],[-0.04279,51.57948],[-0.03789,51.58084]],[[-0.03692,51.57903],[-0.03648,51.57926],[-0.03661,51.5792],[-0.03692,51.57903]],[[-0.038,51.57843],[-0.03561,51.5766],[-0.038,51.57843],[-0.038,51.57843]],[[-0.0305,51.57757],[-0.03128,51.57739],[-0.03222,51.577],[-0.0305,51.57757]],[[-0.02777,51.57279],[-0.02985,51.57616],[-0.02801,51.57304],[-0.02777,51.57279]],[[-0.03062,51.57241],[-0.02852,51.57288],[-0.02801,51.57304],[-0.03062,51.57241]],[[-0.02883,51.56898],[-0.03116,51.56817],[-0.03037,51.56844],[-0.02883,51.56898]],[[-0.02655,51.5715],[-0.02468,51.56954],[-0.02553,51.57054],[-0.02655,51.5715]],[[-0.03584,51.58479],[-0.03514,51.58502],[-0.03481,51.5852],[-0.03584,51.58479]],[[-0.03821,51.59702],[-0.03863,51.59701],[-0.04075,51.59657],[-0.03821,51.59702]],[[-0.0372,51.59479],[-0.03758,51.59565],[-0.03821,51.59702],[-0.0372,51.59479]],[[-0.03632,51.59473],[-0.03557,51.59482],[-0.0372,51.59479],[-0.03632,51.59473]],[[-0.03025,51.59276],[-0.02866,51.59359],[-0.03145,51.59234],[-0.03025,51.59276]],[[-0.02829,51.59486],[-0.02846,51.5951],[-0.02808,51.5942],[-0.02829,51.59486]],[[-0.03569,51.59025],[-0.03973,51.58997],[-0.03497,51.59029],[-0.03569,51.59025]],[[-0.03281,51.59126],[-0.03239,51.59099],[-0.03206,51.59082],[-0.03281,51.59126]],[[-0.02859,51.59007],[-0.02562,51.59026],[-0.02733,51.5902],[-0.02859,51.59007]],[[-0.03577,51.59903],[-0.03752,51.59782],[-0.03545,51.5991],[-0.03577,51.59903]],[[-0.02999,51.60053],[-0.03005,51.59989],[-0.03005,51.59942],[-0.02999,51.60053]],[[-0.03001,51.59754],[-0.03,51.59758],[-0.03062,51.5979],[-0.03001,51.59754]],[[-0.03051,51.61157],[-0.03148,51.61156],[-0.03356,51.61141],[-0.03051,51.61157]],[[-0.0155,51.56778],[-0.01514,51.5679],[-0.01516,51.56791],[-0.0155,51.56778]],[[-0.01927,51.61817],[-0.022,51.62015],[-0.0221,51.61953],[-0.02199,51.62014],[-0.01927,51.61817]],[[-0.01444,51.58798],[-0.01475,51.58793],[-0.01282,51.58831],[-0.01444,51.58798]],[[-0.01645,51.56323],[-0.01614,51.56286],[-0.01632,51.5632],[-0.01502,51.56354],[-0.01645,51.56323]],[[-0.01376,51.57935],[-0.01213,51.5788],[-0.01304,51.57912],[-0.01376,51.57935]],[[-0.01542,51.59737],[-0.01546,51.59709],[-0.01541,51.5973],[-0.01542,51.59737]],[[-0.01691,51.62103],[-0.01735,51.61893],[-0.01754,51.61701],[-0.01691,51.62103]],[[-0.01197,51.61639],[-0.0168,51.61607],[-0.01237,51.61628],[-0.01197,51.61639]],[[-0.01663,51.62284],[-0.01232,51.6228],[-0.01206,51.62281],[-0.01663,51.62284]],[[-0.01665,51.62347],[-0.01667,51.62262],[-0.01663,51.62284],[-0.01665,51.62347]],[[-0.02146,51.62223],[-0.01673,51.62218],[-0.01673,51.62218],[-0.02146,51.62223]],[[-0.01878,51.62694],[-0.01927,51.62694],[-0.01874,51.62682],[-0.01878,51.62694]],[[-0.00596,51.57898],[0.00149,51.58188],[0.00339,51.58269],[-0.00596,51.57898]],[[0.00678,51.62704],[0.00283,51.62867],[0.00482,51.62784],[0.00678,51.62704]],[[0.0018,51.62247],[0.00347,51.62613],[0.00194,51.62304],[0.0018,51.62247]],[[0.00028,51.61058],[0.00124,51.61437],[-0.0001,51.6091],[0.00028,51.61058]],[[-0.00345,51.60514],[-0.0044,51.60553],[-0.00486,51.60561],[-0.00345,51.60514]],[[-0.00298,51.60437],[-0.00178,51.60426],[-0.00249,51.60433],[-0.00457,51.60511],[-0.00298,51.60437]],[[-0.00297,51.59203],[0.00492,51.59322],[-0.00125,51.59241],[-0.00297,51.59203]],[[-0.00099,51.59062],[-0.00099,51.59034],[-0.00087,51.59009],[-0.00099,51.59062]],[[-0.00201,51.58653],[-0.00169,51.5867],[-0.00545,51.58557],[-0.00201,51.58653]],[[-0.0087,51.63876],[-0.00883,51.63848],[-0.01035,51.63505],[-0.0087,51.63876]],[[-0.00351,51.59752],[-0.00335,51.59661],[-0.00314,51.59587],[-0.00351,51.59752]],[[-0.00439,51.58269],[-0.00514,51.5828],[-0.00616,51.58269],[-0.00439,51.58269]],[[0.00065,51.61472],[0.00019,51.61449],[-0.00286,51.61235],[0.00065,51.61472]],[[-0.00311,51.62575],[-0.00126,51.62579],[-0.0022,51.62584],[-0.00311,51.62575]],[[-0.00451,51.57353],[-0.00569,51.5747],[-0.00533,51.57433],[-0.00451,51.57353]],[[-0.00237,51.57209],[-0.00174,51.57258],[-0.00225,51.57229],[-0.00237,51.57209]],[[-0.00086,51.57056],[0.00769,51.57482],[0.00117,51.57173],[-0.00086,51.57056]],[[-0.00533,51.56888],[-0.00222,51.56986],[-0.00208,51.56993],[-0.00533,51.56888]],[[0.00321,51.56585],[0.00232,51.56619],[0.00047,51.56684],[0.00321,51.56585]],[[0.00251,51.56226],[0.00307,51.56264],[0.00562,51.56473],[0.00439,51.5638],[0.00251,51.56226]],[[0.00465,51.56166],[0.00459,51.56169],[0.00259,51.56026],[0.00465,51.56166]],[[0.00392,51.55708],[0.00331,51.55717],[0.00371,51.55711],[0.00392,51.55708]],[[-0.00071,51.55426],[0.00104,51.55556],[0.00079,51.55544],[-0.00071,51.55426]],[[-0.00621,51.56408],[-0.00593,51.56426],[-0.00655,51.5639],[-0.00621,51.56408]],[[-0.00067,51.6322],[-0.00101,51.63165],[-0.0009,51.63181],[-0.00067,51.6322]],[[0.00026,51.63544],[-0.00026,51.63517],[-0.0009,51.63448],[0.00026,51.63544]],[[0.00464,51.57161],[0.00501,51.57129],[0.00771,51.56998],[0.00464,51.57161]],[[0.00917,51.57384],[0.01348,51.57536],[0.00871,51.57368],[0.00917,51.57384]],[[0.00794,51.55401],[0.00589,51.55296],[0.00747,51.55368],[0.00794,51.55401]],[[0.00988,51.55489],[0.01393,51.55631],[0.01392,51.55632],[0.00988,51.55489]],[[0.01069,51.56765],[0.01116,51.56748],[0.01298,51.56722],[0.01069,51.56765]],[[-0.00253,51.60028],[-0.00018,51.59968],[-0.00174,51.60015],[-0.00253,51.60028]],[[0.00843,51.61867],[0.00784,51.61875],[0.00938,51.61846],[0.00843,51.61867]],[[0.00774,51.62422],[0.0068,51.62347],[0.00782,51.62418],[0.00774,51.62422]],[[0.0106,51.61267],[0.01193,51.61176],[0.01099,51.60931],[0.01283,51.61361],[0.01198,51.61177],[0.0106,51.61267]]]}},{"type":"Feature","properties":{"n":"Wandsworth"},"geometry":{"type":"Polygon","coordinates":[[[-0.21986,51.4385],[-0.22425,51.43886],[-0.22448,51.43858],[-0.22548,51.43874],[-0.23105,51.43818],[-0.25106,51.43256],[-0.25123,51.43417],[-0.25305,51.4353],[-0.25401,51.43724],[-0.24306,51.44175],[-0.24163,51.44308],[-0.2473,51.44918],[-0.25909,51.45493],[-0.25841,51.45698],[-0.25678,51.45988],[-0.258,51.4603],[-0.25627,51.46273],[-0.25501,51.46383],[-0.25289,51.46522],[-0.24911,51.46506],[-0.24395,51.46523],[-0.23318,51.46397],[-0.23363,51.46604],[-0.23281,51.46663],[-0.23331,51.46757],[-0.23292,51.47168],[-0.23259,51.47261],[-0.23109,51.47283],[-0.2277,51.47168],[-0.22349,51.47078],[-0.2235,51.47143],[-0.22289,51.47172],[-0.21804,51.46819],[-0.21276,51.46555],[-0.20727,51.4639],[-0.20367,51.4632],[-0.1991,51.46271],[-0.1955,51.46289],[-0.19506,51.46254],[-0.19505,51.46063],[-0.19514,51.46002],[-0.1933,51.4598],[-0.19475,51.46018],[-0.19486,51.46176],[-0.19436,51.46138],[-0.19388,51.46149],[-0.19492,51.46261],[-0.19479,51.46291],[-0.19036,51.46341],[-0.18713,51.46423],[-0.1836,51.46546],[-0.18096,51.46758],[-0.17914,51.47001],[-0.17847,51.47018],[-0.17857,51.47065],[-0.1779,51.47063],[-0.17851,51.47077],[-0.17685,51.47488],[-0.17566,51.47618],[-0.17599,51.47644],[-0.17526,51.47775],[-0.17395,51.47908],[-0.17163,51.48026],[-0.16626,51.48133],[-0.14961,51.48352],[-0.14762,51.48358],[-0.14004,51.48274],[-0.13734,51.48269],[-0.1378,51.48223],[-0.13726,51.48264],[-0.13691,51.48244],[-0.13672,51.48279],[-0.13206,51.48374],[-0.12853,51.48503],[-0.12819,51.48474],[-0.1263,51.48443],[-0.12752,51.48188],[-0.12991,51.48113],[-0.13395,51.47569],[-0.13503,51.47595],[-0.13396,51.47564],[-0.13403,51.47523],[-0.13471,51.47494],[-0.13488,51.4742],[-0.13433,51.47396],[-0.13477,51.47328],[-0.13551,51.47276],[-0.1365,51.47287],[-0.13689,51.47313],[-0.13885,51.47182],[-0.13956,51.47172],[-0.13934,51.47154],[-0.13984,51.47132],[-0.14039,51.47156],[-0.14174,51.47089],[-0.14147,51.47068],[-0.14265,51.47007],[-0.14308,51.47052],[-0.1505,51.46765],[-0.1506,51.46596],[-0.15121,51.46589],[-0.15071,51.46288],[-0.14968,51.46133],[-0.15808,51.46129],[-0.14965,51.46125],[-0.14925,51.45895],[-0.14818,51.4564],[-0.14743,51.45295],[-0.14772,51.45231],[-0.1423,51.45097],[-0.14384,51.44921],[-0.14491,51.44833],[-0.14554,51.44639],[-0.14558,51.44523],[-0.1434,51.44128],[-0.14362,51.44177],[-0.13808,51.44167],[-0.13598,51.442],[-0.13741,51.44014],[-0.13782,51.43843],[-0.13997,51.43703],[-0.13968,51.43535],[-0.13802,51.43385],[-0.1366,51.4339],[-0.13532,51.43037],[-0.14298,51.4309],[-0.1384,51.43046],[-0.13886,51.42585],[-0.13867,51.42319],[-0.13783,51.42111],[-0.14038,51.41925],[-0.14306,51.41813],[-0.14454,51.41774],[-0.14965,51.41997],[-0.15009,51.42009],[-0.1513,51.41985],[-0.16001,51.42267],[-0.16009,51.42181],[-0.16054,51.42165],[-0.16167,51.41982],[-0.16507,51.42009],[-0.16481,51.42034],[-0.16787,51.42079],[-0.17332,51.42307],[-0.1763,51.42391],[-0.18198,51.42469],[-0.18413,51.42637],[-0.18464,51.42766],[-0.1843,51.43123],[-0.18578,51.43309],[-0.18734,51.43291],[-0.18743,51.43206],[-0.18926,51.43181],[-0.18907,51.43156],[-0.18976,51.43133],[-0.19118,51.43325],[-0.19008,51.43528],[-0.18929,51.43812],[-0.18927,51.43851],[-0.19072,51.43896],[-0.18988,51.44026],[-0.19019,51.44363],[-0.19006,51.44145],[-0.19457,51.44081],[-0.20447,51.43887],[-0.20596,51.44163],[-0.20449,51.43891],[-0.2131,51.43781],[-0.21566,51.43773],[-0.21685,51.43846],[-0.21803,51.43869],[-0.21986,51.4385]],[[-0.20021,51.46039],[-0.20005,51.46032],[-0.19505,51.46063],[-0.20021,51.46039]],[[-0.16416,51.47642],[-0.16326,51.47431],[-0.16626,51.48133],[-0.16416,51.47642]],[[-0.15909,51.42289],[-0.15941,51.42281],[-0.15913,51.42328],[-0.15957,51.42257],[-0.15909,51.42289]],[[-0.17264,51.42356],[-0.17156,51.42436],[-0.17332,51.42307],[-0.17264,51.42356]],[[-0.20655,51.44479],[-0.20692,51.44753],[-0.20596,51.44163],[-0.20655,51.44479]],[[-0.20764,51.44985],[-0.20765,51.44986],[-0.20692,51.44753],[-0.20764,51.44985]],[[-0.17853,51.46673],[-0.18069,51.46512],[-0.17843,51.4668],[-0.18047,51.46776],[-0.17853,51.46673]],[[-0.17798,51.46787],[-0.17785,51.46821],[-0.17843,51.4668],[-0.17798,51.46787]],[[-0.18594,51.46283],[-0.18471,51.46159],[-0.18594,51.46284],[-0.18594,51.46283]],[[-0.18471,51.46159],[-0.18402,51.46172],[-0.18232,51.46205],[-0.18471,51.46159]],[[-0.18665,51.45635],[-0.18706,51.45704],[-0.18736,51.45744],[-0.18665,51.45635]],[[-0.16714,51.45342],[-0.16992,51.45717],[-0.16918,51.45617],[-0.16714,51.45342]],[[-0.16528,51.45746],[-0.1657,51.45874],[-0.16593,51.45926],[-0.16538,51.45768],[-0.16528,51.45746]],[[-0.16545,51.45658],[-0.1654,51.45655],[-0.16562,51.45709],[-0.16545,51.45658]],[[-0.16403,51.45543],[-0.16456,51.45595],[-0.16506,51.45626],[-0.16403,51.45543]],[[-0.15895,51.4562],[-0.15932,51.45614],[-0.16062,51.45575],[-0.15895,51.4562]],[[-0.16155,51.45377],[-0.15995,51.45156],[-0.16173,51.45402],[-0.16155,51.45377]],[[-0.15925,51.45212],[-0.15921,51.45214],[-0.16018,51.45187],[-0.15925,51.45212]],[[-0.16779,51.45056],[-0.16779,51.45056],[-0.1675,51.45101],[-0.16779,51.45056]],[[-0.16901,51.43934],[-0.1659,51.44051],[-0.16522,51.44093],[-0.16901,51.43934]],[[-0.16939,51.4316],[-0.16613,51.43364],[-0.16671,51.43341],[-0.16939,51.4316]],[[-0.16906,51.43116],[-0.16635,51.43022],[-0.16742,51.43062],[-0.16906,51.43116]],[[-0.16827,51.4278],[-0.16623,51.42971],[-0.16799,51.42809],[-0.16827,51.4278]],[[-0.16468,51.42933],[-0.16463,51.42936],[-0.16509,51.42916],[-0.16468,51.42933]],[[-0.16246,51.4272],[-0.16327,51.42782],[-0.16217,51.42698],[-0.16245,51.4272],[-0.16096,51.42802],[-0.16246,51.4272]],[[-0.1633,51.42371],[-0.16183,51.42308],[-0.16488,51.42451],[-0.1633,51.42371]],[[-0.16623,51.42358],[-0.16441,51.42288],[-0.16611,51.42355],[-0.16548,51.42369],[-0.16623,51.42358]],[[-0.16954,51.45259],[-0.17173,51.45524],[-0.17024,51.4534],[-0.16954,51.45259]],[[-0.21488,51.45781],[-0.21471,51.45817],[-0.21518,51.45726],[-0.21488,51.45781]],[[-0.20775,51.45513],[-0.20775,51.45513],[-0.20903,51.45472],[-0.20775,51.45513]],[[-0.23405,51.45613],[-0.23405,51.45613],[-0.23331,51.45615],[-0.23405,51.45613]],[[-0.2205,51.45588],[-0.21942,51.45573],[-0.21997,51.45584],[-0.2205,51.45588]],[[-0.22039,51.45371],[-0.22302,51.44906],[-0.21942,51.45573],[-0.22039,51.45371]],[[-0.22287,51.44833],[-0.22287,51.44833],[-0.22302,51.44906],[-0.22287,51.44833]],[[-0.21904,51.45852],[-0.22275,51.45882],[-0.21898,51.45848],[-0.21865,51.45912],[-0.21904,51.45852]],[[-0.24128,51.449],[-0.24127,51.44961],[-0.24141,51.44839],[-0.24128,51.449]],[[-0.23932,51.44377],[-0.23883,51.44398],[-0.23758,51.44452],[-0.23932,51.44377]],[[-0.21917,51.45013],[-0.22286,51.44831],[-0.22138,51.44902],[-0.21917,51.45013]],[[-0.21479,51.44928],[-0.21523,51.44937],[-0.21579,51.44933],[-0.21479,51.44928]],[[-0.23992,51.44487],[-0.24085,51.44381],[-0.24034,51.44436],[-0.23992,51.44487]],[[-0.22259,51.44521],[-0.22203,51.44719],[-0.22307,51.44355],[-0.22259,51.44521]],[[-0.21772,51.44402],[-0.21816,51.44457],[-0.21752,51.44445],[-0.21823,51.44465],[-0.21772,51.44402]],[[-0.21617,51.44017],[-0.21478,51.44097],[-0.21558,51.44051],[-0.21617,51.44017]],[[-0.21179,51.44699],[-0.21069,51.44577],[-0.21179,51.44699],[-0.21179,51.44699]],[[-0.21673,51.44685],[-0.21605,51.4463],[-0.21605,51.4463],[-0.21673,51.44685]],[[-0.21484,51.44763],[-0.21387,51.44706],[-0.21386,51.44706],[-0.21484,51.44763]],[[-0.24383,51.45197],[-0.2436,51.45401],[-0.24395,51.45213],[-0.24383,51.45197]],[[-0.2329,51.45196],[-0.23677,51.45116],[-0.22507,51.45318],[-0.2329,51.45196]],[[-0.21095,51.45397],[-0.21404,51.45266],[-0.21437,51.4525],[-0.21095,51.45397]],[[-0.21774,51.46554],[-0.22145,51.46647],[-0.2207,51.46623],[-0.21774,51.46554]],[[-0.231,51.4608],[-0.23147,51.46079],[-0.23188,51.46078],[-0.231,51.4608]],[[-0.22411,51.45972],[-0.22412,51.46006],[-0.22413,51.46122],[-0.22413,51.4609],[-0.22411,51.45972]],[[-0.23514,51.46066],[-0.23494,51.45928],[-0.23461,51.45844],[-0.23514,51.46066]],[[-0.18722,51.44474],[-0.18836,51.44436],[-0.18647,51.44479],[-0.18722,51.44474]],[[-0.18307,51.44403],[-0.18627,51.44239],[-0.18536,51.44285],[-0.18307,51.44403]],[[-0.17929,51.43244],[-0.18155,51.4335],[-0.18057,51.43293],[-0.17929,51.43244]],[[-0.18304,51.43857],[-0.1832,51.4388],[-0.18358,51.43905],[-0.18304,51.43857]],[[-0.18674,51.43665],[-0.18678,51.43764],[-0.18678,51.43735],[-0.18674,51.43665]],[[-0.2012,51.44239],[-0.20014,51.44006],[-0.20128,51.44264],[-0.2012,51.44239]],[[-0.19284,51.44393],[-0.1934,51.44677],[-0.19315,51.44497],[-0.19284,51.44393]],[[-0.1943,51.45875],[-0.19463,51.45868],[-0.19423,51.45875],[-0.1943,51.45875]],[[-0.19207,51.45886],[-0.19216,51.45773],[-0.19205,51.45841],[-0.19207,51.45886]],[[-0.18241,51.45403],[-0.18063,51.45452],[-0.18479,51.4536],[-0.18241,51.45403]],[[-0.18263,51.45135],[-0.1834,51.45158],[-0.18264,51.45135],[-0.18263,51.45135]],[[-0.20509,51.46001],[-0.20505,51.45929],[-0.20364,51.45959],[-0.20498,51.45942],[-0.20509,51.46001]],[[-0.20436,51.45459],[-0.20355,51.45496],[-0.20397,51.4549],[-0.20436,51.45459]],[[-0.2015,51.45194],[-0.19848,51.45326],[-0.20021,51.45259],[-0.2015,51.45194]],[[-0.19848,51.45326],[-0.19929,51.45603],[-0.19927,51.4554],[-0.19848,51.45326]],[[-0.19828,51.45698],[-0.19594,51.45735],[-0.20255,51.4567],[-0.1983,51.45697],[-0.19929,51.45603],[-0.19828,51.45698]],[[-0.19446,51.45712],[-0.19479,51.45722],[-0.19594,51.45735],[-0.19446,51.45712]],[[-0.19561,51.45593],[-0.19561,51.45593],[-0.19625,51.45564],[-0.19561,51.45593]],[[-0.19148,51.4532],[-0.19212,51.45215],[-0.19148,51.45319],[-0.19006,51.45106],[-0.19148,51.4532]],[[-0.1887,51.45149],[-0.18833,51.45164],[-0.19006,51.45106],[-0.1887,51.45149]],[[-0.20249,51.44997],[-0.20488,51.45007],[-0.20201,51.44993],[-0.20249,51.44997]],[[-0.20363,51.44752],[-0.20217,51.44913],[-0.20408,51.44724],[-0.20363,51.44752]],[[-0.19226,51.44883],[-0.19298,51.44883],[-0.19571,51.44855],[-0.19226,51.44883]],[[-0.19224,51.44885],[-0.19224,51.44885],[-0.19008,51.44879],[-0.19224,51.44885]],[[-0.20383,51.4448],[-0.20199,51.44505],[-0.20199,51.44505],[-0.20383,51.4448]],[[-0.19144,51.45597],[-0.19263,51.45556],[-0.19263,51.45553],[-0.19144,51.45597]],[[-0.19022,51.45678],[-0.191,51.45672],[-0.18967,51.4568],[-0.19022,51.45678]],[[-0.20294,51.4567],[-0.20272,51.4567],[-0.20298,51.45688],[-0.20294,51.4567]],[[-0.18072,51.42906],[-0.18173,51.43024],[-0.18236,51.43092],[-0.18072,51.42906]],[[-0.17472,51.43053],[-0.17581,51.43128],[-0.17516,51.43075],[-0.17472,51.43053]],[[-0.17193,51.42977],[-0.17006,51.42958],[-0.17264,51.42999],[-0.17193,51.42977]],[[-0.17749,51.44832],[-0.17987,51.44733],[-0.17497,51.44914],[-0.17749,51.44832]],[[-0.17286,51.44892],[-0.1744,51.44836],[-0.17481,51.44816],[-0.17286,51.44892]],[[-0.17292,51.44179],[-0.17375,51.4415],[-0.17427,51.44127],[-0.17292,51.44179]],[[-0.17972,51.43319],[-0.1757,51.43445],[-0.17616,51.43437],[-0.17972,51.43319]],[[-0.17619,51.45451],[-0.17435,51.45381],[-0.17672,51.45477],[-0.17619,51.45451]],[[-0.15965,51.47431],[-0.16282,51.47329],[-0.16279,51.47322],[-0.15965,51.47431]],[[-0.16543,51.47217],[-0.16559,51.47265],[-0.16581,51.47308],[-0.16543,51.47217]],[[-0.17174,51.47008],[-0.17166,51.47011],[-0.17283,51.47],[-0.17174,51.47008]],[[-0.17025,51.46808],[-0.17038,51.46817],[-0.17022,51.46775],[-0.17025,51.46808]],[[-0.16542,51.46664],[-0.16563,51.46655],[-0.1685,51.46522],[-0.16542,51.46664]],[[-0.16874,51.46549],[-0.16777,51.46393],[-0.1685,51.46522],[-0.16874,51.46549]],[[-0.16476,51.46407],[-0.16579,51.46356],[-0.16465,51.4641],[-0.16777,51.46393],[-0.16476,51.46407]],[[-0.16469,51.46161],[-0.16534,51.46227],[-0.16534,51.46227],[-0.16469,51.46161]],[[-0.16252,51.46105],[-0.16129,51.46115],[-0.16321,51.46108],[-0.16252,51.46105]],[[-0.14916,51.45475],[-0.1512,51.45567],[-0.15373,51.4568],[-0.14916,51.45475]],[[-0.15571,51.45607],[-0.15488,51.45635],[-0.15373,51.4568],[-0.15571,51.45607]],[[-0.15316,51.44653],[-0.1538,51.44773],[-0.15595,51.45076],[-0.15316,51.44653]],[[-0.15448,51.44511],[-0.1519,51.44461],[-0.15202,51.44473],[-0.15448,51.44511]],[[-0.15666,51.43821],[-0.15472,51.44127],[-0.15673,51.43813],[-0.15666,51.43821]],[[-0.15751,51.43717],[-0.15745,51.43725],[-0.15853,51.43634],[-0.15751,51.43717]],[[-0.15715,51.43695],[-0.15489,51.43558],[-0.15751,51.43717],[-0.15715,51.43695]],[[-0.16093,51.43508],[-0.16178,51.4346],[-0.15853,51.43634],[-0.16093,51.43508]],[[-0.14931,51.43174],[-0.15377,51.43287],[-0.15126,51.43219],[-0.14931,51.43174]],[[-0.15568,51.43051],[-0.15391,51.42886],[-0.15588,51.43076],[-0.15636,51.43109],[-0.15568,51.43051]],[[-0.15806,51.42942],[-0.1586,51.42909],[-0.15568,51.43051],[-0.15806,51.42942]],[[-0.15886,51.42927],[-0.15615,51.42672],[-0.1586,51.42909],[-0.15886,51.42927]],[[-0.15254,51.42754],[-0.15271,51.42771],[-0.1526,51.42744],[-0.15254,51.42754]],[[-0.15234,51.42761],[-0.15182,51.42778],[-0.15254,51.42754],[-0.15234,51.42761]],[[-0.14889,51.42227],[-0.15364,51.42356],[-0.15549,51.42404],[-0.14889,51.42227]],[[-0.14945,51.42179],[-0.14889,51.42227],[-0.14889,51.42227],[-0.14945,51.42179]],[[-0.14656,51.4206],[-0.14656,51.4206],[-0.14945,51.42179],[-0.14656,51.4206]],[[-0.17921,51.46271],[-0.17971,51.46257],[-0.17962,51.46258],[-0.17921,51.46271]],[[-0.17244,51.46131],[-0.17274,51.46146],[-0.17086,51.46089],[-0.1735,51.46179],[-0.17244,51.46131]],[[-0.1712,51.46765],[-0.1717,51.46762],[-0.17119,51.46754],[-0.1712,51.46765]],[[-0.17125,51.47483],[-0.17164,51.47581],[-0.17154,51.47521],[-0.17125,51.47483]],[[-0.16785,51.47491],[-0.17057,51.4752],[-0.16846,51.4749],[-0.16785,51.47491]],[[-0.16885,51.47563],[-0.16777,51.47551],[-0.16826,51.4757],[-0.16885,51.47563]],[[-0.1605,51.44194],[-0.16082,51.44214],[-0.16164,51.44225],[-0.1605,51.44194]],[[-0.16018,51.43982],[-0.15957,51.43917],[-0.15998,51.43979],[-0.15834,51.44],[-0.16018,51.43982]],[[-0.16036,51.43168],[-0.16166,51.43079],[-0.16077,51.43122],[-0.16089,51.4313],[-0.16036,51.43168]],[[-0.16288,51.44857],[-0.16174,51.44728],[-0.16288,51.44857],[-0.16288,51.44857]],[[-0.1593,51.44825],[-0.15825,51.44692],[-0.15858,51.44734],[-0.1593,51.44825]],[[-0.15974,51.45828],[-0.16178,51.45795],[-0.16018,51.4582],[-0.15974,51.45828]],[[-0.15542,51.46389],[-0.1551,51.46356],[-0.15566,51.46432],[-0.15546,51.46389],[-0.15602,51.4638],[-0.15542,51.46389]],[[-0.15371,51.47509],[-0.15358,51.47483],[-0.15389,51.47549],[-0.15371,51.47509]],[[-0.15692,51.47026],[-0.15331,51.47183],[-0.15752,51.47002],[-0.15692,51.47026]],[[-0.15283,51.4706],[-0.15223,51.47068],[-0.15126,51.47113],[-0.15283,51.4706]],[[-0.15334,51.46703],[-0.15421,51.46697],[-0.15367,51.467],[-0.15334,51.46703]],[[-0.16012,51.46891],[-0.16012,51.46891],[-0.15981,51.46859],[-0.16012,51.46891]],[[-0.15831,51.4655],[-0.15869,51.46542],[-0.15978,51.46509],[-0.15831,51.4655]],[[-0.15986,51.4644],[-0.15986,51.4644],[-0.15978,51.46509],[-0.15986,51.4644]],[[-0.1563,51.47432],[-0.15944,51.47382],[-0.16077,51.47345],[-0.1563,51.47432]],[[-0.14538,51.47784],[-0.14802,51.47791],[-0.14464,51.4777],[-0.14538,51.47784]],[[-0.14889,51.47407],[-0.14842,51.47425],[-0.1484,51.47429],[-0.14889,51.47407]],[[-0.14036,51.47405],[-0.1395,51.47425],[-0.1401,51.47473],[-0.13958,51.4743],[-0.14036,51.47405]],[[-0.13941,51.48203],[-0.13874,51.48197],[-0.1387,51.48198],[-0.13941,51.48203]],[[-0.15058,51.43794],[-0.15058,51.43794],[-0.14966,51.43814],[-0.15058,51.43794]],[[-0.15169,51.43622],[-0.15204,51.43642],[-0.15018,51.43535],[-0.15169,51.43622]],[[-0.14958,51.43555],[-0.14695,51.43664],[-0.15018,51.43535],[-0.14958,51.43555]],[[-0.14787,51.43813],[-0.14683,51.43846],[-0.14737,51.43832],[-0.14787,51.43813]],[[-0.14937,51.44243],[-0.14912,51.44187],[-0.14737,51.43832],[-0.14937,51.44243]],[[-0.1476,51.42488],[-0.14607,51.42404],[-0.14707,51.42472],[-0.1476,51.42488]],[[-0.14406,51.42726],[-0.1435,51.42637],[-0.14284,51.42543],[-0.14406,51.42726]],[[-0.14398,51.42231],[-0.14449,51.42187],[-0.14204,51.42389],[-0.14398,51.42231]],[[-0.14094,51.42849],[-0.14097,51.42861],[-0.141,51.42723],[-0.14094,51.42849]],[[-0.14807,51.44895],[-0.14829,51.44836],[-0.14814,51.44863],[-0.14807,51.44895]],[[-0.14807,51.44895],[-0.14667,51.44919],[-0.14937,51.44894],[-0.14807,51.44895]]]}},{"type":"Feature","properties":{"n":"Westminster"},"geometry":{"type":"MultiPolygon","coordinates":[[[[-0.19212,51.50987],[-0.19308,51.51179],[-0.19404,51.51176],[-0.19505,51.51503],[-0.19394,51.51517],[-0.19919,51.51455],[-0.19992,51.51685],[-0.20075,51.51797],[-0.20146,51.5178],[-0.20302,51.51956],[-0.20365,51.52059],[-0.20104,51.5208],[-0.20057,51.52065],[-0.20149,51.52215],[-0.20158,51.52275],[-0.20357,51.52337],[-0.20422,51.52379],[-0.20582,51.52572],[-0.20728,51.52627],[-0.20727,51.52648],[-0.20729,51.52627],[-0.21213,51.52686],[-0.21549,51.52674],[-0.21601,51.52793],[-0.21581,51.52977],[-0.21524,51.52995],[-0.21512,51.53051],[-0.21528,51.53134],[-0.21082,51.53201],[-0.2102,51.53171],[-0.21072,51.53204],[-0.20812,51.53276],[-0.20309,51.53291],[-0.20149,51.52903],[-0.20297,51.5329],[-0.20197,51.53268],[-0.20098,51.53189],[-0.19819,51.53037],[-0.19778,51.5279],[-0.19652,51.5276],[-0.19298,51.53198],[-0.19235,51.53317],[-0.19287,51.53421],[-0.19146,51.53629],[-0.18875,51.53453],[-0.18761,51.53515],[-0.18465,51.53792],[-0.18085,51.53937],[-0.17887,51.53977],[-0.17391,51.53948],[-0.17412,51.5382],[-0.17345,51.53765],[-0.17196,51.53838],[-0.17086,51.5378],[-0.16952,51.5386],[-0.16831,51.53806],[-0.16494,51.53578],[-0.16669,51.535],[-0.16314,51.53647],[-0.16046,51.53728],[-0.15942,51.53636],[-0.15464,51.53736],[-0.15271,51.53752],[-0.14717,51.52504],[-0.15295,51.52402],[-0.14579,51.52527],[-0.14519,51.52403],[-0.14413,51.524],[-0.14397,51.52469],[-0.14339,51.52454],[-0.1435,51.52395],[-0.14268,51.52372],[-0.13915,51.52082],[-0.14713,51.51937],[-0.1391,51.52077],[-0.13696,51.5189],[-0.13655,51.51906],[-0.13583,51.5187],[-0.13523,51.51893],[-0.13403,51.51756],[-0.1336,51.51773],[-0.13266,51.51722],[-0.13245,51.51672],[-0.13079,51.51708],[-0.13037,51.51638],[-0.13015,51.51532],[-0.12899,51.51344],[-0.12762,51.51266],[-0.12286,51.51511],[-0.12204,51.5146],[-0.12181,51.51481],[-0.11923,51.51452],[-0.11854,51.5149],[-0.11466,51.51599],[-0.11379,51.51476],[-0.11153,51.51522],[-0.11103,51.51383],[-0.1119,51.51366],[-0.1117,51.51316],[-0.11247,51.51265],[-0.11148,51.51166],[-0.11146,51.51083],[-0.11689,51.5101],[-0.11954,51.50906],[-0.12113,51.50775],[-0.12239,51.50606],[-0.12306,51.50423],[-0.12471,51.49468],[-0.12566,51.49471],[-0.12473,51.49461],[-0.1254,51.49164],[-0.1284,51.48819],[-0.12871,51.48833],[-0.12841,51.48819],[-0.1325,51.48573],[-0.1381,51.48481],[-0.1381,51.48511],[-0.1381,51.48481],[-0.14004,51.48482],[-0.14645,51.48568],[-0.149,51.48554],[-0.14907,51.48621],[-0.14969,51.48611],[-0.14951,51.4858],[-0.15005,51.48584],[-0.15585,51.4896],[-0.15518,51.49005],[-0.15578,51.49146],[-0.15479,51.49196],[-0.15597,51.4932],[-0.155,51.49386],[-0.15599,51.4945],[-0.1553,51.49506],[-0.15568,51.49577],[-0.15602,51.49751],[-0.15785,51.49902],[-0.15848,51.50224],[-0.16121,51.50147],[-0.16292,51.50008],[-0.16556,51.49884],[-0.16578,51.49924],[-0.16775,51.4984],[-0.16809,51.49893],[-0.16877,51.49899],[-0.17409,51.49818],[-0.17955,51.49778],[-0.18031,51.50146],[-0.18424,51.50179],[-0.18791,51.51018],[-0.18278,51.51055],[-0.19021,51.51005],[-0.19212,51.50987]],[[-0.19401,51.51543],[-0.19421,51.51579],[-0.19394,51.51517],[-0.19401,51.51543]],[[-0.17455,51.51177],[-0.17603,51.51157],[-0.18278,51.51055],[-0.17455,51.51177]],[[-0.16815,51.53435],[-0.16815,51.53435],[-0.16812,51.53437],[-0.16815,51.53435]],[[-0.17455,51.52803],[-0.17353,51.52855],[-0.17386,51.52839],[-0.17455,51.52803]],[[-0.16926,51.52571],[-0.16989,51.52606],[-0.17022,51.52611],[-0.16926,51.52571]],[[-0.17027,51.52493],[-0.16958,51.52543],[-0.16926,51.52571],[-0.17027,51.52493]],[[-0.16844,51.52122],[-0.16692,51.52194],[-0.16754,51.5217],[-0.16844,51.52122]],[[-0.17017,51.51995],[-0.16432,51.52092],[-0.16713,51.52048],[-0.17017,51.51995]],[[-0.17485,51.52328],[-0.17518,51.52351],[-0.17017,51.51995],[-0.17485,51.52328]],[[-0.17406,51.52381],[-0.17451,51.52366],[-0.17485,51.52328],[-0.17406,51.52381]],[[-0.1787,51.52008],[-0.17896,51.52005],[-0.17017,51.51995],[-0.1787,51.52008]],[[-0.1691,51.51565],[-0.16897,51.51423],[-0.16905,51.51575],[-0.17027,51.51558],[-0.1691,51.51565]],[[-0.17021,51.52204],[-0.16899,51.52274],[-0.1697,51.52234],[-0.17021,51.52204]],[[-0.18407,51.53053],[-0.18817,51.53403],[-0.1843,51.53072],[-0.18407,51.53053]],[[-0.18764,51.52973],[-0.18644,51.53025],[-0.18702,51.53001],[-0.18764,51.52973]],[[-0.18315,51.52754],[-0.18517,51.52723],[-0.18462,51.52722],[-0.18315,51.52754]],[[-0.18694,51.52332],[-0.18906,51.52433],[-0.18905,51.52433],[-0.18694,51.52332]],[[-0.18731,51.52234],[-0.18778,51.5225],[-0.1874,51.52237],[-0.18731,51.52234]],[[-0.18098,51.51673],[-0.18502,51.51953],[-0.18215,51.51754],[-0.18098,51.51673]],[[-0.18283,51.51569],[-0.18193,51.5162],[-0.18098,51.51673],[-0.18283,51.51569]],[[-0.17871,51.52008],[-0.17997,51.5201],[-0.18502,51.51953],[-0.17871,51.52008]],[[-0.18916,51.51572],[-0.18745,51.5161],[-0.18692,51.51602],[-0.1874,51.51611],[-0.18502,51.51676],[-0.18916,51.51572]],[[-0.1869,51.51418],[-0.18712,51.51498],[-0.18745,51.5161],[-0.1869,51.51418]],[[-0.18702,51.51194],[-0.18677,51.51248],[-0.18731,51.51167],[-0.18702,51.51194]],[[-0.20153,51.52422],[-0.20063,51.5239],[-0.19768,51.52344],[-0.20153,51.52422]],[[-0.19961,51.52505],[-0.20116,51.52439],[-0.20153,51.52422],[-0.19961,51.52505]],[[-0.1952,51.52627],[-0.19389,51.52662],[-0.19389,51.52662],[-0.1952,51.52627]],[[-0.19366,51.52653],[-0.19268,51.52608],[-0.19347,51.52646],[-0.19366,51.52653]],[[-0.19788,51.51873],[-0.19509,51.51928],[-0.19921,51.51839],[-0.19788,51.51873]],[[-0.19301,51.51813],[-0.19112,51.51798],[-0.19249,51.51817],[-0.19301,51.51813]],[[-0.19122,51.51686],[-0.19103,51.51682],[-0.19133,51.5172],[-0.19122,51.51686]],[[-0.19064,51.51672],[-0.18911,51.51699],[-0.19065,51.51673],[-0.19064,51.51672]],[[-0.18739,51.51159],[-0.18739,51.5116],[-0.18759,51.51276],[-0.18739,51.51159]],[[-0.1935,51.52207],[-0.19407,51.52185],[-0.19341,51.52197],[-0.1935,51.52207]],[[-0.193,51.52226],[-0.193,51.52226],[-0.19248,51.5218],[-0.193,51.52226]],[[-0.19343,51.52274],[-0.1936,51.52258],[-0.19154,51.5233],[-0.19343,51.52274]],[[-0.19006,51.52378],[-0.19022,51.52336],[-0.19127,51.52313],[-0.19012,51.52336],[-0.19006,51.52378]],[[-0.20766,51.52869],[-0.21158,51.5291],[-0.21196,51.52914],[-0.20766,51.52869]],[[-0.20411,51.53099],[-0.20411,51.53099],[-0.20355,51.52968],[-0.20411,51.53099]],[[-0.20487,51.526],[-0.20488,51.526],[-0.20404,51.52564],[-0.20487,51.526]],[[-0.20372,51.52719],[-0.20342,51.52898],[-0.20404,51.52564],[-0.20372,51.52719]],[[-0.19738,51.52587],[-0.19897,51.52649],[-0.19781,51.52594],[-0.19738,51.52587]],[[-0.20661,51.53157],[-0.20967,51.53218],[-0.20867,51.53186],[-0.20661,51.53157]],[[-0.18403,51.52385],[-0.18365,51.52411],[-0.18403,51.52385],[-0.18403,51.52385]],[[-0.17839,51.52588],[-0.17794,51.52547],[-0.17744,51.52512],[-0.17827,51.52578],[-0.17839,51.52588]],[[-0.17758,51.51601],[-0.17925,51.51722],[-0.17802,51.51632],[-0.17758,51.51601]],[[-0.17491,51.51598],[-0.17334,51.51482],[-0.17233,51.51413],[-0.17491,51.51598]],[[-0.18395,51.51439],[-0.18395,51.51439],[-0.1833,51.51234],[-0.18395,51.51439]],[[-0.18363,51.51218],[-0.18243,51.5125],[-0.1833,51.51234],[-0.18363,51.51218]],[[-0.1796,51.51307],[-0.18222,51.5122],[-0.18145,51.5124],[-0.1796,51.51307]],[[-0.1801,51.52735],[-0.18025,51.52748],[-0.18143,51.5284],[-0.1801,51.52735]],[[-0.17229,51.52493],[-0.17158,51.52495],[-0.17264,51.52502],[-0.17137,51.52419],[-0.17229,51.52493]],[[-0.17856,51.53429],[-0.17895,51.53411],[-0.18044,51.53324],[-0.17856,51.53429]],[[-0.14758,51.51553],[-0.14527,51.51593],[-0.14694,51.51564],[-0.14758,51.51553]],[[-0.15837,51.51341],[-0.15071,51.51422],[-0.14897,51.51443],[-0.15595,51.51372],[-0.15837,51.51341]],[[-0.15801,51.51812],[-0.15775,51.51754],[-0.15595,51.51372],[-0.15801,51.51812]],[[-0.14832,51.51268],[-0.14867,51.51335],[-0.14805,51.51213],[-0.14832,51.51268]],[[-0.15013,51.51176],[-0.14845,51.51193],[-0.14805,51.51213],[-0.15013,51.51176]],[[-0.15124,51.50405],[-0.15063,51.5059],[-0.15093,51.50539],[-0.15124,51.50405]],[[-0.14876,51.50002],[-0.1516,51.50186],[-0.15117,51.50155],[-0.14876,51.50002]],[[-0.14831,51.49495],[-0.14628,51.49723],[-0.14841,51.49487],[-0.14831,51.49495]],[[-0.14789,51.49255],[-0.14787,51.49257],[-0.15021,51.4933],[-0.14789,51.49255]],[[-0.14346,51.48758],[-0.14547,51.48858],[-0.14648,51.48905],[-0.1464,51.48901],[-0.14346,51.48758]],[[-0.14289,51.48758],[-0.14137,51.48777],[-0.13851,51.48813],[-0.14346,51.48758],[-0.14289,51.48758]],[[-0.16643,51.51742],[-0.16643,51.51742],[-0.16667,51.51766],[-0.16643,51.51742]],[[-0.15966,51.51673],[-0.16103,51.51857],[-0.16103,51.51857],[-0.15966,51.51673]],[[-0.14998,51.48774],[-0.1501,51.48789],[-0.14964,51.48796],[-0.15096,51.48814],[-0.14998,51.48774]],[[-0.14762,51.48678],[-0.14774,51.48682],[-0.14763,51.48678],[-0.14762,51.48678]],[[-0.15266,51.49673],[-0.1503,51.49805],[-0.15195,51.49714],[-0.15266,51.49673]],[[-0.16569,51.5169],[-0.16655,51.5164],[-0.16569,51.5169],[-0.16569,51.5169]],[[-0.16519,51.52233],[-0.16736,51.52404],[-0.16676,51.52354],[-0.16519,51.52233]],[[-0.1624,51.52232],[-0.16158,51.52245],[-0.1638,51.5221],[-0.1624,51.52232]],[[-0.16127,51.52569],[-0.16029,51.52517],[-0.16052,51.5247],[-0.1602,51.52512],[-0.15847,51.52423],[-0.16127,51.52569]],[[-0.16397,51.52516],[-0.16633,51.52459],[-0.16127,51.52569],[-0.16397,51.52516]],[[-0.16467,51.52615],[-0.16553,51.52689],[-0.16731,51.52833],[-0.1651,51.52651],[-0.16397,51.52516],[-0.16467,51.52615]],[[-0.15255,51.52309],[-0.15754,51.52214],[-0.15124,51.52319],[-0.15255,51.52309]],[[-0.16202,51.51877],[-0.16192,51.51916],[-0.16235,51.51849],[-0.16202,51.51877]],[[-0.16607,51.52514],[-0.16635,51.52556],[-0.1664,51.52555],[-0.16607,51.52514]],[[-0.16698,51.53175],[-0.16714,51.53109],[-0.16653,51.53261],[-0.16698,51.53175]],[[-0.14503,51.48566],[-0.14013,51.48491],[-0.14254,51.48532],[-0.14503,51.48566]],[[-0.14124,51.49456],[-0.14117,51.49452],[-0.1421,51.49553],[-0.14124,51.49456]],[[-0.13817,51.49283],[-0.13813,51.49281],[-0.13803,51.49276],[-0.13817,51.49283]],[[-0.13328,51.49372],[-0.13372,51.49306],[-0.1331,51.49388],[-0.13328,51.49372]],[[-0.1314,51.49244],[-0.13162,51.49187],[-0.13119,51.49298],[-0.1314,51.49244]],[[-0.13037,51.49274],[-0.1306,51.492],[-0.13043,51.49225],[-0.13037,51.49274]],[[-0.13864,51.48839],[-0.13985,51.48896],[-0.13853,51.48818],[-0.13864,51.48839]],[[-0.13829,51.49042],[-0.13756,51.4911],[-0.13851,51.49021],[-0.13829,51.49042]],[[-0.13561,51.48985],[-0.13552,51.48986],[-0.13683,51.49043],[-0.13561,51.48985]],[[-0.13724,51.48834],[-0.13829,51.48771],[-0.13829,51.48771],[-0.13724,51.48834]],[[-0.14224,51.49008],[-0.14105,51.48952],[-0.1431,51.49049],[-0.14224,51.49008]],[[-0.13489,51.49124],[-0.13544,51.49063],[-0.13489,51.49124],[-0.13489,51.49124]],[[-0.1304,51.49118],[-0.13073,51.49156],[-0.13074,51.49152],[-0.1304,51.49118]],[[-0.1211,51.50799],[-0.12321,51.50817],[-0.12239,51.50798],[-0.1211,51.50799]],[[-0.12042,51.50862],[-0.1195,51.50972],[-0.1211,51.50799],[-0.12042,51.50862]],[[-0.14245,51.4966],[-0.14482,51.49672],[-0.14261,51.49658],[-0.14245,51.4966]],[[-0.13846,51.49499],[-0.13946,51.49391],[-0.13696,51.4962],[-0.13846,51.49499]],[[-0.13815,51.49714],[-0.13728,51.49725],[-0.13558,51.49753],[-0.13815,51.49714]],[[-0.13456,51.49532],[-0.13517,51.49605],[-0.13413,51.49461],[-0.13456,51.49532]],[[-0.13252,51.49839],[-0.12977,51.49936],[-0.1293,51.49954],[-0.13252,51.49839]],[[-0.1339,51.51079],[-0.1348,51.50972],[-0.13305,51.51147],[-0.1339,51.51079]],[[-0.14023,51.5163],[-0.13883,51.5165],[-0.13967,51.51641],[-0.14023,51.5163]],[[-0.13843,51.51584],[-0.13728,51.51651],[-0.13728,51.51651],[-0.13843,51.51584]]],[[[-0.14948,51.48584],[-0.14944,51.48579],[-0.14951,51.4858],[-0.14948,51.48584]]]]}}]}